level,method,k,activity,support,metric,users,observed_pairs_all_cell_users,unique_movies,comparable_rating_pairs,mean,status
25,ALS,0,0,0,mse,38,207,173,2304,1.9481532164329654,DESCRIPTIVE
25,ALS,0,0,0,pa,17,207,173,2304,0.5,DESCRIPTIVE_SMALL_N
25,ALS,0,0,1_9,mse,34,487,446,35482,1.4012232288410253,DESCRIPTIVE
25,ALS,0,0,1_9,pa,14,487,446,35482,0.5,DESCRIPTIVE_SMALL_N
25,ALS,0,0,10_49,mse,47,832,638,51867,1.1160522330686218,DESCRIPTIVE
25,ALS,0,0,10_49,pa,32,832,638,51867,0.5,DESCRIPTIVE
25,ALS,0,0,50_PLUS,mse,84,11603,3293,2564251,1.0642554787433889,DESCRIPTIVE
25,ALS,0,0,50_PLUS,pa,84,11603,3293,2564251,0.5,DESCRIPTIVE
25,ALS,0,1_9,0,mse,0,0,0,0,,NO_DATA
25,ALS,0,1_9,0,pa,0,0,0,0,,NO_DATA
25,ALS,0,1_9,1_9,mse,0,0,0,0,,NO_DATA
25,ALS,0,1_9,1_9,pa,0,0,0,0,,NO_DATA
25,ALS,0,1_9,10_49,mse,0,0,0,0,,NO_DATA
25,ALS,0,1_9,10_49,pa,0,0,0,0,,NO_DATA
25,ALS,0,1_9,50_PLUS,mse,1,143,143,8012,0.9259770093180203,DESCRIPTIVE_SMALL_N
25,ALS,0,1_9,50_PLUS,pa,1,143,143,8012,0.5,DESCRIPTIVE_SMALL_N
25,ALS,0,10_29,0,mse,0,0,0,0,,NO_DATA
25,ALS,0,10_29,0,pa,0,0,0,0,,NO_DATA
25,ALS,0,10_29,1_9,mse,0,0,0,0,,NO_DATA
25,ALS,0,10_29,1_9,pa,0,0,0,0,,NO_DATA
25,ALS,0,10_29,10_49,mse,0,0,0,0,,NO_DATA
25,ALS,0,10_29,10_49,pa,0,0,0,0,,NO_DATA
25,ALS,0,10_29,50_PLUS,mse,3,66,62,761,0.4913283266443564,DESCRIPTIVE_SMALL_N
25,ALS,0,10_29,50_PLUS,pa,3,66,62,761,0.5,DESCRIPTIVE_SMALL_N
25,ALS,0,30_99,0,mse,9,30,25,77,0.9731815542130895,DESCRIPTIVE_SMALL_N
25,ALS,0,30_99,0,pa,5,30,25,77,0.5,DESCRIPTIVE_SMALL_N
25,ALS,0,30_99,1_9,mse,7,14,14,10,0.8271416188866277,DESCRIPTIVE_SMALL_N
25,ALS,0,30_99,1_9,pa,3,14,14,10,0.5,DESCRIPTIVE_SMALL_N
25,ALS,0,30_99,10_49,mse,12,35,33,98,0.7154298855871698,DESCRIPTIVE_SMALL_N
25,ALS,0,30_99,10_49,pa,6,35,33,98,0.5,DESCRIPTIVE_SMALL_N
25,ALS,0,30_99,50_PLUS,mse,24,457,365,8907,0.9790084244989806,DESCRIPTIVE_SMALL_N
25,ALS,0,30_99,50_PLUS,pa,22,457,365,8907,0.5,DESCRIPTIVE_SMALL_N
25,ALS,0,100_299,0,mse,18,66,59,271,0.9836650585495037,DESCRIPTIVE_SMALL_N
25,ALS,0,100_299,0,pa,8,66,59,271,0.5,DESCRIPTIVE_SMALL_N
25,ALS,0,100_299,1_9,mse,15,71,67,275,1.5370492207695627,DESCRIPTIVE_SMALL_N
25,ALS,0,100_299,1_9,pa,7,71,67,275,0.5,DESCRIPTIVE_SMALL_N
25,ALS,0,100_299,10_49,mse,20,92,75,299,0.7565844015024765,DESCRIPTIVE_SMALL_N
25,ALS,0,100_299,10_49,pa,15,92,75,299,0.5,DESCRIPTIVE_SMALL_N
25,ALS,0,100_299,50_PLUS,mse,46,697,566,18807,0.784740003913146,DESCRIPTIVE
25,ALS,0,100_299,50_PLUS,pa,39,697,566,18807,0.5,DESCRIPTIVE
25,ALS,0,300_PLUS,0,mse,68,509,396,5206,0.8602075237819818,DESCRIPTIVE
25,ALS,0,300_PLUS,0,pa,48,509,396,5206,0.5,DESCRIPTIVE
25,ALS,0,300_PLUS,1_9,mse,66,655,547,13602,0.9304778569109667,DESCRIPTIVE
25,ALS,0,300_PLUS,1_9,pa,43,655,547,13602,0.5,DESCRIPTIVE
25,ALS,0,300_PLUS,10_49,mse,85,743,513,6510,0.9214784846169022,DESCRIPTIVE
25,ALS,0,300_PLUS,10_49,pa,69,743,513,6510,0.5,DESCRIPTIVE
25,ALS,0,300_PLUS,50_PLUS,mse,107,2253,1638,45123,0.7959270788427578,DESCRIPTIVE
25,ALS,0,300_PLUS,50_PLUS,pa,92,2253,1638,45123,0.5,DESCRIPTIVE
25,ALS,1,0,0,mse,0,0,0,0,,NO_DATA
25,ALS,1,0,0,pa,0,0,0,0,,NO_DATA
25,ALS,1,0,1_9,mse,0,0,0,0,,NO_DATA
25,ALS,1,0,1_9,pa,0,0,0,0,,NO_DATA
25,ALS,1,0,10_49,mse,0,0,0,0,,NO_DATA
25,ALS,1,0,10_49,pa,0,0,0,0,,NO_DATA
25,ALS,1,0,50_PLUS,mse,0,0,0,0,,NO_DATA
25,ALS,1,0,50_PLUS,pa,0,0,0,0,,NO_DATA
25,ALS,1,1_9,0,mse,0,0,0,0,,NO_DATA
25,ALS,1,1_9,0,pa,0,0,0,0,,NO_DATA
25,ALS,1,1_9,1_9,mse,0,0,0,0,,NO_DATA
25,ALS,1,1_9,1_9,pa,0,0,0,0,,NO_DATA
25,ALS,1,1_9,10_49,mse,0,0,0,0,,NO_DATA
25,ALS,1,1_9,10_49,pa,0,0,0,0,,NO_DATA
25,ALS,1,1_9,50_PLUS,mse,1,143,143,8012,1.3028228864022962,DESCRIPTIVE_SMALL_N
25,ALS,1,1_9,50_PLUS,pa,1,143,143,8012,0.6052171742386421,DESCRIPTIVE_SMALL_N
25,ALS,1,10_29,0,mse,0,0,0,0,,NO_DATA
25,ALS,1,10_29,0,pa,0,0,0,0,,NO_DATA
25,ALS,1,10_29,1_9,mse,0,0,0,0,,NO_DATA
25,ALS,1,10_29,1_9,pa,0,0,0,0,,NO_DATA
25,ALS,1,10_29,10_49,mse,0,0,0,0,,NO_DATA
25,ALS,1,10_29,10_49,pa,0,0,0,0,,NO_DATA
25,ALS,1,10_29,50_PLUS,mse,3,66,62,761,1.0316595180114627,DESCRIPTIVE_SMALL_N
25,ALS,1,10_29,50_PLUS,pa,3,66,62,761,0.43563921063921063,DESCRIPTIVE_SMALL_N
25,ALS,1,30_99,0,mse,9,30,25,77,0.7632313817691241,DESCRIPTIVE_SMALL_N
25,ALS,1,30_99,0,pa,5,30,25,77,0.5,DESCRIPTIVE_SMALL_N
25,ALS,1,30_99,1_9,mse,7,14,14,10,3.1344293833519727,DESCRIPTIVE_SMALL_N
25,ALS,1,30_99,1_9,pa,3,14,14,10,0.3666666666666667,DESCRIPTIVE_SMALL_N
25,ALS,1,30_99,10_49,mse,12,35,33,98,2.731169440542601,DESCRIPTIVE_SMALL_N
25,ALS,1,30_99,10_49,pa,6,35,33,98,0.786449864498645,DESCRIPTIVE_SMALL_N
25,ALS,1,30_99,50_PLUS,mse,24,457,365,8907,2.450119825161303,DESCRIPTIVE_SMALL_N
25,ALS,1,30_99,50_PLUS,pa,22,457,365,8907,0.6523337169127993,DESCRIPTIVE_SMALL_N
25,ALS,1,100_299,0,mse,18,66,59,271,0.9001823113764669,DESCRIPTIVE_SMALL_N
25,ALS,1,100_299,0,pa,8,66,59,271,0.5,DESCRIPTIVE_SMALL_N
25,ALS,1,100_299,1_9,mse,15,71,67,275,2.390823508899089,DESCRIPTIVE_SMALL_N
25,ALS,1,100_299,1_9,pa,7,71,67,275,0.5280738266484704,DESCRIPTIVE_SMALL_N
25,ALS,1,100_299,10_49,mse,20,92,75,299,2.1417150544569807,DESCRIPTIVE_SMALL_N
25,ALS,1,100_299,10_49,pa,15,92,75,299,0.5486167916382639,DESCRIPTIVE_SMALL_N
25,ALS,1,100_299,50_PLUS,mse,46,697,566,18807,1.909414509231645,DESCRIPTIVE
25,ALS,1,100_299,50_PLUS,pa,39,697,566,18807,0.585400360399833,DESCRIPTIVE
25,ALS,1,300_PLUS,0,mse,68,509,396,5206,0.7860262994929251,DESCRIPTIVE
25,ALS,1,300_PLUS,0,pa,48,509,396,5206,0.5,DESCRIPTIVE
25,ALS,1,300_PLUS,1_9,mse,66,655,547,13602,2.095879087038936,DESCRIPTIVE
25,ALS,1,300_PLUS,1_9,pa,43,655,547,13602,0.5135535662587117,DESCRIPTIVE
25,ALS,1,300_PLUS,10_49,mse,85,743,513,6510,1.7047818697599664,DESCRIPTIVE
25,ALS,1,300_PLUS,10_49,pa,69,743,513,6510,0.5699846938839271,DESCRIPTIVE
25,ALS,1,300_PLUS,50_PLUS,mse,107,2253,1638,45123,1.5986424888438135,DESCRIPTIVE
25,ALS,1,300_PLUS,50_PLUS,pa,92,2253,1638,45123,0.5768674398597117,DESCRIPTIVE
25,ALS,5,0,0,mse,0,0,0,0,,NO_DATA
25,ALS,5,0,0,pa,0,0,0,0,,NO_DATA
25,ALS,5,0,1_9,mse,0,0,0,0,,NO_DATA
25,ALS,5,0,1_9,pa,0,0,0,0,,NO_DATA
25,ALS,5,0,10_49,mse,0,0,0,0,,NO_DATA
25,ALS,5,0,10_49,pa,0,0,0,0,,NO_DATA
25,ALS,5,0,50_PLUS,mse,0,0,0,0,,NO_DATA
25,ALS,5,0,50_PLUS,pa,0,0,0,0,,NO_DATA
25,ALS,5,1_9,0,mse,0,0,0,0,,NO_DATA
25,ALS,5,1_9,0,pa,0,0,0,0,,NO_DATA
25,ALS,5,1_9,1_9,mse,0,0,0,0,,NO_DATA
25,ALS,5,1_9,1_9,pa,0,0,0,0,,NO_DATA
25,ALS,5,1_9,10_49,mse,0,0,0,0,,NO_DATA
25,ALS,5,1_9,10_49,pa,0,0,0,0,,NO_DATA
25,ALS,5,1_9,50_PLUS,mse,0,0,0,0,,NO_DATA
25,ALS,5,1_9,50_PLUS,pa,0,0,0,0,,NO_DATA
25,ALS,5,10_29,0,mse,0,0,0,0,,NO_DATA
25,ALS,5,10_29,0,pa,0,0,0,0,,NO_DATA
25,ALS,5,10_29,1_9,mse,0,0,0,0,,NO_DATA
25,ALS,5,10_29,1_9,pa,0,0,0,0,,NO_DATA
25,ALS,5,10_29,10_49,mse,0,0,0,0,,NO_DATA
25,ALS,5,10_29,10_49,pa,0,0,0,0,,NO_DATA
25,ALS,5,10_29,50_PLUS,mse,3,66,62,761,0.9968838682481999,DESCRIPTIVE_SMALL_N
25,ALS,5,10_29,50_PLUS,pa,3,66,62,761,0.5541988416988417,DESCRIPTIVE_SMALL_N
25,ALS,5,30_99,0,mse,9,30,25,77,0.7739909442816623,DESCRIPTIVE_SMALL_N
25,ALS,5,30_99,0,pa,5,30,25,77,0.5,DESCRIPTIVE_SMALL_N
25,ALS,5,30_99,1_9,mse,7,14,14,10,1.1934753473273803,DESCRIPTIVE_SMALL_N
25,ALS,5,30_99,1_9,pa,3,14,14,10,0.3,DESCRIPTIVE_SMALL_N
25,ALS,5,30_99,10_49,mse,12,35,33,98,1.4658069264423201,DESCRIPTIVE_SMALL_N
25,ALS,5,30_99,10_49,pa,6,35,33,98,0.6128726287262872,DESCRIPTIVE_SMALL_N
25,ALS,5,30_99,50_PLUS,mse,24,457,365,8907,0.8433500092925416,DESCRIPTIVE_SMALL_N
25,ALS,5,30_99,50_PLUS,pa,22,457,365,8907,0.636375638355042,DESCRIPTIVE_SMALL_N
25,ALS,5,100_299,0,mse,18,66,59,271,0.9445144123900963,DESCRIPTIVE_SMALL_N
25,ALS,5,100_299,0,pa,8,66,59,271,0.5,DESCRIPTIVE_SMALL_N
25,ALS,5,100_299,1_9,mse,15,71,67,275,1.7270996325939294,DESCRIPTIVE_SMALL_N
25,ALS,5,100_299,1_9,pa,7,71,67,275,0.5279572015881094,DESCRIPTIVE_SMALL_N
25,ALS,5,100_299,10_49,mse,20,92,75,299,0.9204755898902203,DESCRIPTIVE_SMALL_N
25,ALS,5,100_299,10_49,pa,15,92,75,299,0.6670040899795501,DESCRIPTIVE_SMALL_N
25,ALS,5,100_299,50_PLUS,mse,46,697,566,18807,0.9844263418528701,DESCRIPTIVE
25,ALS,5,100_299,50_PLUS,pa,39,697,566,18807,0.6160937819181398,DESCRIPTIVE
25,ALS,5,300_PLUS,0,mse,68,509,396,5206,0.7015889356567597,DESCRIPTIVE
25,ALS,5,300_PLUS,0,pa,48,509,396,5206,0.5,DESCRIPTIVE
25,ALS,5,300_PLUS,1_9,mse,66,655,547,13602,1.4622055374769036,DESCRIPTIVE
25,ALS,5,300_PLUS,1_9,pa,43,655,547,13602,0.5275115595147439,DESCRIPTIVE
25,ALS,5,300_PLUS,10_49,mse,85,743,513,6510,0.9620634549191045,DESCRIPTIVE
25,ALS,5,300_PLUS,10_49,pa,69,743,513,6510,0.6082165718287154,DESCRIPTIVE
25,ALS,5,300_PLUS,50_PLUS,mse,107,2253,1638,45123,0.7892794863116802,DESCRIPTIVE
25,ALS,5,300_PLUS,50_PLUS,pa,92,2253,1638,45123,0.5915605389869687,DESCRIPTIVE
25,ALS,10,0,0,mse,0,0,0,0,,NO_DATA
25,ALS,10,0,0,pa,0,0,0,0,,NO_DATA
25,ALS,10,0,1_9,mse,0,0,0,0,,NO_DATA
25,ALS,10,0,1_9,pa,0,0,0,0,,NO_DATA
25,ALS,10,0,10_49,mse,0,0,0,0,,NO_DATA
25,ALS,10,0,10_49,pa,0,0,0,0,,NO_DATA
25,ALS,10,0,50_PLUS,mse,0,0,0,0,,NO_DATA
25,ALS,10,0,50_PLUS,pa,0,0,0,0,,NO_DATA
25,ALS,10,1_9,0,mse,0,0,0,0,,NO_DATA
25,ALS,10,1_9,0,pa,0,0,0,0,,NO_DATA
25,ALS,10,1_9,1_9,mse,0,0,0,0,,NO_DATA
25,ALS,10,1_9,1_9,pa,0,0,0,0,,NO_DATA
25,ALS,10,1_9,10_49,mse,0,0,0,0,,NO_DATA
25,ALS,10,1_9,10_49,pa,0,0,0,0,,NO_DATA
25,ALS,10,1_9,50_PLUS,mse,0,0,0,0,,NO_DATA
25,ALS,10,1_9,50_PLUS,pa,0,0,0,0,,NO_DATA
25,ALS,10,10_29,0,mse,0,0,0,0,,NO_DATA
25,ALS,10,10_29,0,pa,0,0,0,0,,NO_DATA
25,ALS,10,10_29,1_9,mse,0,0,0,0,,NO_DATA
25,ALS,10,10_29,1_9,pa,0,0,0,0,,NO_DATA
25,ALS,10,10_29,10_49,mse,0,0,0,0,,NO_DATA
25,ALS,10,10_29,10_49,pa,0,0,0,0,,NO_DATA
25,ALS,10,10_29,50_PLUS,mse,3,66,62,761,0.9907939866716319,DESCRIPTIVE_SMALL_N
25,ALS,10,10_29,50_PLUS,pa,3,66,62,761,0.6833655083655082,DESCRIPTIVE_SMALL_N
25,ALS,10,30_99,0,mse,9,30,25,77,0.7864367814627032,DESCRIPTIVE_SMALL_N
25,ALS,10,30_99,0,pa,5,30,25,77,0.5,DESCRIPTIVE_SMALL_N
25,ALS,10,30_99,1_9,mse,7,14,14,10,1.1295066410144352,DESCRIPTIVE_SMALL_N
25,ALS,10,30_99,1_9,pa,3,14,14,10,0.19999999999999998,DESCRIPTIVE_SMALL_N
25,ALS,10,30_99,10_49,mse,12,35,33,98,1.1936155422724974,DESCRIPTIVE_SMALL_N
25,ALS,10,30_99,10_49,pa,6,35,33,98,0.8502710027100271,DESCRIPTIVE_SMALL_N
25,ALS,10,30_99,50_PLUS,mse,24,457,365,8907,0.7605522482479676,DESCRIPTIVE_SMALL_N
25,ALS,10,30_99,50_PLUS,pa,22,457,365,8907,0.6334411955506754,DESCRIPTIVE_SMALL_N
25,ALS,10,100_299,0,mse,18,66,59,271,0.9658399013275581,DESCRIPTIVE_SMALL_N
25,ALS,10,100_299,0,pa,8,66,59,271,0.5,DESCRIPTIVE_SMALL_N
25,ALS,10,100_299,1_9,mse,15,71,67,275,1.349902732226575,DESCRIPTIVE_SMALL_N
25,ALS,10,100_299,1_9,pa,7,71,67,275,0.5078861123872377,DESCRIPTIVE_SMALL_N
25,ALS,10,100_299,10_49,mse,20,92,75,299,0.7574763827873323,DESCRIPTIVE_SMALL_N
25,ALS,10,100_299,10_49,pa,15,92,75,299,0.7050986991592819,DESCRIPTIVE_SMALL_N
25,ALS,10,100_299,50_PLUS,mse,46,697,566,18807,0.794727168697287,DESCRIPTIVE
25,ALS,10,100_299,50_PLUS,pa,39,697,566,18807,0.6143348341744453,DESCRIPTIVE
25,ALS,10,300_PLUS,0,mse,68,509,396,5206,0.6599644759769676,DESCRIPTIVE
25,ALS,10,300_PLUS,0,pa,48,509,396,5206,0.5,DESCRIPTIVE
25,ALS,10,300_PLUS,1_9,mse,66,655,547,13602,1.3300324526473855,DESCRIPTIVE
25,ALS,10,300_PLUS,1_9,pa,43,655,547,13602,0.5411030705164798,DESCRIPTIVE
25,ALS,10,300_PLUS,10_49,mse,85,743,513,6510,0.7677129956989198,DESCRIPTIVE
25,ALS,10,300_PLUS,10_49,pa,69,743,513,6510,0.5977555392043661,DESCRIPTIVE
25,ALS,10,300_PLUS,50_PLUS,mse,107,2253,1638,45123,0.5778396572812244,DESCRIPTIVE
25,ALS,10,300_PLUS,50_PLUS,pa,92,2253,1638,45123,0.6205763836236934,DESCRIPTIVE
25,ALS,30,0,0,mse,0,0,0,0,,NO_DATA
25,ALS,30,0,0,pa,0,0,0,0,,NO_DATA
25,ALS,30,0,1_9,mse,0,0,0,0,,NO_DATA
25,ALS,30,0,1_9,pa,0,0,0,0,,NO_DATA
25,ALS,30,0,10_49,mse,0,0,0,0,,NO_DATA
25,ALS,30,0,10_49,pa,0,0,0,0,,NO_DATA
25,ALS,30,0,50_PLUS,mse,0,0,0,0,,NO_DATA
25,ALS,30,0,50_PLUS,pa,0,0,0,0,,NO_DATA
25,ALS,30,1_9,0,mse,0,0,0,0,,NO_DATA
25,ALS,30,1_9,0,pa,0,0,0,0,,NO_DATA
25,ALS,30,1_9,1_9,mse,0,0,0,0,,NO_DATA
25,ALS,30,1_9,1_9,pa,0,0,0,0,,NO_DATA
25,ALS,30,1_9,10_49,mse,0,0,0,0,,NO_DATA
25,ALS,30,1_9,10_49,pa,0,0,0,0,,NO_DATA
25,ALS,30,1_9,50_PLUS,mse,0,0,0,0,,NO_DATA
25,ALS,30,1_9,50_PLUS,pa,0,0,0,0,,NO_DATA
25,ALS,30,10_29,0,mse,0,0,0,0,,NO_DATA
25,ALS,30,10_29,0,pa,0,0,0,0,,NO_DATA
25,ALS,30,10_29,1_9,mse,0,0,0,0,,NO_DATA
25,ALS,30,10_29,1_9,pa,0,0,0,0,,NO_DATA
25,ALS,30,10_29,10_49,mse,0,0,0,0,,NO_DATA
25,ALS,30,10_29,10_49,pa,0,0,0,0,,NO_DATA
25,ALS,30,10_29,50_PLUS,mse,0,0,0,0,,NO_DATA
25,ALS,30,10_29,50_PLUS,pa,0,0,0,0,,NO_DATA
25,ALS,30,30_99,0,mse,9,30,25,77,0.7464637808794493,DESCRIPTIVE_SMALL_N
25,ALS,30,30_99,0,pa,5,30,25,77,0.5,DESCRIPTIVE_SMALL_N
25,ALS,30,30_99,1_9,mse,7,14,14,10,0.898697293655084,DESCRIPTIVE_SMALL_N
25,ALS,30,30_99,1_9,pa,3,14,14,10,0.19999999999999998,DESCRIPTIVE_SMALL_N
25,ALS,30,30_99,10_49,mse,12,35,33,98,0.9166477670023171,DESCRIPTIVE_SMALL_N
25,ALS,30,30_99,10_49,pa,6,35,33,98,0.7769647696476963,DESCRIPTIVE_SMALL_N
25,ALS,30,30_99,50_PLUS,mse,24,457,365,8907,0.5621411669436296,DESCRIPTIVE_SMALL_N
25,ALS,30,30_99,50_PLUS,pa,22,457,365,8907,0.6514554653887927,DESCRIPTIVE_SMALL_N
25,ALS,30,100_299,0,mse,18,66,59,271,1.0013284437995453,DESCRIPTIVE_SMALL_N
25,ALS,30,100_299,0,pa,8,66,59,271,0.5,DESCRIPTIVE_SMALL_N
25,ALS,30,100_299,1_9,mse,15,71,67,275,1.267552837122263,DESCRIPTIVE_SMALL_N
25,ALS,30,100_299,1_9,pa,7,71,67,275,0.5093966548580202,DESCRIPTIVE_SMALL_N
25,ALS,30,100_299,10_49,mse,20,92,75,299,0.7822024272076479,DESCRIPTIVE_SMALL_N
25,ALS,30,100_299,10_49,pa,15,92,75,299,0.6825292547148375,DESCRIPTIVE_SMALL_N
25,ALS,30,100_299,50_PLUS,mse,46,697,566,18807,0.6647677812286479,DESCRIPTIVE
25,ALS,30,100_299,50_PLUS,pa,39,697,566,18807,0.6259907938878069,DESCRIPTIVE
25,ALS,30,300_PLUS,0,mse,68,509,396,5206,0.6638998862786895,DESCRIPTIVE
25,ALS,30,300_PLUS,0,pa,48,509,396,5206,0.5,DESCRIPTIVE
25,ALS,30,300_PLUS,1_9,mse,66,655,547,13602,1.2716967759370141,DESCRIPTIVE
25,ALS,30,300_PLUS,1_9,pa,43,655,547,13602,0.5464748429066076,DESCRIPTIVE
25,ALS,30,300_PLUS,10_49,mse,85,743,513,6510,0.7119968765955992,DESCRIPTIVE
25,ALS,30,300_PLUS,10_49,pa,69,743,513,6510,0.6077505266658231,DESCRIPTIVE
25,ALS,30,300_PLUS,50_PLUS,mse,107,2253,1638,45123,0.5221498950403305,DESCRIPTIVE
25,ALS,30,300_PLUS,50_PLUS,pa,92,2253,1638,45123,0.6323458661290978,DESCRIPTIVE
25,FM,0,0,0,mse,38,207,173,2304,1.6962127506054843,DESCRIPTIVE
25,FM,0,0,0,pa,17,207,173,2304,0.669035872025558,DESCRIPTIVE_SMALL_N
25,FM,0,0,1_9,mse,34,487,446,35482,1.2605708709993813,DESCRIPTIVE
25,FM,0,0,1_9,pa,14,487,446,35482,0.5350946716609309,DESCRIPTIVE_SMALL_N
25,FM,0,0,10_49,mse,47,832,638,51867,1.095033521076495,DESCRIPTIVE
25,FM,0,0,10_49,pa,32,832,638,51867,0.5933287260280888,DESCRIPTIVE
25,FM,0,0,50_PLUS,mse,84,11603,3293,2564251,0.9978718403288352,DESCRIPTIVE
25,FM,0,0,50_PLUS,pa,84,11603,3293,2564251,0.5778254171773678,DESCRIPTIVE
25,FM,0,1_9,0,mse,0,0,0,0,,NO_DATA
25,FM,0,1_9,0,pa,0,0,0,0,,NO_DATA
25,FM,0,1_9,1_9,mse,0,0,0,0,,NO_DATA
25,FM,0,1_9,1_9,pa,0,0,0,0,,NO_DATA
25,FM,0,1_9,10_49,mse,0,0,0,0,,NO_DATA
25,FM,0,1_9,10_49,pa,0,0,0,0,,NO_DATA
25,FM,0,1_9,50_PLUS,mse,1,143,143,8012,0.9150318291606108,DESCRIPTIVE_SMALL_N
25,FM,0,1_9,50_PLUS,pa,1,143,143,8012,0.5645282076884673,DESCRIPTIVE_SMALL_N
25,FM,0,10_29,0,mse,0,0,0,0,,NO_DATA
25,FM,0,10_29,0,pa,0,0,0,0,,NO_DATA
25,FM,0,10_29,1_9,mse,0,0,0,0,,NO_DATA
25,FM,0,10_29,1_9,pa,0,0,0,0,,NO_DATA
25,FM,0,10_29,10_49,mse,0,0,0,0,,NO_DATA
25,FM,0,10_29,10_49,pa,0,0,0,0,,NO_DATA
25,FM,0,10_29,50_PLUS,mse,3,66,62,761,0.4962058103046747,DESCRIPTIVE_SMALL_N
25,FM,0,10_29,50_PLUS,pa,3,66,62,761,0.43058773058773053,DESCRIPTIVE_SMALL_N
25,FM,0,30_99,0,mse,9,30,25,77,0.7949404333951615,DESCRIPTIVE_SMALL_N
25,FM,0,30_99,0,pa,5,30,25,77,0.7318749999999999,DESCRIPTIVE_SMALL_N
25,FM,0,30_99,1_9,mse,7,14,14,10,1.3323913271438024,DESCRIPTIVE_SMALL_N
25,FM,0,30_99,1_9,pa,3,14,14,10,0.4666666666666666,DESCRIPTIVE_SMALL_N
25,FM,0,30_99,10_49,mse,12,35,33,98,0.9647449518655881,DESCRIPTIVE_SMALL_N
25,FM,0,30_99,10_49,pa,6,35,33,98,0.4703252032520326,DESCRIPTIVE_SMALL_N
25,FM,0,30_99,50_PLUS,mse,24,457,365,8907,0.8360411316854629,DESCRIPTIVE_SMALL_N
25,FM,0,30_99,50_PLUS,pa,22,457,365,8907,0.5235110274750494,DESCRIPTIVE_SMALL_N
25,FM,0,100_299,0,mse,18,66,59,271,0.7269051813791298,DESCRIPTIVE_SMALL_N
25,FM,0,100_299,0,pa,8,66,59,271,0.6742149758454106,DESCRIPTIVE_SMALL_N
25,FM,0,100_299,1_9,mse,15,71,67,275,1.5063094549558604,DESCRIPTIVE_SMALL_N
25,FM,0,100_299,1_9,pa,7,71,67,275,0.4958497241693041,DESCRIPTIVE_SMALL_N
25,FM,0,100_299,10_49,mse,20,92,75,299,0.7801311839884721,DESCRIPTIVE_SMALL_N
25,FM,0,100_299,10_49,pa,15,92,75,299,0.5108605998636673,DESCRIPTIVE_SMALL_N
25,FM,0,100_299,50_PLUS,mse,46,697,566,18807,0.7314382042600382,DESCRIPTIVE
25,FM,0,100_299,50_PLUS,pa,39,697,566,18807,0.5823058577362658,DESCRIPTIVE
25,FM,0,300_PLUS,0,mse,68,509,396,5206,0.8873174853865672,DESCRIPTIVE
25,FM,0,300_PLUS,0,pa,48,509,396,5206,0.5540345646936253,DESCRIPTIVE
25,FM,0,300_PLUS,1_9,mse,66,655,547,13602,0.8805657748023504,DESCRIPTIVE
25,FM,0,300_PLUS,1_9,pa,43,655,547,13602,0.6015083412239355,DESCRIPTIVE
25,FM,0,300_PLUS,10_49,mse,85,743,513,6510,1.0129793960005191,DESCRIPTIVE
25,FM,0,300_PLUS,10_49,pa,69,743,513,6510,0.5610808196375522,DESCRIPTIVE
25,FM,0,300_PLUS,50_PLUS,mse,107,2253,1638,45123,0.8002313999761747,DESCRIPTIVE
25,FM,0,300_PLUS,50_PLUS,pa,92,2253,1638,45123,0.5781342327207011,DESCRIPTIVE
25,FM,1,0,0,mse,0,0,0,0,,NO_DATA
25,FM,1,0,0,pa,0,0,0,0,,NO_DATA
25,FM,1,0,1_9,mse,0,0,0,0,,NO_DATA
25,FM,1,0,1_9,pa,0,0,0,0,,NO_DATA
25,FM,1,0,10_49,mse,0,0,0,0,,NO_DATA
25,FM,1,0,10_49,pa,0,0,0,0,,NO_DATA
25,FM,1,0,50_PLUS,mse,0,0,0,0,,NO_DATA
25,FM,1,0,50_PLUS,pa,0,0,0,0,,NO_DATA
25,FM,1,1_9,0,mse,0,0,0,0,,NO_DATA
25,FM,1,1_9,0,pa,0,0,0,0,,NO_DATA
25,FM,1,1_9,1_9,mse,0,0,0,0,,NO_DATA
25,FM,1,1_9,1_9,pa,0,0,0,0,,NO_DATA
25,FM,1,1_9,10_49,mse,0,0,0,0,,NO_DATA
25,FM,1,1_9,10_49,pa,0,0,0,0,,NO_DATA
25,FM,1,1_9,50_PLUS,mse,1,143,143,8012,0.915679194854277,DESCRIPTIVE_SMALL_N
25,FM,1,1_9,50_PLUS,pa,1,143,143,8012,0.5817523714428358,DESCRIPTIVE_SMALL_N
25,FM,1,10_29,0,mse,0,0,0,0,,NO_DATA
25,FM,1,10_29,0,pa,0,0,0,0,,NO_DATA
25,FM,1,10_29,1_9,mse,0,0,0,0,,NO_DATA
25,FM,1,10_29,1_9,pa,0,0,0,0,,NO_DATA
25,FM,1,10_29,10_49,mse,0,0,0,0,,NO_DATA
25,FM,1,10_29,10_49,pa,0,0,0,0,,NO_DATA
25,FM,1,10_29,50_PLUS,mse,3,66,62,761,0.5352121784250509,DESCRIPTIVE_SMALL_N
25,FM,1,10_29,50_PLUS,pa,3,66,62,761,0.4378753753753754,DESCRIPTIVE_SMALL_N
25,FM,1,30_99,0,mse,9,30,25,77,0.6912416204275051,DESCRIPTIVE_SMALL_N
25,FM,1,30_99,0,pa,5,30,25,77,0.713125,DESCRIPTIVE_SMALL_N
25,FM,1,30_99,1_9,mse,7,14,14,10,1.788210100077236,DESCRIPTIVE_SMALL_N
25,FM,1,30_99,1_9,pa,3,14,14,10,0.4666666666666666,DESCRIPTIVE_SMALL_N
25,FM,1,30_99,10_49,mse,12,35,33,98,1.0856041425907887,DESCRIPTIVE_SMALL_N
25,FM,1,30_99,10_49,pa,6,35,33,98,0.5758807588075882,DESCRIPTIVE_SMALL_N
25,FM,1,30_99,50_PLUS,mse,24,457,365,8907,1.038794574423933,DESCRIPTIVE_SMALL_N
25,FM,1,30_99,50_PLUS,pa,22,457,365,8907,0.5285496931112003,DESCRIPTIVE_SMALL_N
25,FM,1,100_299,0,mse,18,66,59,271,0.7070505646695697,DESCRIPTIVE_SMALL_N
25,FM,1,100_299,0,pa,8,66,59,271,0.6799516908212561,DESCRIPTIVE_SMALL_N
25,FM,1,100_299,1_9,mse,15,71,67,275,1.3718072446352365,DESCRIPTIVE_SMALL_N
25,FM,1,100_299,1_9,pa,7,71,67,275,0.5441775154078231,DESCRIPTIVE_SMALL_N
25,FM,1,100_299,10_49,mse,20,92,75,299,0.7474825670427501,DESCRIPTIVE_SMALL_N
25,FM,1,100_299,10_49,pa,15,92,75,299,0.5240933878663939,DESCRIPTIVE_SMALL_N
25,FM,1,100_299,50_PLUS,mse,46,697,566,18807,0.7815799484352238,DESCRIPTIVE
25,FM,1,100_299,50_PLUS,pa,39,697,566,18807,0.5772117583664427,DESCRIPTIVE
25,FM,1,300_PLUS,0,mse,68,509,396,5206,0.8056689595206146,DESCRIPTIVE
25,FM,1,300_PLUS,0,pa,48,509,396,5206,0.5624246375914647,DESCRIPTIVE
25,FM,1,300_PLUS,1_9,mse,66,655,547,13602,0.7974671225628293,DESCRIPTIVE
25,FM,1,300_PLUS,1_9,pa,43,655,547,13602,0.5781112097905254,DESCRIPTIVE
25,FM,1,300_PLUS,10_49,mse,85,743,513,6510,0.8904889813559942,DESCRIPTIVE
25,FM,1,300_PLUS,10_49,pa,69,743,513,6510,0.5733806167423618,DESCRIPTIVE
25,FM,1,300_PLUS,50_PLUS,mse,107,2253,1638,45123,0.7092849952666076,DESCRIPTIVE
25,FM,1,300_PLUS,50_PLUS,pa,92,2253,1638,45123,0.5763079900749037,DESCRIPTIVE
25,FM,5,0,0,mse,0,0,0,0,,NO_DATA
25,FM,5,0,0,pa,0,0,0,0,,NO_DATA
25,FM,5,0,1_9,mse,0,0,0,0,,NO_DATA
25,FM,5,0,1_9,pa,0,0,0,0,,NO_DATA
25,FM,5,0,10_49,mse,0,0,0,0,,NO_DATA
25,FM,5,0,10_49,pa,0,0,0,0,,NO_DATA
25,FM,5,0,50_PLUS,mse,0,0,0,0,,NO_DATA
25,FM,5,0,50_PLUS,pa,0,0,0,0,,NO_DATA
25,FM,5,1_9,0,mse,0,0,0,0,,NO_DATA
25,FM,5,1_9,0,pa,0,0,0,0,,NO_DATA
25,FM,5,1_9,1_9,mse,0,0,0,0,,NO_DATA
25,FM,5,1_9,1_9,pa,0,0,0,0,,NO_DATA
25,FM,5,1_9,10_49,mse,0,0,0,0,,NO_DATA
25,FM,5,1_9,10_49,pa,0,0,0,0,,NO_DATA
25,FM,5,1_9,50_PLUS,mse,0,0,0,0,,NO_DATA
25,FM,5,1_9,50_PLUS,pa,0,0,0,0,,NO_DATA
25,FM,5,10_29,0,mse,0,0,0,0,,NO_DATA
25,FM,5,10_29,0,pa,0,0,0,0,,NO_DATA
25,FM,5,10_29,1_9,mse,0,0,0,0,,NO_DATA
25,FM,5,10_29,1_9,pa,0,0,0,0,,NO_DATA
25,FM,5,10_29,10_49,mse,0,0,0,0,,NO_DATA
25,FM,5,10_29,10_49,pa,0,0,0,0,,NO_DATA
25,FM,5,10_29,50_PLUS,mse,3,66,62,761,0.466782981033004,DESCRIPTIVE_SMALL_N
25,FM,5,10_29,50_PLUS,pa,3,66,62,761,0.3437634062634063,DESCRIPTIVE_SMALL_N
25,FM,5,30_99,0,mse,9,30,25,77,0.7528656352740397,DESCRIPTIVE_SMALL_N
25,FM,5,30_99,0,pa,5,30,25,77,0.5756249999999999,DESCRIPTIVE_SMALL_N
25,FM,5,30_99,1_9,mse,7,14,14,10,1.4457540483566673,DESCRIPTIVE_SMALL_N
25,FM,5,30_99,1_9,pa,3,14,14,10,0.4666666666666666,DESCRIPTIVE_SMALL_N
25,FM,5,30_99,10_49,mse,12,35,33,98,0.9474223001393646,DESCRIPTIVE_SMALL_N
25,FM,5,30_99,10_49,pa,6,35,33,98,0.49864498644986455,DESCRIPTIVE_SMALL_N
25,FM,5,30_99,50_PLUS,mse,24,457,365,8907,0.8348784919823196,DESCRIPTIVE_SMALL_N
25,FM,5,30_99,50_PLUS,pa,22,457,365,8907,0.5176965470118431,DESCRIPTIVE_SMALL_N
25,FM,5,100_299,0,mse,18,66,59,271,0.7183109478522195,DESCRIPTIVE_SMALL_N
25,FM,5,100_299,0,pa,8,66,59,271,0.4930555555555556,DESCRIPTIVE_SMALL_N
25,FM,5,100_299,1_9,mse,15,71,67,275,1.4037914848397877,DESCRIPTIVE_SMALL_N
25,FM,5,100_299,1_9,pa,7,71,67,275,0.5238640329413022,DESCRIPTIVE_SMALL_N
25,FM,5,100_299,10_49,mse,20,92,75,299,0.6712242460767734,DESCRIPTIVE_SMALL_N
25,FM,5,100_299,10_49,pa,15,92,75,299,0.6073959043399227,DESCRIPTIVE_SMALL_N
25,FM,5,100_299,50_PLUS,mse,46,697,566,18807,0.7407417678841466,DESCRIPTIVE
25,FM,5,100_299,50_PLUS,pa,39,697,566,18807,0.5927670479277735,DESCRIPTIVE
25,FM,5,300_PLUS,0,mse,68,509,396,5206,0.7478883747519187,DESCRIPTIVE
25,FM,5,300_PLUS,0,pa,48,509,396,5206,0.5615379617959274,DESCRIPTIVE
25,FM,5,300_PLUS,1_9,mse,66,655,547,13602,0.766718201021263,DESCRIPTIVE
25,FM,5,300_PLUS,1_9,pa,43,655,547,13602,0.5591416603860707,DESCRIPTIVE
25,FM,5,300_PLUS,10_49,mse,85,743,513,6510,0.8104229096282577,DESCRIPTIVE
25,FM,5,300_PLUS,10_49,pa,69,743,513,6510,0.5499357418807514,DESCRIPTIVE
25,FM,5,300_PLUS,50_PLUS,mse,107,2253,1638,45123,0.6793007026109236,DESCRIPTIVE
25,FM,5,300_PLUS,50_PLUS,pa,92,2253,1638,45123,0.5774838936147859,DESCRIPTIVE
25,FM,10,0,0,mse,0,0,0,0,,NO_DATA
25,FM,10,0,0,pa,0,0,0,0,,NO_DATA
25,FM,10,0,1_9,mse,0,0,0,0,,NO_DATA
25,FM,10,0,1_9,pa,0,0,0,0,,NO_DATA
25,FM,10,0,10_49,mse,0,0,0,0,,NO_DATA
25,FM,10,0,10_49,pa,0,0,0,0,,NO_DATA
25,FM,10,0,50_PLUS,mse,0,0,0,0,,NO_DATA
25,FM,10,0,50_PLUS,pa,0,0,0,0,,NO_DATA
25,FM,10,1_9,0,mse,0,0,0,0,,NO_DATA
25,FM,10,1_9,0,pa,0,0,0,0,,NO_DATA
25,FM,10,1_9,1_9,mse,0,0,0,0,,NO_DATA
25,FM,10,1_9,1_9,pa,0,0,0,0,,NO_DATA
25,FM,10,1_9,10_49,mse,0,0,0,0,,NO_DATA
25,FM,10,1_9,10_49,pa,0,0,0,0,,NO_DATA
25,FM,10,1_9,50_PLUS,mse,0,0,0,0,,NO_DATA
25,FM,10,1_9,50_PLUS,pa,0,0,0,0,,NO_DATA
25,FM,10,10_29,0,mse,0,0,0,0,,NO_DATA
25,FM,10,10_29,0,pa,0,0,0,0,,NO_DATA
25,FM,10,10_29,1_9,mse,0,0,0,0,,NO_DATA
25,FM,10,10_29,1_9,pa,0,0,0,0,,NO_DATA
25,FM,10,10_29,10_49,mse,0,0,0,0,,NO_DATA
25,FM,10,10_29,10_49,pa,0,0,0,0,,NO_DATA
25,FM,10,10_29,50_PLUS,mse,3,66,62,761,0.46919920927594144,DESCRIPTIVE_SMALL_N
25,FM,10,10_29,50_PLUS,pa,3,66,62,761,0.5778099528099528,DESCRIPTIVE_SMALL_N
25,FM,10,30_99,0,mse,9,30,25,77,0.7644375650818066,DESCRIPTIVE_SMALL_N
25,FM,10,30_99,0,pa,5,30,25,77,0.7381249999999999,DESCRIPTIVE_SMALL_N
25,FM,10,30_99,1_9,mse,7,14,14,10,1.4595670415987227,DESCRIPTIVE_SMALL_N
25,FM,10,30_99,1_9,pa,3,14,14,10,0.4666666666666666,DESCRIPTIVE_SMALL_N
25,FM,10,30_99,10_49,mse,12,35,33,98,0.9613219785053616,DESCRIPTIVE_SMALL_N
25,FM,10,30_99,10_49,pa,6,35,33,98,0.4723577235772358,DESCRIPTIVE_SMALL_N
25,FM,10,30_99,50_PLUS,mse,24,457,365,8907,0.7646117784035233,DESCRIPTIVE_SMALL_N
25,FM,10,30_99,50_PLUS,pa,22,457,365,8907,0.5167233478140982,DESCRIPTIVE_SMALL_N
25,FM,10,100_299,0,mse,18,66,59,271,0.6849201896544118,DESCRIPTIVE_SMALL_N
25,FM,10,100_299,0,pa,8,66,59,271,0.6053743961352657,DESCRIPTIVE_SMALL_N
25,FM,10,100_299,1_9,mse,15,71,67,275,1.319517903868251,DESCRIPTIVE_SMALL_N
25,FM,10,100_299,1_9,pa,7,71,67,275,0.5377466244683049,DESCRIPTIVE_SMALL_N
25,FM,10,100_299,10_49,mse,20,92,75,299,0.6590044607055492,DESCRIPTIVE_SMALL_N
25,FM,10,100_299,10_49,pa,15,92,75,299,0.613530163599182,DESCRIPTIVE_SMALL_N
25,FM,10,100_299,50_PLUS,mse,46,697,566,18807,0.7063203170657336,DESCRIPTIVE
25,FM,10,100_299,50_PLUS,pa,39,697,566,18807,0.5870025982148476,DESCRIPTIVE
25,FM,10,300_PLUS,0,mse,68,509,396,5206,0.7280785647441074,DESCRIPTIVE
25,FM,10,300_PLUS,0,pa,48,509,396,5206,0.6053658343170725,DESCRIPTIVE
25,FM,10,300_PLUS,1_9,mse,66,655,547,13602,0.7343075670586081,DESCRIPTIVE
25,FM,10,300_PLUS,1_9,pa,43,655,547,13602,0.5998532492322596,DESCRIPTIVE
25,FM,10,300_PLUS,10_49,mse,85,743,513,6510,0.8125084239350601,DESCRIPTIVE
25,FM,10,300_PLUS,10_49,pa,69,743,513,6510,0.550626913833569,DESCRIPTIVE
25,FM,10,300_PLUS,50_PLUS,mse,107,2253,1638,45123,0.665794338475486,DESCRIPTIVE
25,FM,10,300_PLUS,50_PLUS,pa,92,2253,1638,45123,0.5831948912981388,DESCRIPTIVE
25,FM,30,0,0,mse,0,0,0,0,,NO_DATA
25,FM,30,0,0,pa,0,0,0,0,,NO_DATA
25,FM,30,0,1_9,mse,0,0,0,0,,NO_DATA
25,FM,30,0,1_9,pa,0,0,0,0,,NO_DATA
25,FM,30,0,10_49,mse,0,0,0,0,,NO_DATA
25,FM,30,0,10_49,pa,0,0,0,0,,NO_DATA
25,FM,30,0,50_PLUS,mse,0,0,0,0,,NO_DATA
25,FM,30,0,50_PLUS,pa,0,0,0,0,,NO_DATA
25,FM,30,1_9,0,mse,0,0,0,0,,NO_DATA
25,FM,30,1_9,0,pa,0,0,0,0,,NO_DATA
25,FM,30,1_9,1_9,mse,0,0,0,0,,NO_DATA
25,FM,30,1_9,1_9,pa,0,0,0,0,,NO_DATA
25,FM,30,1_9,10_49,mse,0,0,0,0,,NO_DATA
25,FM,30,1_9,10_49,pa,0,0,0,0,,NO_DATA
25,FM,30,1_9,50_PLUS,mse,0,0,0,0,,NO_DATA
25,FM,30,1_9,50_PLUS,pa,0,0,0,0,,NO_DATA
25,FM,30,10_29,0,mse,0,0,0,0,,NO_DATA
25,FM,30,10_29,0,pa,0,0,0,0,,NO_DATA
25,FM,30,10_29,1_9,mse,0,0,0,0,,NO_DATA
25,FM,30,10_29,1_9,pa,0,0,0,0,,NO_DATA
25,FM,30,10_29,10_49,mse,0,0,0,0,,NO_DATA
25,FM,30,10_29,10_49,pa,0,0,0,0,,NO_DATA
25,FM,30,10_29,50_PLUS,mse,0,0,0,0,,NO_DATA
25,FM,30,10_29,50_PLUS,pa,0,0,0,0,,NO_DATA
25,FM,30,30_99,0,mse,9,30,25,77,0.7153468027207003,DESCRIPTIVE_SMALL_N
25,FM,30,30_99,0,pa,5,30,25,77,0.72875,DESCRIPTIVE_SMALL_N
25,FM,30,30_99,1_9,mse,7,14,14,10,1.4685596077609298,DESCRIPTIVE_SMALL_N
25,FM,30,30_99,1_9,pa,3,14,14,10,0.35555555555555557,DESCRIPTIVE_SMALL_N
25,FM,30,30_99,10_49,mse,12,35,33,98,0.900875867722967,DESCRIPTIVE_SMALL_N
25,FM,30,30_99,10_49,pa,6,35,33,98,0.43644986449864503,DESCRIPTIVE_SMALL_N
25,FM,30,30_99,50_PLUS,mse,24,457,365,8907,0.6385351674223152,DESCRIPTIVE_SMALL_N
25,FM,30,30_99,50_PLUS,pa,22,457,365,8907,0.586805002269164,DESCRIPTIVE_SMALL_N
25,FM,30,100_299,0,mse,18,66,59,271,0.6420836303422657,DESCRIPTIVE_SMALL_N
25,FM,30,100_299,0,pa,8,66,59,271,0.6059782608695652,DESCRIPTIVE_SMALL_N
25,FM,30,100_299,1_9,mse,15,71,67,275,1.320016129569083,DESCRIPTIVE_SMALL_N
25,FM,30,100_299,1_9,pa,7,71,67,275,0.5051045353746029,DESCRIPTIVE_SMALL_N
25,FM,30,100_299,10_49,mse,20,92,75,299,0.6404792404051382,DESCRIPTIVE_SMALL_N
25,FM,30,100_299,10_49,pa,15,92,75,299,0.6160068734378551,DESCRIPTIVE_SMALL_N
25,FM,30,100_299,50_PLUS,mse,46,697,566,18807,0.6555572205220923,DESCRIPTIVE
25,FM,30,100_299,50_PLUS,pa,39,697,566,18807,0.5767151742577571,DESCRIPTIVE
25,FM,30,300_PLUS,0,mse,68,509,396,5206,0.7196166904146528,DESCRIPTIVE
25,FM,30,300_PLUS,0,pa,48,509,396,5206,0.5784661167541113,DESCRIPTIVE
25,FM,30,300_PLUS,1_9,mse,66,655,547,13602,0.6927945374566091,DESCRIPTIVE
25,FM,30,300_PLUS,1_9,pa,43,655,547,13602,0.6177202762920856,DESCRIPTIVE
25,FM,30,300_PLUS,10_49,mse,85,743,513,6510,0.7898525890129028,DESCRIPTIVE
25,FM,30,300_PLUS,10_49,pa,69,743,513,6510,0.54831513522655,DESCRIPTIVE
25,FM,30,300_PLUS,50_PLUS,mse,107,2253,1638,45123,0.638354729100213,DESCRIPTIVE
25,FM,30,300_PLUS,50_PLUS,pa,92,2253,1638,45123,0.5838167669303107,DESCRIPTIVE
25,ALS_FM,0,0,0,mse,38,207,173,2304,1.6962127506054843,DESCRIPTIVE
25,ALS_FM,0,0,0,pa,17,207,173,2304,0.669035872025558,DESCRIPTIVE_SMALL_N
25,ALS_FM,0,0,1_9,mse,34,487,446,35482,1.2605708709993813,DESCRIPTIVE
25,ALS_FM,0,0,1_9,pa,14,487,446,35482,0.5350946716609309,DESCRIPTIVE_SMALL_N
25,ALS_FM,0,0,10_49,mse,47,832,638,51867,1.095033521076495,DESCRIPTIVE
25,ALS_FM,0,0,10_49,pa,32,832,638,51867,0.5933287260280888,DESCRIPTIVE
25,ALS_FM,0,0,50_PLUS,mse,84,11603,3293,2564251,0.9978718403288352,DESCRIPTIVE
25,ALS_FM,0,0,50_PLUS,pa,84,11603,3293,2564251,0.5778254171773678,DESCRIPTIVE
25,ALS_FM,0,1_9,0,mse,0,0,0,0,,NO_DATA
25,ALS_FM,0,1_9,0,pa,0,0,0,0,,NO_DATA
25,ALS_FM,0,1_9,1_9,mse,0,0,0,0,,NO_DATA
25,ALS_FM,0,1_9,1_9,pa,0,0,0,0,,NO_DATA
25,ALS_FM,0,1_9,10_49,mse,0,0,0,0,,NO_DATA
25,ALS_FM,0,1_9,10_49,pa,0,0,0,0,,NO_DATA
25,ALS_FM,0,1_9,50_PLUS,mse,1,143,143,8012,0.9150318291606108,DESCRIPTIVE_SMALL_N
25,ALS_FM,0,1_9,50_PLUS,pa,1,143,143,8012,0.5645282076884673,DESCRIPTIVE_SMALL_N
25,ALS_FM,0,10_29,0,mse,0,0,0,0,,NO_DATA
25,ALS_FM,0,10_29,0,pa,0,0,0,0,,NO_DATA
25,ALS_FM,0,10_29,1_9,mse,0,0,0,0,,NO_DATA
25,ALS_FM,0,10_29,1_9,pa,0,0,0,0,,NO_DATA
25,ALS_FM,0,10_29,10_49,mse,0,0,0,0,,NO_DATA
25,ALS_FM,0,10_29,10_49,pa,0,0,0,0,,NO_DATA
25,ALS_FM,0,10_29,50_PLUS,mse,3,66,62,761,0.4962058103046747,DESCRIPTIVE_SMALL_N
25,ALS_FM,0,10_29,50_PLUS,pa,3,66,62,761,0.43058773058773053,DESCRIPTIVE_SMALL_N
25,ALS_FM,0,30_99,0,mse,9,30,25,77,0.7949404333951615,DESCRIPTIVE_SMALL_N
25,ALS_FM,0,30_99,0,pa,5,30,25,77,0.7318749999999999,DESCRIPTIVE_SMALL_N
25,ALS_FM,0,30_99,1_9,mse,7,14,14,10,1.3323913271438024,DESCRIPTIVE_SMALL_N
25,ALS_FM,0,30_99,1_9,pa,3,14,14,10,0.4666666666666666,DESCRIPTIVE_SMALL_N
25,ALS_FM,0,30_99,10_49,mse,12,35,33,98,0.9647449518655881,DESCRIPTIVE_SMALL_N
25,ALS_FM,0,30_99,10_49,pa,6,35,33,98,0.4703252032520326,DESCRIPTIVE_SMALL_N
25,ALS_FM,0,30_99,50_PLUS,mse,24,457,365,8907,0.8360411316854629,DESCRIPTIVE_SMALL_N
25,ALS_FM,0,30_99,50_PLUS,pa,22,457,365,8907,0.5235110274750494,DESCRIPTIVE_SMALL_N
25,ALS_FM,0,100_299,0,mse,18,66,59,271,0.7269051813791298,DESCRIPTIVE_SMALL_N
25,ALS_FM,0,100_299,0,pa,8,66,59,271,0.6742149758454106,DESCRIPTIVE_SMALL_N
25,ALS_FM,0,100_299,1_9,mse,15,71,67,275,1.5063094549558604,DESCRIPTIVE_SMALL_N
25,ALS_FM,0,100_299,1_9,pa,7,71,67,275,0.4958497241693041,DESCRIPTIVE_SMALL_N
25,ALS_FM,0,100_299,10_49,mse,20,92,75,299,0.7801311839884721,DESCRIPTIVE_SMALL_N
25,ALS_FM,0,100_299,10_49,pa,15,92,75,299,0.5108605998636673,DESCRIPTIVE_SMALL_N
25,ALS_FM,0,100_299,50_PLUS,mse,46,697,566,18807,0.7314382042600382,DESCRIPTIVE
25,ALS_FM,0,100_299,50_PLUS,pa,39,697,566,18807,0.5823058577362658,DESCRIPTIVE
25,ALS_FM,0,300_PLUS,0,mse,68,509,396,5206,0.8873174853865672,DESCRIPTIVE
25,ALS_FM,0,300_PLUS,0,pa,48,509,396,5206,0.5540345646936253,DESCRIPTIVE
25,ALS_FM,0,300_PLUS,1_9,mse,66,655,547,13602,0.8805657748023504,DESCRIPTIVE
25,ALS_FM,0,300_PLUS,1_9,pa,43,655,547,13602,0.6015083412239355,DESCRIPTIVE
25,ALS_FM,0,300_PLUS,10_49,mse,85,743,513,6510,1.0129793960005191,DESCRIPTIVE
25,ALS_FM,0,300_PLUS,10_49,pa,69,743,513,6510,0.5610808196375522,DESCRIPTIVE
25,ALS_FM,0,300_PLUS,50_PLUS,mse,107,2253,1638,45123,0.8002313999761747,DESCRIPTIVE
25,ALS_FM,0,300_PLUS,50_PLUS,pa,92,2253,1638,45123,0.5781342327207011,DESCRIPTIVE
25,ALS_FM,1,0,0,mse,0,0,0,0,,NO_DATA
25,ALS_FM,1,0,0,pa,0,0,0,0,,NO_DATA
25,ALS_FM,1,0,1_9,mse,0,0,0,0,,NO_DATA
25,ALS_FM,1,0,1_9,pa,0,0,0,0,,NO_DATA
25,ALS_FM,1,0,10_49,mse,0,0,0,0,,NO_DATA
25,ALS_FM,1,0,10_49,pa,0,0,0,0,,NO_DATA
25,ALS_FM,1,0,50_PLUS,mse,0,0,0,0,,NO_DATA
25,ALS_FM,1,0,50_PLUS,pa,0,0,0,0,,NO_DATA
25,ALS_FM,1,1_9,0,mse,0,0,0,0,,NO_DATA
25,ALS_FM,1,1_9,0,pa,0,0,0,0,,NO_DATA
25,ALS_FM,1,1_9,1_9,mse,0,0,0,0,,NO_DATA
25,ALS_FM,1,1_9,1_9,pa,0,0,0,0,,NO_DATA
25,ALS_FM,1,1_9,10_49,mse,0,0,0,0,,NO_DATA
25,ALS_FM,1,1_9,10_49,pa,0,0,0,0,,NO_DATA
25,ALS_FM,1,1_9,50_PLUS,mse,1,143,143,8012,0.9230231519294975,DESCRIPTIVE_SMALL_N
25,ALS_FM,1,1_9,50_PLUS,pa,1,143,143,8012,0.5986020968547179,DESCRIPTIVE_SMALL_N
25,ALS_FM,1,10_29,0,mse,0,0,0,0,,NO_DATA
25,ALS_FM,1,10_29,0,pa,0,0,0,0,,NO_DATA
25,ALS_FM,1,10_29,1_9,mse,0,0,0,0,,NO_DATA
25,ALS_FM,1,10_29,1_9,pa,0,0,0,0,,NO_DATA
25,ALS_FM,1,10_29,10_49,mse,0,0,0,0,,NO_DATA
25,ALS_FM,1,10_29,10_49,pa,0,0,0,0,,NO_DATA
25,ALS_FM,1,10_29,50_PLUS,mse,3,66,62,761,0.6052472270350902,DESCRIPTIVE_SMALL_N
25,ALS_FM,1,10_29,50_PLUS,pa,3,66,62,761,0.5462087087087087,DESCRIPTIVE_SMALL_N
25,ALS_FM,1,30_99,0,mse,9,30,25,77,0.6912416204275051,DESCRIPTIVE_SMALL_N
25,ALS_FM,1,30_99,0,pa,5,30,25,77,0.713125,DESCRIPTIVE_SMALL_N
25,ALS_FM,1,30_99,1_9,mse,7,14,14,10,1.6107334156430724,DESCRIPTIVE_SMALL_N
25,ALS_FM,1,30_99,1_9,pa,3,14,14,10,0.35555555555555557,DESCRIPTIVE_SMALL_N
25,ALS_FM,1,30_99,10_49,mse,12,35,33,98,1.23632165035118,DESCRIPTIVE_SMALL_N
25,ALS_FM,1,30_99,10_49,pa,6,35,33,98,0.6436314363143633,DESCRIPTIVE_SMALL_N
25,ALS_FM,1,30_99,50_PLUS,mse,24,457,365,8907,1.2283571865481424,DESCRIPTIVE_SMALL_N
25,ALS_FM,1,30_99,50_PLUS,pa,22,457,365,8907,0.6066541021597813,DESCRIPTIVE_SMALL_N
25,ALS_FM,1,100_299,0,mse,18,66,59,271,0.7070505646695697,DESCRIPTIVE_SMALL_N
25,ALS_FM,1,100_299,0,pa,8,66,59,271,0.6799516908212561,DESCRIPTIVE_SMALL_N
25,ALS_FM,1,100_299,1_9,mse,15,71,67,275,1.2544975830169238,DESCRIPTIVE_SMALL_N
25,ALS_FM,1,100_299,1_9,pa,7,71,67,275,0.5534156016526609,DESCRIPTIVE_SMALL_N
25,ALS_FM,1,100_299,10_49,mse,20,92,75,299,0.8926361040479243,DESCRIPTIVE_SMALL_N
25,ALS_FM,1,100_299,10_49,pa,15,92,75,299,0.5576127584639855,DESCRIPTIVE_SMALL_N
25,ALS_FM,1,100_299,50_PLUS,mse,46,697,566,18807,0.9166373157905463,DESCRIPTIVE
25,ALS_FM,1,100_299,50_PLUS,pa,39,697,566,18807,0.573882553658585,DESCRIPTIVE
25,ALS_FM,1,300_PLUS,0,mse,68,509,396,5206,0.8056689595206146,DESCRIPTIVE
25,ALS_FM,1,300_PLUS,0,pa,48,509,396,5206,0.5624246375914647,DESCRIPTIVE
25,ALS_FM,1,300_PLUS,1_9,mse,66,655,547,13602,0.8268080013024037,DESCRIPTIVE
25,ALS_FM,1,300_PLUS,1_9,pa,43,655,547,13602,0.5317311416860963,DESCRIPTIVE
25,ALS_FM,1,300_PLUS,10_49,mse,85,743,513,6510,0.8382208770225836,DESCRIPTIVE
25,ALS_FM,1,300_PLUS,10_49,pa,69,743,513,6510,0.5828771588237825,DESCRIPTIVE
25,ALS_FM,1,300_PLUS,50_PLUS,mse,107,2253,1638,45123,0.7146054681288659,DESCRIPTIVE
25,ALS_FM,1,300_PLUS,50_PLUS,pa,92,2253,1638,45123,0.584073691429295,DESCRIPTIVE
25,ALS_FM,5,0,0,mse,0,0,0,0,,NO_DATA
25,ALS_FM,5,0,0,pa,0,0,0,0,,NO_DATA
25,ALS_FM,5,0,1_9,mse,0,0,0,0,,NO_DATA
25,ALS_FM,5,0,1_9,pa,0,0,0,0,,NO_DATA
25,ALS_FM,5,0,10_49,mse,0,0,0,0,,NO_DATA
25,ALS_FM,5,0,10_49,pa,0,0,0,0,,NO_DATA
25,ALS_FM,5,0,50_PLUS,mse,0,0,0,0,,NO_DATA
25,ALS_FM,5,0,50_PLUS,pa,0,0,0,0,,NO_DATA
25,ALS_FM,5,1_9,0,mse,0,0,0,0,,NO_DATA
25,ALS_FM,5,1_9,0,pa,0,0,0,0,,NO_DATA
25,ALS_FM,5,1_9,1_9,mse,0,0,0,0,,NO_DATA
25,ALS_FM,5,1_9,1_9,pa,0,0,0,0,,NO_DATA
25,ALS_FM,5,1_9,10_49,mse,0,0,0,0,,NO_DATA
25,ALS_FM,5,1_9,10_49,pa,0,0,0,0,,NO_DATA
25,ALS_FM,5,1_9,50_PLUS,mse,0,0,0,0,,NO_DATA
25,ALS_FM,5,1_9,50_PLUS,pa,0,0,0,0,,NO_DATA
25,ALS_FM,5,10_29,0,mse,0,0,0,0,,NO_DATA
25,ALS_FM,5,10_29,0,pa,0,0,0,0,,NO_DATA
25,ALS_FM,5,10_29,1_9,mse,0,0,0,0,,NO_DATA
25,ALS_FM,5,10_29,1_9,pa,0,0,0,0,,NO_DATA
25,ALS_FM,5,10_29,10_49,mse,0,0,0,0,,NO_DATA
25,ALS_FM,5,10_29,10_49,pa,0,0,0,0,,NO_DATA
25,ALS_FM,5,10_29,50_PLUS,mse,3,66,62,761,0.525058571595708,DESCRIPTIVE_SMALL_N
25,ALS_FM,5,10_29,50_PLUS,pa,3,66,62,761,0.4520967395967396,DESCRIPTIVE_SMALL_N
25,ALS_FM,5,30_99,0,mse,9,30,25,77,0.7528656352740397,DESCRIPTIVE_SMALL_N
25,ALS_FM,5,30_99,0,pa,5,30,25,77,0.5756249999999999,DESCRIPTIVE_SMALL_N
25,ALS_FM,5,30_99,1_9,mse,7,14,14,10,1.156773167213061,DESCRIPTIVE_SMALL_N
25,ALS_FM,5,30_99,1_9,pa,3,14,14,10,0.24444444444444446,DESCRIPTIVE_SMALL_N
25,ALS_FM,5,30_99,10_49,mse,12,35,33,98,0.9325315884389597,DESCRIPTIVE_SMALL_N
25,ALS_FM,5,30_99,10_49,pa,6,35,33,98,0.6189701897018971,DESCRIPTIVE_SMALL_N
25,ALS_FM,5,30_99,50_PLUS,mse,24,457,365,8907,0.7806594171390889,DESCRIPTIVE_SMALL_N
25,ALS_FM,5,30_99,50_PLUS,pa,22,457,365,8907,0.6013422649036261,DESCRIPTIVE_SMALL_N
25,ALS_FM,5,100_299,0,mse,18,66,59,271,0.7183109478522195,DESCRIPTIVE_SMALL_N
25,ALS_FM,5,100_299,0,pa,8,66,59,271,0.4930555555555556,DESCRIPTIVE_SMALL_N
25,ALS_FM,5,100_299,1_9,mse,15,71,67,275,1.3634795856606798,DESCRIPTIVE_SMALL_N
25,ALS_FM,5,100_299,1_9,pa,7,71,67,275,0.4802244142454195,DESCRIPTIVE_SMALL_N
25,ALS_FM,5,100_299,10_49,mse,20,92,75,299,0.6688672766122354,DESCRIPTIVE_SMALL_N
25,ALS_FM,5,100_299,10_49,pa,15,92,75,299,0.6177283571915473,DESCRIPTIVE_SMALL_N
25,ALS_FM,5,100_299,50_PLUS,mse,46,697,566,18807,0.7439741613455318,DESCRIPTIVE
25,ALS_FM,5,100_299,50_PLUS,pa,39,697,566,18807,0.6167796521038426,DESCRIPTIVE
25,ALS_FM,5,300_PLUS,0,mse,68,509,396,5206,0.7478883747519187,DESCRIPTIVE
25,ALS_FM,5,300_PLUS,0,pa,48,509,396,5206,0.5615379617959274,DESCRIPTIVE
25,ALS_FM,5,300_PLUS,1_9,mse,66,655,547,13602,0.7500881056212493,DESCRIPTIVE
25,ALS_FM,5,300_PLUS,1_9,pa,43,655,547,13602,0.5436118041939104,DESCRIPTIVE
25,ALS_FM,5,300_PLUS,10_49,mse,85,743,513,6510,0.7302596729706075,DESCRIPTIVE
25,ALS_FM,5,300_PLUS,10_49,pa,69,743,513,6510,0.6175320464916626,DESCRIPTIVE
25,ALS_FM,5,300_PLUS,50_PLUS,mse,107,2253,1638,45123,0.629380071542345,DESCRIPTIVE
25,ALS_FM,5,300_PLUS,50_PLUS,pa,92,2253,1638,45123,0.6050896399235114,DESCRIPTIVE
25,ALS_FM,10,0,0,mse,0,0,0,0,,NO_DATA
25,ALS_FM,10,0,0,pa,0,0,0,0,,NO_DATA
25,ALS_FM,10,0,1_9,mse,0,0,0,0,,NO_DATA
25,ALS_FM,10,0,1_9,pa,0,0,0,0,,NO_DATA
25,ALS_FM,10,0,10_49,mse,0,0,0,0,,NO_DATA
25,ALS_FM,10,0,10_49,pa,0,0,0,0,,NO_DATA
25,ALS_FM,10,0,50_PLUS,mse,0,0,0,0,,NO_DATA
25,ALS_FM,10,0,50_PLUS,pa,0,0,0,0,,NO_DATA
25,ALS_FM,10,1_9,0,mse,0,0,0,0,,NO_DATA
25,ALS_FM,10,1_9,0,pa,0,0,0,0,,NO_DATA
25,ALS_FM,10,1_9,1_9,mse,0,0,0,0,,NO_DATA
25,ALS_FM,10,1_9,1_9,pa,0,0,0,0,,NO_DATA
25,ALS_FM,10,1_9,10_49,mse,0,0,0,0,,NO_DATA
25,ALS_FM,10,1_9,10_49,pa,0,0,0,0,,NO_DATA
25,ALS_FM,10,1_9,50_PLUS,mse,0,0,0,0,,NO_DATA
25,ALS_FM,10,1_9,50_PLUS,pa,0,0,0,0,,NO_DATA
25,ALS_FM,10,10_29,0,mse,0,0,0,0,,NO_DATA
25,ALS_FM,10,10_29,0,pa,0,0,0,0,,NO_DATA
25,ALS_FM,10,10_29,1_9,mse,0,0,0,0,,NO_DATA
25,ALS_FM,10,10_29,1_9,pa,0,0,0,0,,NO_DATA
25,ALS_FM,10,10_29,10_49,mse,0,0,0,0,,NO_DATA
25,ALS_FM,10,10_29,10_49,pa,0,0,0,0,,NO_DATA
25,ALS_FM,10,10_29,50_PLUS,mse,3,66,62,761,0.5335160539250744,DESCRIPTIVE_SMALL_N
25,ALS_FM,10,10_29,50_PLUS,pa,3,66,62,761,0.5809255684255684,DESCRIPTIVE_SMALL_N
25,ALS_FM,10,30_99,0,mse,9,30,25,77,0.7644375650818066,DESCRIPTIVE_SMALL_N
25,ALS_FM,10,30_99,0,pa,5,30,25,77,0.7381249999999999,DESCRIPTIVE_SMALL_N
25,ALS_FM,10,30_99,1_9,mse,7,14,14,10,1.1658764095948104,DESCRIPTIVE_SMALL_N
25,ALS_FM,10,30_99,1_9,pa,3,14,14,10,0.13333333333333333,DESCRIPTIVE_SMALL_N
25,ALS_FM,10,30_99,10_49,mse,12,35,33,98,0.9165388312145469,DESCRIPTIVE_SMALL_N
25,ALS_FM,10,30_99,10_49,pa,6,35,33,98,0.587669376693767,DESCRIPTIVE_SMALL_N
25,ALS_FM,10,30_99,50_PLUS,mse,24,457,365,8907,0.7204324902356903,DESCRIPTIVE_SMALL_N
25,ALS_FM,10,30_99,50_PLUS,pa,22,457,365,8907,0.6147201415266706,DESCRIPTIVE_SMALL_N
25,ALS_FM,10,100_299,0,mse,18,66,59,271,0.6849201896544118,DESCRIPTIVE_SMALL_N
25,ALS_FM,10,100_299,0,pa,8,66,59,271,0.6053743961352657,DESCRIPTIVE_SMALL_N
25,ALS_FM,10,100_299,1_9,mse,15,71,67,275,1.1485248385212,DESCRIPTIVE_SMALL_N
25,ALS_FM,10,100_299,1_9,pa,7,71,67,275,0.5060826645222745,DESCRIPTIVE_SMALL_N
25,ALS_FM,10,100_299,10_49,mse,20,92,75,299,0.6297038363819976,DESCRIPTIVE_SMALL_N
25,ALS_FM,10,100_299,10_49,pa,15,92,75,299,0.6245109066121335,DESCRIPTIVE_SMALL_N
25,ALS_FM,10,100_299,50_PLUS,mse,46,697,566,18807,0.6873032187786032,DESCRIPTIVE
25,ALS_FM,10,100_299,50_PLUS,pa,39,697,566,18807,0.6029270502937175,DESCRIPTIVE
25,ALS_FM,10,300_PLUS,0,mse,68,509,396,5206,0.7280785647441074,DESCRIPTIVE
25,ALS_FM,10,300_PLUS,0,pa,48,509,396,5206,0.6053658343170725,DESCRIPTIVE
25,ALS_FM,10,300_PLUS,1_9,mse,66,655,547,13602,0.7172076327458239,DESCRIPTIVE
25,ALS_FM,10,300_PLUS,1_9,pa,43,655,547,13602,0.5611987866509534,DESCRIPTIVE
25,ALS_FM,10,300_PLUS,10_49,mse,85,743,513,6510,0.7104366832672605,DESCRIPTIVE
25,ALS_FM,10,300_PLUS,10_49,pa,69,743,513,6510,0.5830864497914321,DESCRIPTIVE
25,ALS_FM,10,300_PLUS,50_PLUS,mse,107,2253,1638,45123,0.5898490660808033,DESCRIPTIVE
25,ALS_FM,10,300_PLUS,50_PLUS,pa,92,2253,1638,45123,0.6067039469884064,DESCRIPTIVE
25,ALS_FM,30,0,0,mse,0,0,0,0,,NO_DATA
25,ALS_FM,30,0,0,pa,0,0,0,0,,NO_DATA
25,ALS_FM,30,0,1_9,mse,0,0,0,0,,NO_DATA
25,ALS_FM,30,0,1_9,pa,0,0,0,0,,NO_DATA
25,ALS_FM,30,0,10_49,mse,0,0,0,0,,NO_DATA
25,ALS_FM,30,0,10_49,pa,0,0,0,0,,NO_DATA
25,ALS_FM,30,0,50_PLUS,mse,0,0,0,0,,NO_DATA
25,ALS_FM,30,0,50_PLUS,pa,0,0,0,0,,NO_DATA
25,ALS_FM,30,1_9,0,mse,0,0,0,0,,NO_DATA
25,ALS_FM,30,1_9,0,pa,0,0,0,0,,NO_DATA
25,ALS_FM,30,1_9,1_9,mse,0,0,0,0,,NO_DATA
25,ALS_FM,30,1_9,1_9,pa,0,0,0,0,,NO_DATA
25,ALS_FM,30,1_9,10_49,mse,0,0,0,0,,NO_DATA
25,ALS_FM,30,1_9,10_49,pa,0,0,0,0,,NO_DATA
25,ALS_FM,30,1_9,50_PLUS,mse,0,0,0,0,,NO_DATA
25,ALS_FM,30,1_9,50_PLUS,pa,0,0,0,0,,NO_DATA
25,ALS_FM,30,10_29,0,mse,0,0,0,0,,NO_DATA
25,ALS_FM,30,10_29,0,pa,0,0,0,0,,NO_DATA
25,ALS_FM,30,10_29,1_9,mse,0,0,0,0,,NO_DATA
25,ALS_FM,30,10_29,1_9,pa,0,0,0,0,,NO_DATA
25,ALS_FM,30,10_29,10_49,mse,0,0,0,0,,NO_DATA
25,ALS_FM,30,10_29,10_49,pa,0,0,0,0,,NO_DATA
25,ALS_FM,30,10_29,50_PLUS,mse,0,0,0,0,,NO_DATA
25,ALS_FM,30,10_29,50_PLUS,pa,0,0,0,0,,NO_DATA
25,ALS_FM,30,30_99,0,mse,9,30,25,77,0.7153468027207003,DESCRIPTIVE_SMALL_N
25,ALS_FM,30,30_99,0,pa,5,30,25,77,0.72875,DESCRIPTIVE_SMALL_N
25,ALS_FM,30,30_99,1_9,mse,7,14,14,10,1.1209989404163478,DESCRIPTIVE_SMALL_N
25,ALS_FM,30,30_99,1_9,pa,3,14,14,10,0.3111111111111111,DESCRIPTIVE_SMALL_N
25,ALS_FM,30,30_99,10_49,mse,12,35,33,98,0.8276316525063002,DESCRIPTIVE_SMALL_N
25,ALS_FM,30,30_99,10_49,pa,6,35,33,98,0.5340108401084012,DESCRIPTIVE_SMALL_N
25,ALS_FM,30,30_99,50_PLUS,mse,24,457,365,8907,0.589907167327457,DESCRIPTIVE_SMALL_N
25,ALS_FM,30,30_99,50_PLUS,pa,22,457,365,8907,0.643095312512511,DESCRIPTIVE_SMALL_N
25,ALS_FM,30,100_299,0,mse,18,66,59,271,0.6420836303422657,DESCRIPTIVE_SMALL_N
25,ALS_FM,30,100_299,0,pa,8,66,59,271,0.6059782608695652,DESCRIPTIVE_SMALL_N
25,ALS_FM,30,100_299,1_9,mse,15,71,67,275,1.1519382171561605,DESCRIPTIVE_SMALL_N
25,ALS_FM,30,100_299,1_9,pa,7,71,67,275,0.5127968430669106,DESCRIPTIVE_SMALL_N
25,ALS_FM,30,100_299,10_49,mse,20,92,75,299,0.6258599422582994,DESCRIPTIVE_SMALL_N
25,ALS_FM,30,100_299,10_49,pa,15,92,75,299,0.625791865485117,DESCRIPTIVE_SMALL_N
25,ALS_FM,30,100_299,50_PLUS,mse,46,697,566,18807,0.6254242799106935,DESCRIPTIVE
25,ALS_FM,30,100_299,50_PLUS,pa,39,697,566,18807,0.6014425228644164,DESCRIPTIVE
25,ALS_FM,30,300_PLUS,0,mse,68,509,396,5206,0.7196166904146528,DESCRIPTIVE
25,ALS_FM,30,300_PLUS,0,pa,48,509,396,5206,0.5784661167541113,DESCRIPTIVE
25,ALS_FM,30,300_PLUS,1_9,mse,66,655,547,13602,0.6830299662656725,DESCRIPTIVE
25,ALS_FM,30,300_PLUS,1_9,pa,43,655,547,13602,0.5961429759081865,DESCRIPTIVE
25,ALS_FM,30,300_PLUS,10_49,mse,85,743,513,6510,0.6966201636166567,DESCRIPTIVE
25,ALS_FM,30,300_PLUS,10_49,pa,69,743,513,6510,0.613434499318455,DESCRIPTIVE
25,ALS_FM,30,300_PLUS,50_PLUS,mse,107,2253,1638,45123,0.569901124285211,DESCRIPTIVE
25,ALS_FM,30,300_PLUS,50_PLUS,pa,92,2253,1638,45123,0.623182879519938,DESCRIPTIVE
25,RIDGE,0,0,0,mse,38,207,173,2304,1.7420258007518772,DESCRIPTIVE
25,RIDGE,0,0,0,pa,17,207,173,2304,0.6324955725879574,DESCRIPTIVE_SMALL_N
25,RIDGE,0,0,1_9,mse,34,487,446,35482,1.33727938111073,DESCRIPTIVE
25,RIDGE,0,0,1_9,pa,14,487,446,35482,0.5623996613958048,DESCRIPTIVE_SMALL_N
25,RIDGE,0,0,10_49,mse,47,832,638,51867,1.0925178816352736,DESCRIPTIVE
25,RIDGE,0,0,10_49,pa,32,832,638,51867,0.5951563092533348,DESCRIPTIVE
25,RIDGE,0,0,50_PLUS,mse,84,11603,3293,2564251,1.0075837044585743,DESCRIPTIVE
25,RIDGE,0,0,50_PLUS,pa,84,11603,3293,2564251,0.5777834406280378,DESCRIPTIVE
25,RIDGE,0,1_9,0,mse,0,0,0,0,,NO_DATA
25,RIDGE,0,1_9,0,pa,0,0,0,0,,NO_DATA
25,RIDGE,0,1_9,1_9,mse,0,0,0,0,,NO_DATA
25,RIDGE,0,1_9,1_9,pa,0,0,0,0,,NO_DATA
25,RIDGE,0,1_9,10_49,mse,0,0,0,0,,NO_DATA
25,RIDGE,0,1_9,10_49,pa,0,0,0,0,,NO_DATA
25,RIDGE,0,1_9,50_PLUS,mse,1,143,143,8012,0.9030900251255789,DESCRIPTIVE_SMALL_N
25,RIDGE,0,1_9,50_PLUS,pa,1,143,143,8012,0.5844982526210684,DESCRIPTIVE_SMALL_N
25,RIDGE,0,10_29,0,mse,0,0,0,0,,NO_DATA
25,RIDGE,0,10_29,0,pa,0,0,0,0,,NO_DATA
25,RIDGE,0,10_29,1_9,mse,0,0,0,0,,NO_DATA
25,RIDGE,0,10_29,1_9,pa,0,0,0,0,,NO_DATA
25,RIDGE,0,10_29,10_49,mse,0,0,0,0,,NO_DATA
25,RIDGE,0,10_29,10_49,pa,0,0,0,0,,NO_DATA
25,RIDGE,0,10_29,50_PLUS,mse,3,66,62,761,0.508366661661388,DESCRIPTIVE_SMALL_N
25,RIDGE,0,10_29,50_PLUS,pa,3,66,62,761,0.43197661947661947,DESCRIPTIVE_SMALL_N
25,RIDGE,0,30_99,0,mse,9,30,25,77,0.8848716664501658,DESCRIPTIVE_SMALL_N
25,RIDGE,0,30_99,0,pa,5,30,25,77,0.7318749999999999,DESCRIPTIVE_SMALL_N
25,RIDGE,0,30_99,1_9,mse,7,14,14,10,1.185225522473878,DESCRIPTIVE_SMALL_N
25,RIDGE,0,30_99,1_9,pa,3,14,14,10,0.4666666666666666,DESCRIPTIVE_SMALL_N
25,RIDGE,0,30_99,10_49,mse,12,35,33,98,0.8250647901836353,DESCRIPTIVE_SMALL_N
25,RIDGE,0,30_99,10_49,pa,6,35,33,98,0.4188346883468835,DESCRIPTIVE_SMALL_N
25,RIDGE,0,30_99,50_PLUS,mse,24,457,365,8907,0.8454213164592314,DESCRIPTIVE_SMALL_N
25,RIDGE,0,30_99,50_PLUS,pa,22,457,365,8907,0.5205475824984886,DESCRIPTIVE_SMALL_N
25,RIDGE,0,100_299,0,mse,18,66,59,271,0.8640126947362519,DESCRIPTIVE_SMALL_N
25,RIDGE,0,100_299,0,pa,8,66,59,271,0.6479468599033816,DESCRIPTIVE_SMALL_N
25,RIDGE,0,100_299,1_9,mse,15,71,67,275,1.443290746824996,DESCRIPTIVE_SMALL_N
25,RIDGE,0,100_299,1_9,pa,7,71,67,275,0.45604827780371665,DESCRIPTIVE_SMALL_N
25,RIDGE,0,100_299,10_49,mse,20,92,75,299,0.7727454089939488,DESCRIPTIVE_SMALL_N
25,RIDGE,0,100_299,10_49,pa,15,92,75,299,0.5614929845489661,DESCRIPTIVE_SMALL_N
25,RIDGE,0,100_299,50_PLUS,mse,46,697,566,18807,0.7454391021080807,DESCRIPTIVE
25,RIDGE,0,100_299,50_PLUS,pa,39,697,566,18807,0.595545836765107,DESCRIPTIVE
25,RIDGE,0,300_PLUS,0,mse,68,509,396,5206,0.8225612106437457,DESCRIPTIVE
25,RIDGE,0,300_PLUS,0,pa,48,509,396,5206,0.5811892650107391,DESCRIPTIVE
25,RIDGE,0,300_PLUS,1_9,mse,66,655,547,13602,0.8743311201442192,DESCRIPTIVE
25,RIDGE,0,300_PLUS,1_9,pa,43,655,547,13602,0.5429723763990857,DESCRIPTIVE
25,RIDGE,0,300_PLUS,10_49,mse,85,743,513,6510,0.9822082199140114,DESCRIPTIVE
25,RIDGE,0,300_PLUS,10_49,pa,69,743,513,6510,0.5530778425148013,DESCRIPTIVE
25,RIDGE,0,300_PLUS,50_PLUS,mse,107,2253,1638,45123,0.7949472478132666,DESCRIPTIVE
25,RIDGE,0,300_PLUS,50_PLUS,pa,92,2253,1638,45123,0.5849439422150441,DESCRIPTIVE
25,RIDGE,1,0,0,mse,0,0,0,0,,NO_DATA
25,RIDGE,1,0,0,pa,0,0,0,0,,NO_DATA
25,RIDGE,1,0,1_9,mse,0,0,0,0,,NO_DATA
25,RIDGE,1,0,1_9,pa,0,0,0,0,,NO_DATA
25,RIDGE,1,0,10_49,mse,0,0,0,0,,NO_DATA
25,RIDGE,1,0,10_49,pa,0,0,0,0,,NO_DATA
25,RIDGE,1,0,50_PLUS,mse,0,0,0,0,,NO_DATA
25,RIDGE,1,0,50_PLUS,pa,0,0,0,0,,NO_DATA
25,RIDGE,1,1_9,0,mse,0,0,0,0,,NO_DATA
25,RIDGE,1,1_9,0,pa,0,0,0,0,,NO_DATA
25,RIDGE,1,1_9,1_9,mse,0,0,0,0,,NO_DATA
25,RIDGE,1,1_9,1_9,pa,0,0,0,0,,NO_DATA
25,RIDGE,1,1_9,10_49,mse,0,0,0,0,,NO_DATA
25,RIDGE,1,1_9,10_49,pa,0,0,0,0,,NO_DATA
25,RIDGE,1,1_9,50_PLUS,mse,1,143,143,8012,0.9321663697079966,DESCRIPTIVE_SMALL_N
25,RIDGE,1,1_9,50_PLUS,pa,1,143,143,8012,0.5921118322516226,DESCRIPTIVE_SMALL_N
25,RIDGE,1,10_29,0,mse,0,0,0,0,,NO_DATA
25,RIDGE,1,10_29,0,pa,0,0,0,0,,NO_DATA
25,RIDGE,1,10_29,1_9,mse,0,0,0,0,,NO_DATA
25,RIDGE,1,10_29,1_9,pa,0,0,0,0,,NO_DATA
25,RIDGE,1,10_29,10_49,mse,0,0,0,0,,NO_DATA
25,RIDGE,1,10_29,10_49,pa,0,0,0,0,,NO_DATA
25,RIDGE,1,10_29,50_PLUS,mse,3,66,62,761,0.6004446891140347,DESCRIPTIVE_SMALL_N
25,RIDGE,1,10_29,50_PLUS,pa,3,66,62,761,0.32510188760188763,DESCRIPTIVE_SMALL_N
25,RIDGE,1,30_99,0,mse,9,30,25,77,0.7863827766306942,DESCRIPTIVE_SMALL_N
25,RIDGE,1,30_99,0,pa,5,30,25,77,0.7162499999999999,DESCRIPTIVE_SMALL_N
25,RIDGE,1,30_99,1_9,mse,7,14,14,10,1.569229964514413,DESCRIPTIVE_SMALL_N
25,RIDGE,1,30_99,1_9,pa,3,14,14,10,0.4666666666666666,DESCRIPTIVE_SMALL_N
25,RIDGE,1,30_99,10_49,mse,12,35,33,98,1.0220642419032597,DESCRIPTIVE_SMALL_N
25,RIDGE,1,30_99,10_49,pa,6,35,33,98,0.40514905149051494,DESCRIPTIVE_SMALL_N
25,RIDGE,1,30_99,50_PLUS,mse,24,457,365,8907,1.012271772980715,DESCRIPTIVE_SMALL_N
25,RIDGE,1,30_99,50_PLUS,pa,22,457,365,8907,0.5233147349922912,DESCRIPTIVE_SMALL_N
25,RIDGE,1,100_299,0,mse,18,66,59,271,0.8750334331666334,DESCRIPTIVE_SMALL_N
25,RIDGE,1,100_299,0,pa,8,66,59,271,0.6452294685990339,DESCRIPTIVE_SMALL_N
25,RIDGE,1,100_299,1_9,mse,15,71,67,275,1.2110372001273584,DESCRIPTIVE_SMALL_N
25,RIDGE,1,100_299,1_9,pa,7,71,67,275,0.49009396455007853,DESCRIPTIVE_SMALL_N
25,RIDGE,1,100_299,10_49,mse,20,92,75,299,0.7704277395390688,DESCRIPTIVE_SMALL_N
25,RIDGE,1,100_299,10_49,pa,15,92,75,299,0.530744575096569,DESCRIPTIVE_SMALL_N
25,RIDGE,1,100_299,50_PLUS,mse,46,697,566,18807,0.8118487060390346,DESCRIPTIVE
25,RIDGE,1,100_299,50_PLUS,pa,39,697,566,18807,0.584968791096338,DESCRIPTIVE
25,RIDGE,1,300_PLUS,0,mse,68,509,396,5206,0.7664249873931714,DESCRIPTIVE
25,RIDGE,1,300_PLUS,0,pa,48,509,396,5206,0.553229160074323,DESCRIPTIVE
25,RIDGE,1,300_PLUS,1_9,mse,66,655,547,13602,0.7944963400019697,DESCRIPTIVE
25,RIDGE,1,300_PLUS,1_9,pa,43,655,547,13602,0.5566704386569694,DESCRIPTIVE
25,RIDGE,1,300_PLUS,10_49,mse,85,743,513,6510,0.8969977435138813,DESCRIPTIVE
25,RIDGE,1,300_PLUS,10_49,pa,69,743,513,6510,0.531062722288132,DESCRIPTIVE
25,RIDGE,1,300_PLUS,50_PLUS,mse,107,2253,1638,45123,0.7302345165232247,DESCRIPTIVE
25,RIDGE,1,300_PLUS,50_PLUS,pa,92,2253,1638,45123,0.5589391803998067,DESCRIPTIVE
25,RIDGE,5,0,0,mse,0,0,0,0,,NO_DATA
25,RIDGE,5,0,0,pa,0,0,0,0,,NO_DATA
25,RIDGE,5,0,1_9,mse,0,0,0,0,,NO_DATA
25,RIDGE,5,0,1_9,pa,0,0,0,0,,NO_DATA
25,RIDGE,5,0,10_49,mse,0,0,0,0,,NO_DATA
25,RIDGE,5,0,10_49,pa,0,0,0,0,,NO_DATA
25,RIDGE,5,0,50_PLUS,mse,0,0,0,0,,NO_DATA
25,RIDGE,5,0,50_PLUS,pa,0,0,0,0,,NO_DATA
25,RIDGE,5,1_9,0,mse,0,0,0,0,,NO_DATA
25,RIDGE,5,1_9,0,pa,0,0,0,0,,NO_DATA
25,RIDGE,5,1_9,1_9,mse,0,0,0,0,,NO_DATA
25,RIDGE,5,1_9,1_9,pa,0,0,0,0,,NO_DATA
25,RIDGE,5,1_9,10_49,mse,0,0,0,0,,NO_DATA
25,RIDGE,5,1_9,10_49,pa,0,0,0,0,,NO_DATA
25,RIDGE,5,1_9,50_PLUS,mse,0,0,0,0,,NO_DATA
25,RIDGE,5,1_9,50_PLUS,pa,0,0,0,0,,NO_DATA
25,RIDGE,5,10_29,0,mse,0,0,0,0,,NO_DATA
25,RIDGE,5,10_29,0,pa,0,0,0,0,,NO_DATA
25,RIDGE,5,10_29,1_9,mse,0,0,0,0,,NO_DATA
25,RIDGE,5,10_29,1_9,pa,0,0,0,0,,NO_DATA
25,RIDGE,5,10_29,10_49,mse,0,0,0,0,,NO_DATA
25,RIDGE,5,10_29,10_49,pa,0,0,0,0,,NO_DATA
25,RIDGE,5,10_29,50_PLUS,mse,3,66,62,761,0.49276033805282227,DESCRIPTIVE_SMALL_N
25,RIDGE,5,10_29,50_PLUS,pa,3,66,62,761,0.34718468468468466,DESCRIPTIVE_SMALL_N
25,RIDGE,5,30_99,0,mse,9,30,25,77,0.8285624485697963,DESCRIPTIVE_SMALL_N
25,RIDGE,5,30_99,0,pa,5,30,25,77,0.719375,DESCRIPTIVE_SMALL_N
25,RIDGE,5,30_99,1_9,mse,7,14,14,10,1.2978614395132957,DESCRIPTIVE_SMALL_N
25,RIDGE,5,30_99,1_9,pa,3,14,14,10,0.4666666666666666,DESCRIPTIVE_SMALL_N
25,RIDGE,5,30_99,10_49,mse,12,35,33,98,0.8576332931565959,DESCRIPTIVE_SMALL_N
25,RIDGE,5,30_99,10_49,pa,6,35,33,98,0.41734417344173447,DESCRIPTIVE_SMALL_N
25,RIDGE,5,30_99,50_PLUS,mse,24,457,365,8907,0.8558153975448318,DESCRIPTIVE_SMALL_N
25,RIDGE,5,30_99,50_PLUS,pa,22,457,365,8907,0.5116410213180886,DESCRIPTIVE_SMALL_N
25,RIDGE,5,100_299,0,mse,18,66,59,271,0.8520175765553603,DESCRIPTIVE_SMALL_N
25,RIDGE,5,100_299,0,pa,8,66,59,271,0.5884661835748792,DESCRIPTIVE_SMALL_N
25,RIDGE,5,100_299,1_9,mse,15,71,67,275,1.2775080654886861,DESCRIPTIVE_SMALL_N
25,RIDGE,5,100_299,1_9,pa,7,71,67,275,0.5290453232688792,DESCRIPTIVE_SMALL_N
25,RIDGE,5,100_299,10_49,mse,20,92,75,299,0.7204488678222822,DESCRIPTIVE_SMALL_N
25,RIDGE,5,100_299,10_49,pa,15,92,75,299,0.5329206430356737,DESCRIPTIVE_SMALL_N
25,RIDGE,5,100_299,50_PLUS,mse,46,697,566,18807,0.7461366984742098,DESCRIPTIVE
25,RIDGE,5,100_299,50_PLUS,pa,39,697,566,18807,0.6082892433509867,DESCRIPTIVE
25,RIDGE,5,300_PLUS,0,mse,68,509,396,5206,0.7253018069934489,DESCRIPTIVE
25,RIDGE,5,300_PLUS,0,pa,48,509,396,5206,0.5762718871698717,DESCRIPTIVE
25,RIDGE,5,300_PLUS,1_9,mse,66,655,547,13602,0.7760945619190114,DESCRIPTIVE
25,RIDGE,5,300_PLUS,1_9,pa,43,655,547,13602,0.5302908552164339,DESCRIPTIVE
25,RIDGE,5,300_PLUS,10_49,mse,85,743,513,6510,0.8675768218615798,DESCRIPTIVE
25,RIDGE,5,300_PLUS,10_49,pa,69,743,513,6510,0.560228818513524,DESCRIPTIVE
25,RIDGE,5,300_PLUS,50_PLUS,mse,107,2253,1638,45123,0.7117272311832019,DESCRIPTIVE
25,RIDGE,5,300_PLUS,50_PLUS,pa,92,2253,1638,45123,0.5634158332727178,DESCRIPTIVE
25,RIDGE,10,0,0,mse,0,0,0,0,,NO_DATA
25,RIDGE,10,0,0,pa,0,0,0,0,,NO_DATA
25,RIDGE,10,0,1_9,mse,0,0,0,0,,NO_DATA
25,RIDGE,10,0,1_9,pa,0,0,0,0,,NO_DATA
25,RIDGE,10,0,10_49,mse,0,0,0,0,,NO_DATA
25,RIDGE,10,0,10_49,pa,0,0,0,0,,NO_DATA
25,RIDGE,10,0,50_PLUS,mse,0,0,0,0,,NO_DATA
25,RIDGE,10,0,50_PLUS,pa,0,0,0,0,,NO_DATA
25,RIDGE,10,1_9,0,mse,0,0,0,0,,NO_DATA
25,RIDGE,10,1_9,0,pa,0,0,0,0,,NO_DATA
25,RIDGE,10,1_9,1_9,mse,0,0,0,0,,NO_DATA
25,RIDGE,10,1_9,1_9,pa,0,0,0,0,,NO_DATA
25,RIDGE,10,1_9,10_49,mse,0,0,0,0,,NO_DATA
25,RIDGE,10,1_9,10_49,pa,0,0,0,0,,NO_DATA
25,RIDGE,10,1_9,50_PLUS,mse,0,0,0,0,,NO_DATA
25,RIDGE,10,1_9,50_PLUS,pa,0,0,0,0,,NO_DATA
25,RIDGE,10,10_29,0,mse,0,0,0,0,,NO_DATA
25,RIDGE,10,10_29,0,pa,0,0,0,0,,NO_DATA
25,RIDGE,10,10_29,1_9,mse,0,0,0,0,,NO_DATA
25,RIDGE,10,10_29,1_9,pa,0,0,0,0,,NO_DATA
25,RIDGE,10,10_29,10_49,mse,0,0,0,0,,NO_DATA
25,RIDGE,10,10_29,10_49,pa,0,0,0,0,,NO_DATA
25,RIDGE,10,10_29,50_PLUS,mse,3,66,62,761,0.47839065467191144,DESCRIPTIVE_SMALL_N
25,RIDGE,10,10_29,50_PLUS,pa,3,66,62,761,0.45101351351351354,DESCRIPTIVE_SMALL_N
25,RIDGE,10,30_99,0,mse,9,30,25,77,0.8332368318557746,DESCRIPTIVE_SMALL_N
25,RIDGE,10,30_99,0,pa,5,30,25,77,0.719375,DESCRIPTIVE_SMALL_N
25,RIDGE,10,30_99,1_9,mse,7,14,14,10,1.3177243324434424,DESCRIPTIVE_SMALL_N
25,RIDGE,10,30_99,1_9,pa,3,14,14,10,0.4666666666666666,DESCRIPTIVE_SMALL_N
25,RIDGE,10,30_99,10_49,mse,12,35,33,98,0.8725119969505619,DESCRIPTIVE_SMALL_N
25,RIDGE,10,30_99,10_49,pa,6,35,33,98,0.44864498644986456,DESCRIPTIVE_SMALL_N
25,RIDGE,10,30_99,50_PLUS,mse,24,457,365,8907,0.8041532870667142,DESCRIPTIVE_SMALL_N
25,RIDGE,10,30_99,50_PLUS,pa,22,457,365,8907,0.49647989818968197,DESCRIPTIVE_SMALL_N
25,RIDGE,10,100_299,0,mse,18,66,59,271,0.8540147832900792,DESCRIPTIVE_SMALL_N
25,RIDGE,10,100_299,0,pa,8,66,59,271,0.5948067632850241,DESCRIPTIVE_SMALL_N
25,RIDGE,10,100_299,1_9,mse,15,71,67,275,1.2092014438446432,DESCRIPTIVE_SMALL_N
25,RIDGE,10,100_299,1_9,pa,7,71,67,275,0.5350111004274545,DESCRIPTIVE_SMALL_N
25,RIDGE,10,100_299,10_49,mse,20,92,75,299,0.6980666178469381,DESCRIPTIVE_SMALL_N
25,RIDGE,10,100_299,10_49,pa,15,92,75,299,0.5705903487843672,DESCRIPTIVE_SMALL_N
25,RIDGE,10,100_299,50_PLUS,mse,46,697,566,18807,0.7243189520935766,DESCRIPTIVE
25,RIDGE,10,100_299,50_PLUS,pa,39,697,566,18807,0.6083000955149752,DESCRIPTIVE
25,RIDGE,10,300_PLUS,0,mse,68,509,396,5206,0.7210151688455347,DESCRIPTIVE
25,RIDGE,10,300_PLUS,0,pa,48,509,396,5206,0.5837430461569224,DESCRIPTIVE
25,RIDGE,10,300_PLUS,1_9,mse,66,655,547,13602,0.7493246981754101,DESCRIPTIVE
25,RIDGE,10,300_PLUS,1_9,pa,43,655,547,13602,0.5618534480366054,DESCRIPTIVE
25,RIDGE,10,300_PLUS,10_49,mse,85,743,513,6510,0.868178022870905,DESCRIPTIVE
25,RIDGE,10,300_PLUS,10_49,pa,69,743,513,6510,0.5618282319246901,DESCRIPTIVE
25,RIDGE,10,300_PLUS,50_PLUS,mse,107,2253,1638,45123,0.7061811488724921,DESCRIPTIVE
25,RIDGE,10,300_PLUS,50_PLUS,pa,92,2253,1638,45123,0.5765855177467804,DESCRIPTIVE
25,RIDGE,30,0,0,mse,0,0,0,0,,NO_DATA
25,RIDGE,30,0,0,pa,0,0,0,0,,NO_DATA
25,RIDGE,30,0,1_9,mse,0,0,0,0,,NO_DATA
25,RIDGE,30,0,1_9,pa,0,0,0,0,,NO_DATA
25,RIDGE,30,0,10_49,mse,0,0,0,0,,NO_DATA
25,RIDGE,30,0,10_49,pa,0,0,0,0,,NO_DATA
25,RIDGE,30,0,50_PLUS,mse,0,0,0,0,,NO_DATA
25,RIDGE,30,0,50_PLUS,pa,0,0,0,0,,NO_DATA
25,RIDGE,30,1_9,0,mse,0,0,0,0,,NO_DATA
25,RIDGE,30,1_9,0,pa,0,0,0,0,,NO_DATA
25,RIDGE,30,1_9,1_9,mse,0,0,0,0,,NO_DATA
25,RIDGE,30,1_9,1_9,pa,0,0,0,0,,NO_DATA
25,RIDGE,30,1_9,10_49,mse,0,0,0,0,,NO_DATA
25,RIDGE,30,1_9,10_49,pa,0,0,0,0,,NO_DATA
25,RIDGE,30,1_9,50_PLUS,mse,0,0,0,0,,NO_DATA
25,RIDGE,30,1_9,50_PLUS,pa,0,0,0,0,,NO_DATA
25,RIDGE,30,10_29,0,mse,0,0,0,0,,NO_DATA
25,RIDGE,30,10_29,0,pa,0,0,0,0,,NO_DATA
25,RIDGE,30,10_29,1_9,mse,0,0,0,0,,NO_DATA
25,RIDGE,30,10_29,1_9,pa,0,0,0,0,,NO_DATA
25,RIDGE,30,10_29,10_49,mse,0,0,0,0,,NO_DATA
25,RIDGE,30,10_29,10_49,pa,0,0,0,0,,NO_DATA
25,RIDGE,30,10_29,50_PLUS,mse,0,0,0,0,,NO_DATA
25,RIDGE,30,10_29,50_PLUS,pa,0,0,0,0,,NO_DATA
25,RIDGE,30,30_99,0,mse,9,30,25,77,0.8367758583115612,DESCRIPTIVE_SMALL_N
25,RIDGE,30,30_99,0,pa,5,30,25,77,0.71875,DESCRIPTIVE_SMALL_N
25,RIDGE,30,30_99,1_9,mse,7,14,14,10,1.3711276596648219,DESCRIPTIVE_SMALL_N
25,RIDGE,30,30_99,1_9,pa,3,14,14,10,0.4666666666666666,DESCRIPTIVE_SMALL_N
25,RIDGE,30,30_99,10_49,mse,12,35,33,98,0.8818293837157931,DESCRIPTIVE_SMALL_N
25,RIDGE,30,30_99,10_49,pa,6,35,33,98,0.41531165311653123,DESCRIPTIVE_SMALL_N
25,RIDGE,30,30_99,50_PLUS,mse,24,457,365,8907,0.7797414202134686,DESCRIPTIVE_SMALL_N
25,RIDGE,30,30_99,50_PLUS,pa,22,457,365,8907,0.5498272031943153,DESCRIPTIVE_SMALL_N
25,RIDGE,30,100_299,0,mse,18,66,59,271,0.8193456155318565,DESCRIPTIVE_SMALL_N
25,RIDGE,30,100_299,0,pa,8,66,59,271,0.591183574879227,DESCRIPTIVE_SMALL_N
25,RIDGE,30,100_299,1_9,mse,15,71,67,275,1.1880716766839463,DESCRIPTIVE_SMALL_N
25,RIDGE,30,100_299,1_9,pa,7,71,67,275,0.49597455557695624,DESCRIPTIVE_SMALL_N
25,RIDGE,30,100_299,10_49,mse,20,92,75,299,0.7119931042270874,DESCRIPTIVE_SMALL_N
25,RIDGE,30,100_299,10_49,pa,15,92,75,299,0.6451117643717338,DESCRIPTIVE_SMALL_N
25,RIDGE,30,100_299,50_PLUS,mse,46,697,566,18807,0.7316757737830252,DESCRIPTIVE
25,RIDGE,30,100_299,50_PLUS,pa,39,697,566,18807,0.5890271301109122,DESCRIPTIVE
25,RIDGE,30,300_PLUS,0,mse,68,509,396,5206,0.7200076716975667,DESCRIPTIVE
25,RIDGE,30,300_PLUS,0,pa,48,509,396,5206,0.5912670603052401,DESCRIPTIVE
25,RIDGE,30,300_PLUS,1_9,mse,66,655,547,13602,0.7348233428414803,DESCRIPTIVE
25,RIDGE,30,300_PLUS,1_9,pa,43,655,547,13602,0.5551466529926593,DESCRIPTIVE
25,RIDGE,30,300_PLUS,10_49,mse,85,743,513,6510,0.8529124803350858,DESCRIPTIVE
25,RIDGE,30,300_PLUS,10_49,pa,69,743,513,6510,0.564040717070977,DESCRIPTIVE
25,RIDGE,30,300_PLUS,50_PLUS,mse,107,2253,1638,45123,0.7039014803310789,DESCRIPTIVE
25,RIDGE,30,300_PLUS,50_PLUS,pa,92,2253,1638,45123,0.5899096630899282,DESCRIPTIVE
25,GBT,0,0,0,mse,38,207,173,2304,1.6784195074384172,DESCRIPTIVE
25,GBT,0,0,0,pa,17,207,173,2304,0.6340551782370183,DESCRIPTIVE_SMALL_N
25,GBT,0,0,1_9,mse,34,487,446,35482,1.3049022675992978,DESCRIPTIVE
25,GBT,0,0,1_9,pa,14,487,446,35482,0.5323255552081213,DESCRIPTIVE_SMALL_N
25,GBT,0,0,10_49,mse,47,832,638,51867,1.0495044209504827,DESCRIPTIVE
25,GBT,0,0,10_49,pa,32,832,638,51867,0.6328598114602307,DESCRIPTIVE
25,GBT,0,0,50_PLUS,mse,84,11603,3293,2564251,0.9859634349444822,DESCRIPTIVE
25,GBT,0,0,50_PLUS,pa,84,11603,3293,2564251,0.5869126506767202,DESCRIPTIVE
25,GBT,0,1_9,0,mse,0,0,0,0,,NO_DATA
25,GBT,0,1_9,0,pa,0,0,0,0,,NO_DATA
25,GBT,0,1_9,1_9,mse,0,0,0,0,,NO_DATA
25,GBT,0,1_9,1_9,pa,0,0,0,0,,NO_DATA
25,GBT,0,1_9,10_49,mse,0,0,0,0,,NO_DATA
25,GBT,0,1_9,10_49,pa,0,0,0,0,,NO_DATA
25,GBT,0,1_9,50_PLUS,mse,1,143,143,8012,0.9098875460104346,DESCRIPTIVE_SMALL_N
25,GBT,0,1_9,50_PLUS,pa,1,143,143,8012,0.5703320019970045,DESCRIPTIVE_SMALL_N
25,GBT,0,10_29,0,mse,0,0,0,0,,NO_DATA
25,GBT,0,10_29,0,pa,0,0,0,0,,NO_DATA
25,GBT,0,10_29,1_9,mse,0,0,0,0,,NO_DATA
25,GBT,0,10_29,1_9,pa,0,0,0,0,,NO_DATA
25,GBT,0,10_29,10_49,mse,0,0,0,0,,NO_DATA
25,GBT,0,10_29,10_49,pa,0,0,0,0,,NO_DATA
25,GBT,0,10_29,50_PLUS,mse,3,66,62,761,0.4782687873586402,DESCRIPTIVE_SMALL_N
25,GBT,0,10_29,50_PLUS,pa,3,66,62,761,0.4471846846846847,DESCRIPTIVE_SMALL_N
25,GBT,0,30_99,0,mse,9,30,25,77,0.8310563977516191,DESCRIPTIVE_SMALL_N
25,GBT,0,30_99,0,pa,5,30,25,77,0.70125,DESCRIPTIVE_SMALL_N
25,GBT,0,30_99,1_9,mse,7,14,14,10,1.28421083511693,DESCRIPTIVE_SMALL_N
25,GBT,0,30_99,1_9,pa,3,14,14,10,0.4666666666666666,DESCRIPTIVE_SMALL_N
25,GBT,0,30_99,10_49,mse,12,35,33,98,0.7832324017170799,DESCRIPTIVE_SMALL_N
25,GBT,0,30_99,10_49,pa,6,35,33,98,0.5410569105691058,DESCRIPTIVE_SMALL_N
25,GBT,0,30_99,50_PLUS,mse,24,457,365,8907,0.8223229716050842,DESCRIPTIVE_SMALL_N
25,GBT,0,30_99,50_PLUS,pa,22,457,365,8907,0.5235184648306724,DESCRIPTIVE_SMALL_N
25,GBT,0,100_299,0,mse,18,66,59,271,0.8796361031866894,DESCRIPTIVE_SMALL_N
25,GBT,0,100_299,0,pa,8,66,59,271,0.5833333333333333,DESCRIPTIVE_SMALL_N
25,GBT,0,100_299,1_9,mse,15,71,67,275,1.4060103490953053,DESCRIPTIVE_SMALL_N
25,GBT,0,100_299,1_9,pa,7,71,67,275,0.5882501407070049,DESCRIPTIVE_SMALL_N
25,GBT,0,100_299,10_49,mse,20,92,75,299,0.835922153335132,DESCRIPTIVE_SMALL_N
25,GBT,0,100_299,10_49,pa,15,92,75,299,0.5530446205407862,DESCRIPTIVE_SMALL_N
25,GBT,0,100_299,50_PLUS,mse,46,697,566,18807,0.7239213958611426,DESCRIPTIVE
25,GBT,0,100_299,50_PLUS,pa,39,697,566,18807,0.6022449741796329,DESCRIPTIVE
25,GBT,0,300_PLUS,0,mse,68,509,396,5206,0.8231867675255586,DESCRIPTIVE
25,GBT,0,300_PLUS,0,pa,48,509,396,5206,0.5857607100148747,DESCRIPTIVE
25,GBT,0,300_PLUS,1_9,mse,66,655,547,13602,0.8332323715607446,DESCRIPTIVE
25,GBT,0,300_PLUS,1_9,pa,43,655,547,13602,0.6014082889580241,DESCRIPTIVE
25,GBT,0,300_PLUS,10_49,mse,85,743,513,6510,0.9929933855033203,DESCRIPTIVE
25,GBT,0,300_PLUS,10_49,pa,69,743,513,6510,0.5411437622926535,DESCRIPTIVE
25,GBT,0,300_PLUS,50_PLUS,mse,107,2253,1638,45123,0.802184205554613,DESCRIPTIVE
25,GBT,0,300_PLUS,50_PLUS,pa,92,2253,1638,45123,0.5917837429863431,DESCRIPTIVE
25,GBT,1,0,0,mse,0,0,0,0,,NO_DATA
25,GBT,1,0,0,pa,0,0,0,0,,NO_DATA
25,GBT,1,0,1_9,mse,0,0,0,0,,NO_DATA
25,GBT,1,0,1_9,pa,0,0,0,0,,NO_DATA
25,GBT,1,0,10_49,mse,0,0,0,0,,NO_DATA
25,GBT,1,0,10_49,pa,0,0,0,0,,NO_DATA
25,GBT,1,0,50_PLUS,mse,0,0,0,0,,NO_DATA
25,GBT,1,0,50_PLUS,pa,0,0,0,0,,NO_DATA
25,GBT,1,1_9,0,mse,0,0,0,0,,NO_DATA
25,GBT,1,1_9,0,pa,0,0,0,0,,NO_DATA
25,GBT,1,1_9,1_9,mse,0,0,0,0,,NO_DATA
25,GBT,1,1_9,1_9,pa,0,0,0,0,,NO_DATA
25,GBT,1,1_9,10_49,mse,0,0,0,0,,NO_DATA
25,GBT,1,1_9,10_49,pa,0,0,0,0,,NO_DATA
25,GBT,1,1_9,50_PLUS,mse,1,143,143,8012,0.9169868948796448,DESCRIPTIVE_SMALL_N
25,GBT,1,1_9,50_PLUS,pa,1,143,143,8012,0.5870569146280579,DESCRIPTIVE_SMALL_N
25,GBT,1,10_29,0,mse,0,0,0,0,,NO_DATA
25,GBT,1,10_29,0,pa,0,0,0,0,,NO_DATA
25,GBT,1,10_29,1_9,mse,0,0,0,0,,NO_DATA
25,GBT,1,10_29,1_9,pa,0,0,0,0,,NO_DATA
25,GBT,1,10_29,10_49,mse,0,0,0,0,,NO_DATA
25,GBT,1,10_29,10_49,pa,0,0,0,0,,NO_DATA
25,GBT,1,10_29,50_PLUS,mse,3,66,62,761,0.4898443002344289,DESCRIPTIVE_SMALL_N
25,GBT,1,10_29,50_PLUS,pa,3,66,62,761,0.48546224796224796,DESCRIPTIVE_SMALL_N
25,GBT,1,30_99,0,mse,9,30,25,77,0.6595095886783776,DESCRIPTIVE_SMALL_N
25,GBT,1,30_99,0,pa,5,30,25,77,0.6589583333333333,DESCRIPTIVE_SMALL_N
25,GBT,1,30_99,1_9,mse,7,14,14,10,1.5495448819888984,DESCRIPTIVE_SMALL_N
25,GBT,1,30_99,1_9,pa,3,14,14,10,0.5,DESCRIPTIVE_SMALL_N
25,GBT,1,30_99,10_49,mse,12,35,33,98,1.0124068617783684,DESCRIPTIVE_SMALL_N
25,GBT,1,30_99,10_49,pa,6,35,33,98,0.5036585365853659,DESCRIPTIVE_SMALL_N
25,GBT,1,30_99,50_PLUS,mse,24,457,365,8907,1.0006254326759807,DESCRIPTIVE_SMALL_N
25,GBT,1,30_99,50_PLUS,pa,22,457,365,8907,0.545265740203047,DESCRIPTIVE_SMALL_N
25,GBT,1,100_299,0,mse,18,66,59,271,0.7905742025557028,DESCRIPTIVE_SMALL_N
25,GBT,1,100_299,0,pa,8,66,59,271,0.6832729468599034,DESCRIPTIVE_SMALL_N
25,GBT,1,100_299,1_9,mse,15,71,67,275,1.266392193287539,DESCRIPTIVE_SMALL_N
25,GBT,1,100_299,1_9,pa,7,71,67,275,0.4878509337624117,DESCRIPTIVE_SMALL_N
25,GBT,1,100_299,10_49,mse,20,92,75,299,0.7003693857875266,DESCRIPTIVE_SMALL_N
25,GBT,1,100_299,10_49,pa,15,92,75,299,0.6387460236309931,DESCRIPTIVE_SMALL_N
25,GBT,1,100_299,50_PLUS,mse,46,697,566,18807,0.7827457316998688,DESCRIPTIVE
25,GBT,1,100_299,50_PLUS,pa,39,697,566,18807,0.5772553658677604,DESCRIPTIVE
25,GBT,1,300_PLUS,0,mse,68,509,396,5206,0.8200394147152023,DESCRIPTIVE
25,GBT,1,300_PLUS,0,pa,48,509,396,5206,0.5518013436518175,DESCRIPTIVE
25,GBT,1,300_PLUS,1_9,mse,66,655,547,13602,0.7572493406227966,DESCRIPTIVE
25,GBT,1,300_PLUS,1_9,pa,43,655,547,13602,0.6246776750091335,DESCRIPTIVE
25,GBT,1,300_PLUS,10_49,mse,85,743,513,6510,0.9686642248806887,DESCRIPTIVE
25,GBT,1,300_PLUS,10_49,pa,69,743,513,6510,0.5263940361464058,DESCRIPTIVE
25,GBT,1,300_PLUS,50_PLUS,mse,107,2253,1638,45123,0.7726676976351675,DESCRIPTIVE
25,GBT,1,300_PLUS,50_PLUS,pa,92,2253,1638,45123,0.5553338113172098,DESCRIPTIVE
25,GBT,5,0,0,mse,0,0,0,0,,NO_DATA
25,GBT,5,0,0,pa,0,0,0,0,,NO_DATA
25,GBT,5,0,1_9,mse,0,0,0,0,,NO_DATA
25,GBT,5,0,1_9,pa,0,0,0,0,,NO_DATA
25,GBT,5,0,10_49,mse,0,0,0,0,,NO_DATA
25,GBT,5,0,10_49,pa,0,0,0,0,,NO_DATA
25,GBT,5,0,50_PLUS,mse,0,0,0,0,,NO_DATA
25,GBT,5,0,50_PLUS,pa,0,0,0,0,,NO_DATA
25,GBT,5,1_9,0,mse,0,0,0,0,,NO_DATA
25,GBT,5,1_9,0,pa,0,0,0,0,,NO_DATA
25,GBT,5,1_9,1_9,mse,0,0,0,0,,NO_DATA
25,GBT,5,1_9,1_9,pa,0,0,0,0,,NO_DATA
25,GBT,5,1_9,10_49,mse,0,0,0,0,,NO_DATA
25,GBT,5,1_9,10_49,pa,0,0,0,0,,NO_DATA
25,GBT,5,1_9,50_PLUS,mse,0,0,0,0,,NO_DATA
25,GBT,5,1_9,50_PLUS,pa,0,0,0,0,,NO_DATA
25,GBT,5,10_29,0,mse,0,0,0,0,,NO_DATA
25,GBT,5,10_29,0,pa,0,0,0,0,,NO_DATA
25,GBT,5,10_29,1_9,mse,0,0,0,0,,NO_DATA
25,GBT,5,10_29,1_9,pa,0,0,0,0,,NO_DATA
25,GBT,5,10_29,10_49,mse,0,0,0,0,,NO_DATA
25,GBT,5,10_29,10_49,pa,0,0,0,0,,NO_DATA
25,GBT,5,10_29,50_PLUS,mse,3,66,62,761,0.4802035093645339,DESCRIPTIVE_SMALL_N
25,GBT,5,10_29,50_PLUS,pa,3,66,62,761,0.3609019734019734,DESCRIPTIVE_SMALL_N
25,GBT,5,30_99,0,mse,9,30,25,77,0.7294956303745436,DESCRIPTIVE_SMALL_N
25,GBT,5,30_99,0,pa,5,30,25,77,0.6845833333333333,DESCRIPTIVE_SMALL_N
25,GBT,5,30_99,1_9,mse,7,14,14,10,1.3730250327960427,DESCRIPTIVE_SMALL_N
25,GBT,5,30_99,1_9,pa,3,14,14,10,0.39999999999999997,DESCRIPTIVE_SMALL_N
25,GBT,5,30_99,10_49,mse,12,35,33,98,0.8541273784309743,DESCRIPTIVE_SMALL_N
25,GBT,5,30_99,10_49,pa,6,35,33,98,0.4636856368563686,DESCRIPTIVE_SMALL_N
25,GBT,5,30_99,50_PLUS,mse,24,457,365,8907,0.9036648513840269,DESCRIPTIVE_SMALL_N
25,GBT,5,30_99,50_PLUS,pa,22,457,365,8907,0.5091470386871368,DESCRIPTIVE_SMALL_N
25,GBT,5,100_299,0,mse,18,66,59,271,0.873056212238057,DESCRIPTIVE_SMALL_N
25,GBT,5,100_299,0,pa,8,66,59,271,0.6056763285024155,DESCRIPTIVE_SMALL_N
25,GBT,5,100_299,1_9,mse,15,71,67,275,1.2377017905589727,DESCRIPTIVE_SMALL_N
25,GBT,5,100_299,1_9,pa,7,71,67,275,0.47603864002963775,DESCRIPTIVE_SMALL_N
25,GBT,5,100_299,10_49,mse,20,92,75,299,0.7087156601303845,DESCRIPTIVE_SMALL_N
25,GBT,5,100_299,10_49,pa,15,92,75,299,0.6518247273346967,DESCRIPTIVE_SMALL_N
25,GBT,5,100_299,50_PLUS,mse,46,697,566,18807,0.7651402525589097,DESCRIPTIVE
25,GBT,5,100_299,50_PLUS,pa,39,697,566,18807,0.5427413672012893,DESCRIPTIVE
25,GBT,5,300_PLUS,0,mse,68,509,396,5206,0.6457373981208115,DESCRIPTIVE
25,GBT,5,300_PLUS,0,pa,48,509,396,5206,0.5427579629409136,DESCRIPTIVE
25,GBT,5,300_PLUS,1_9,mse,66,655,547,13602,0.7448532670865723,DESCRIPTIVE
25,GBT,5,300_PLUS,1_9,pa,43,655,547,13602,0.5320661170274577,DESCRIPTIVE
25,GBT,5,300_PLUS,10_49,mse,85,743,513,6510,0.8348322631968473,DESCRIPTIVE
25,GBT,5,300_PLUS,10_49,pa,69,743,513,6510,0.5308175205894935,DESCRIPTIVE
25,GBT,5,300_PLUS,50_PLUS,mse,107,2253,1638,45123,0.7008307251685112,DESCRIPTIVE
25,GBT,5,300_PLUS,50_PLUS,pa,92,2253,1638,45123,0.5666784728712788,DESCRIPTIVE
25,GBT,10,0,0,mse,0,0,0,0,,NO_DATA
25,GBT,10,0,0,pa,0,0,0,0,,NO_DATA
25,GBT,10,0,1_9,mse,0,0,0,0,,NO_DATA
25,GBT,10,0,1_9,pa,0,0,0,0,,NO_DATA
25,GBT,10,0,10_49,mse,0,0,0,0,,NO_DATA
25,GBT,10,0,10_49,pa,0,0,0,0,,NO_DATA
25,GBT,10,0,50_PLUS,mse,0,0,0,0,,NO_DATA
25,GBT,10,0,50_PLUS,pa,0,0,0,0,,NO_DATA
25,GBT,10,1_9,0,mse,0,0,0,0,,NO_DATA
25,GBT,10,1_9,0,pa,0,0,0,0,,NO_DATA
25,GBT,10,1_9,1_9,mse,0,0,0,0,,NO_DATA
25,GBT,10,1_9,1_9,pa,0,0,0,0,,NO_DATA
25,GBT,10,1_9,10_49,mse,0,0,0,0,,NO_DATA
25,GBT,10,1_9,10_49,pa,0,0,0,0,,NO_DATA
25,GBT,10,1_9,50_PLUS,mse,0,0,0,0,,NO_DATA
25,GBT,10,1_9,50_PLUS,pa,0,0,0,0,,NO_DATA
25,GBT,10,10_29,0,mse,0,0,0,0,,NO_DATA
25,GBT,10,10_29,0,pa,0,0,0,0,,NO_DATA
25,GBT,10,10_29,1_9,mse,0,0,0,0,,NO_DATA
25,GBT,10,10_29,1_9,pa,0,0,0,0,,NO_DATA
25,GBT,10,10_29,10_49,mse,0,0,0,0,,NO_DATA
25,GBT,10,10_29,10_49,pa,0,0,0,0,,NO_DATA
25,GBT,10,10_29,50_PLUS,mse,3,66,62,761,0.4782617043278489,DESCRIPTIVE_SMALL_N
25,GBT,10,10_29,50_PLUS,pa,3,66,62,761,0.5830920205920206,DESCRIPTIVE_SMALL_N
25,GBT,10,30_99,0,mse,9,30,25,77,0.7489029393398074,DESCRIPTIVE_SMALL_N
25,GBT,10,30_99,0,pa,5,30,25,77,0.7214583333333333,DESCRIPTIVE_SMALL_N
25,GBT,10,30_99,1_9,mse,7,14,14,10,1.3485176229925666,DESCRIPTIVE_SMALL_N
25,GBT,10,30_99,1_9,pa,3,14,14,10,0.6,DESCRIPTIVE_SMALL_N
25,GBT,10,30_99,10_49,mse,12,35,33,98,0.9222904217192894,DESCRIPTIVE_SMALL_N
25,GBT,10,30_99,10_49,pa,6,35,33,98,0.3344173441734417,DESCRIPTIVE_SMALL_N
25,GBT,10,30_99,50_PLUS,mse,24,457,365,8907,0.8877152174336246,DESCRIPTIVE_SMALL_N
25,GBT,10,30_99,50_PLUS,pa,22,457,365,8907,0.512235248174703,DESCRIPTIVE_SMALL_N
25,GBT,10,100_299,0,mse,18,66,59,271,1.0073373808585346,DESCRIPTIVE_SMALL_N
25,GBT,10,100_299,0,pa,8,66,59,271,0.7424516908212561,DESCRIPTIVE_SMALL_N
25,GBT,10,100_299,1_9,mse,15,71,67,275,1.2054801747026584,DESCRIPTIVE_SMALL_N
25,GBT,10,100_299,1_9,pa,7,71,67,275,0.5659956947278778,DESCRIPTIVE_SMALL_N
25,GBT,10,100_299,10_49,mse,20,92,75,299,0.667790522844054,DESCRIPTIVE_SMALL_N
25,GBT,10,100_299,10_49,pa,15,92,75,299,0.5607829186548512,DESCRIPTIVE_SMALL_N
25,GBT,10,100_299,50_PLUS,mse,46,697,566,18807,0.7103316465093643,DESCRIPTIVE
25,GBT,10,100_299,50_PLUS,pa,39,697,566,18807,0.550148867403893,DESCRIPTIVE
25,GBT,10,300_PLUS,0,mse,68,509,396,5206,0.678318291380141,DESCRIPTIVE
25,GBT,10,300_PLUS,0,pa,48,509,396,5206,0.5960701311809667,DESCRIPTIVE
25,GBT,10,300_PLUS,1_9,mse,66,655,547,13602,0.7200133006307928,DESCRIPTIVE
25,GBT,10,300_PLUS,1_9,pa,43,655,547,13602,0.624694226308837,DESCRIPTIVE
25,GBT,10,300_PLUS,10_49,mse,85,743,513,6510,0.8245968050812448,DESCRIPTIVE
25,GBT,10,300_PLUS,10_49,pa,69,743,513,6510,0.517887550944119,DESCRIPTIVE
25,GBT,10,300_PLUS,50_PLUS,mse,107,2253,1638,45123,0.6494757191633697,DESCRIPTIVE
25,GBT,10,300_PLUS,50_PLUS,pa,92,2253,1638,45123,0.5801744836172802,DESCRIPTIVE
25,GBT,30,0,0,mse,0,0,0,0,,NO_DATA
25,GBT,30,0,0,pa,0,0,0,0,,NO_DATA
25,GBT,30,0,1_9,mse,0,0,0,0,,NO_DATA
25,GBT,30,0,1_9,pa,0,0,0,0,,NO_DATA
25,GBT,30,0,10_49,mse,0,0,0,0,,NO_DATA
25,GBT,30,0,10_49,pa,0,0,0,0,,NO_DATA
25,GBT,30,0,50_PLUS,mse,0,0,0,0,,NO_DATA
25,GBT,30,0,50_PLUS,pa,0,0,0,0,,NO_DATA
25,GBT,30,1_9,0,mse,0,0,0,0,,NO_DATA
25,GBT,30,1_9,0,pa,0,0,0,0,,NO_DATA
25,GBT,30,1_9,1_9,mse,0,0,0,0,,NO_DATA
25,GBT,30,1_9,1_9,pa,0,0,0,0,,NO_DATA
25,GBT,30,1_9,10_49,mse,0,0,0,0,,NO_DATA
25,GBT,30,1_9,10_49,pa,0,0,0,0,,NO_DATA
25,GBT,30,1_9,50_PLUS,mse,0,0,0,0,,NO_DATA
25,GBT,30,1_9,50_PLUS,pa,0,0,0,0,,NO_DATA
25,GBT,30,10_29,0,mse,0,0,0,0,,NO_DATA
25,GBT,30,10_29,0,pa,0,0,0,0,,NO_DATA
25,GBT,30,10_29,1_9,mse,0,0,0,0,,NO_DATA
25,GBT,30,10_29,1_9,pa,0,0,0,0,,NO_DATA
25,GBT,30,10_29,10_49,mse,0,0,0,0,,NO_DATA
25,GBT,30,10_29,10_49,pa,0,0,0,0,,NO_DATA
25,GBT,30,10_29,50_PLUS,mse,0,0,0,0,,NO_DATA
25,GBT,30,10_29,50_PLUS,pa,0,0,0,0,,NO_DATA
25,GBT,30,30_99,0,mse,9,30,25,77,0.5914194761366021,DESCRIPTIVE_SMALL_N
25,GBT,30,30_99,0,pa,5,30,25,77,0.479375,DESCRIPTIVE_SMALL_N
25,GBT,30,30_99,1_9,mse,7,14,14,10,1.3392375780546355,DESCRIPTIVE_SMALL_N
25,GBT,30,30_99,1_9,pa,3,14,14,10,0.45555555555555555,DESCRIPTIVE_SMALL_N
25,GBT,30,30_99,10_49,mse,12,35,33,98,0.892549946346937,DESCRIPTIVE_SMALL_N
25,GBT,30,30_99,10_49,pa,6,35,33,98,0.47317073170731705,DESCRIPTIVE_SMALL_N
25,GBT,30,30_99,50_PLUS,mse,24,457,365,8907,0.6556378936256998,DESCRIPTIVE_SMALL_N
25,GBT,30,30_99,50_PLUS,pa,22,457,365,8907,0.5631032512032277,DESCRIPTIVE_SMALL_N
25,GBT,30,100_299,0,mse,18,66,59,271,0.8854206857866325,DESCRIPTIVE_SMALL_N
25,GBT,30,100_299,0,pa,8,66,59,271,0.6479468599033816,DESCRIPTIVE_SMALL_N
25,GBT,30,100_299,1_9,mse,15,71,67,275,1.2772238067182278,DESCRIPTIVE_SMALL_N
25,GBT,30,100_299,1_9,pa,7,71,67,275,0.5676505539971407,DESCRIPTIVE_SMALL_N
25,GBT,30,100_299,10_49,mse,20,92,75,299,0.6385003307493878,DESCRIPTIVE_SMALL_N
25,GBT,30,100_299,10_49,pa,15,92,75,299,0.6624497273346966,DESCRIPTIVE_SMALL_N
25,GBT,30,100_299,50_PLUS,mse,46,697,566,18807,0.694833603235538,DESCRIPTIVE
25,GBT,30,100_299,50_PLUS,pa,39,697,566,18807,0.5834660264584313,DESCRIPTIVE
25,GBT,30,300_PLUS,0,mse,68,509,396,5206,0.6437547781505873,DESCRIPTIVE
25,GBT,30,300_PLUS,0,pa,48,509,396,5206,0.5554731029429728,DESCRIPTIVE
25,GBT,30,300_PLUS,1_9,mse,66,655,547,13602,0.6852169671446717,DESCRIPTIVE
25,GBT,30,300_PLUS,1_9,pa,43,655,547,13602,0.5542627220341493,DESCRIPTIVE
25,GBT,30,300_PLUS,10_49,mse,85,743,513,6510,0.811191871757174,DESCRIPTIVE
25,GBT,30,300_PLUS,10_49,pa,69,743,513,6510,0.5703497489138682,DESCRIPTIVE
25,GBT,30,300_PLUS,50_PLUS,mse,107,2253,1638,45123,0.6451762827254115,DESCRIPTIVE
25,GBT,30,300_PLUS,50_PLUS,pa,92,2253,1638,45123,0.5719672676649338,DESCRIPTIVE
50,ALS,0,0,0,mse,38,207,173,2304,1.9438309267957294,DESCRIPTIVE
50,ALS,0,0,0,pa,17,207,173,2304,0.5,DESCRIPTIVE_SMALL_N
50,ALS,0,0,1_9,mse,34,487,446,35482,1.4043821607514915,DESCRIPTIVE
50,ALS,0,0,1_9,pa,14,487,446,35482,0.5,DESCRIPTIVE_SMALL_N
50,ALS,0,0,10_49,mse,47,832,638,51867,1.1167871631823774,DESCRIPTIVE
50,ALS,0,0,10_49,pa,32,832,638,51867,0.5,DESCRIPTIVE
50,ALS,0,0,50_PLUS,mse,84,11603,3293,2564251,1.068597499038525,DESCRIPTIVE
50,ALS,0,0,50_PLUS,pa,84,11603,3293,2564251,0.5,DESCRIPTIVE
50,ALS,0,1_9,0,mse,0,0,0,0,,NO_DATA
50,ALS,0,1_9,0,pa,0,0,0,0,,NO_DATA
50,ALS,0,1_9,1_9,mse,0,0,0,0,,NO_DATA
50,ALS,0,1_9,1_9,pa,0,0,0,0,,NO_DATA
50,ALS,0,1_9,10_49,mse,0,0,0,0,,NO_DATA
50,ALS,0,1_9,10_49,pa,0,0,0,0,,NO_DATA
50,ALS,0,1_9,50_PLUS,mse,1,143,143,8012,0.9263977640009361,DESCRIPTIVE_SMALL_N
50,ALS,0,1_9,50_PLUS,pa,1,143,143,8012,0.5,DESCRIPTIVE_SMALL_N
50,ALS,0,10_29,0,mse,0,0,0,0,,NO_DATA
50,ALS,0,10_29,0,pa,0,0,0,0,,NO_DATA
50,ALS,0,10_29,1_9,mse,0,0,0,0,,NO_DATA
50,ALS,0,10_29,1_9,pa,0,0,0,0,,NO_DATA
50,ALS,0,10_29,10_49,mse,0,0,0,0,,NO_DATA
50,ALS,0,10_29,10_49,pa,0,0,0,0,,NO_DATA
50,ALS,0,10_29,50_PLUS,mse,3,66,62,761,0.4947380783983468,DESCRIPTIVE_SMALL_N
50,ALS,0,10_29,50_PLUS,pa,3,66,62,761,0.5,DESCRIPTIVE_SMALL_N
50,ALS,0,30_99,0,mse,9,30,25,77,0.9745024278208186,DESCRIPTIVE_SMALL_N
50,ALS,0,30_99,0,pa,5,30,25,77,0.5,DESCRIPTIVE_SMALL_N
50,ALS,0,30_99,1_9,mse,7,14,14,10,0.8250436186546091,DESCRIPTIVE_SMALL_N
50,ALS,0,30_99,1_9,pa,3,14,14,10,0.5,DESCRIPTIVE_SMALL_N
50,ALS,0,30_99,10_49,mse,12,35,33,98,0.7187399036631456,DESCRIPTIVE_SMALL_N
50,ALS,0,30_99,10_49,pa,6,35,33,98,0.5,DESCRIPTIVE_SMALL_N
50,ALS,0,30_99,50_PLUS,mse,24,457,365,8907,0.9854797718170127,DESCRIPTIVE_SMALL_N
50,ALS,0,30_99,50_PLUS,pa,22,457,365,8907,0.5,DESCRIPTIVE_SMALL_N
50,ALS,0,100_299,0,mse,18,66,59,271,0.9829803369051133,DESCRIPTIVE_SMALL_N
50,ALS,0,100_299,0,pa,8,66,59,271,0.5,DESCRIPTIVE_SMALL_N
50,ALS,0,100_299,1_9,mse,15,71,67,275,1.5322622433222224,DESCRIPTIVE_SMALL_N
50,ALS,0,100_299,1_9,pa,7,71,67,275,0.5,DESCRIPTIVE_SMALL_N
50,ALS,0,100_299,10_49,mse,20,92,75,299,0.7579090452289183,DESCRIPTIVE_SMALL_N
50,ALS,0,100_299,10_49,pa,15,92,75,299,0.5,DESCRIPTIVE_SMALL_N
50,ALS,0,100_299,50_PLUS,mse,46,697,566,18807,0.7893167059283271,DESCRIPTIVE
50,ALS,0,100_299,50_PLUS,pa,39,697,566,18807,0.5,DESCRIPTIVE
50,ALS,0,300_PLUS,0,mse,68,509,396,5206,0.8577157407774653,DESCRIPTIVE
50,ALS,0,300_PLUS,0,pa,48,509,396,5206,0.5,DESCRIPTIVE
50,ALS,0,300_PLUS,1_9,mse,66,655,547,13602,0.9281267009383826,DESCRIPTIVE
50,ALS,0,300_PLUS,1_9,pa,43,655,547,13602,0.5,DESCRIPTIVE
50,ALS,0,300_PLUS,10_49,mse,85,743,513,6510,0.9192919540561768,DESCRIPTIVE
50,ALS,0,300_PLUS,10_49,pa,69,743,513,6510,0.5,DESCRIPTIVE
50,ALS,0,300_PLUS,50_PLUS,mse,107,2253,1638,45123,0.7952968151135158,DESCRIPTIVE
50,ALS,0,300_PLUS,50_PLUS,pa,92,2253,1638,45123,0.5,DESCRIPTIVE
50,ALS,1,0,0,mse,0,0,0,0,,NO_DATA
50,ALS,1,0,0,pa,0,0,0,0,,NO_DATA
50,ALS,1,0,1_9,mse,0,0,0,0,,NO_DATA
50,ALS,1,0,1_9,pa,0,0,0,0,,NO_DATA
50,ALS,1,0,10_49,mse,0,0,0,0,,NO_DATA
50,ALS,1,0,10_49,pa,0,0,0,0,,NO_DATA
50,ALS,1,0,50_PLUS,mse,0,0,0,0,,NO_DATA
50,ALS,1,0,50_PLUS,pa,0,0,0,0,,NO_DATA
50,ALS,1,1_9,0,mse,0,0,0,0,,NO_DATA
50,ALS,1,1_9,0,pa,0,0,0,0,,NO_DATA
50,ALS,1,1_9,1_9,mse,0,0,0,0,,NO_DATA
50,ALS,1,1_9,1_9,pa,0,0,0,0,,NO_DATA
50,ALS,1,1_9,10_49,mse,0,0,0,0,,NO_DATA
50,ALS,1,1_9,10_49,pa,0,0,0,0,,NO_DATA
50,ALS,1,1_9,50_PLUS,mse,1,143,143,8012,1.2575349386161823,DESCRIPTIVE_SMALL_N
50,ALS,1,1_9,50_PLUS,pa,1,143,143,8012,0.604717923115327,DESCRIPTIVE_SMALL_N
50,ALS,1,10_29,0,mse,0,0,0,0,,NO_DATA
50,ALS,1,10_29,0,pa,0,0,0,0,,NO_DATA
50,ALS,1,10_29,1_9,mse,0,0,0,0,,NO_DATA
50,ALS,1,10_29,1_9,pa,0,0,0,0,,NO_DATA
50,ALS,1,10_29,10_49,mse,0,0,0,0,,NO_DATA
50,ALS,1,10_29,10_49,pa,0,0,0,0,,NO_DATA
50,ALS,1,10_29,50_PLUS,mse,3,66,62,761,0.9963833899116391,DESCRIPTIVE_SMALL_N
50,ALS,1,10_29,50_PLUS,pa,3,66,62,761,0.5423477048477049,DESCRIPTIVE_SMALL_N
50,ALS,1,30_99,0,mse,9,30,25,77,0.7640945971506647,DESCRIPTIVE_SMALL_N
50,ALS,1,30_99,0,pa,5,30,25,77,0.5,DESCRIPTIVE_SMALL_N
50,ALS,1,30_99,1_9,mse,7,14,14,10,4.011365418026453,DESCRIPTIVE_SMALL_N
50,ALS,1,30_99,1_9,pa,3,14,14,10,0.5444444444444444,DESCRIPTIVE_SMALL_N
50,ALS,1,30_99,10_49,mse,12,35,33,98,2.8346587413087163,DESCRIPTIVE_SMALL_N
50,ALS,1,30_99,10_49,pa,6,35,33,98,0.8113821138211382,DESCRIPTIVE_SMALL_N
50,ALS,1,30_99,50_PLUS,mse,24,457,365,8907,2.4194372359714853,DESCRIPTIVE_SMALL_N
50,ALS,1,30_99,50_PLUS,pa,22,457,365,8907,0.6624867868430784,DESCRIPTIVE_SMALL_N
50,ALS,1,100_299,0,mse,18,66,59,271,0.8993227763976012,DESCRIPTIVE_SMALL_N
50,ALS,1,100_299,0,pa,8,66,59,271,0.5,DESCRIPTIVE_SMALL_N
50,ALS,1,100_299,1_9,mse,15,71,67,275,2.791823584054258,DESCRIPTIVE_SMALL_N
50,ALS,1,100_299,1_9,pa,7,71,67,275,0.4657258595368123,DESCRIPTIVE_SMALL_N
50,ALS,1,100_299,10_49,mse,20,92,75,299,1.9536030407896654,DESCRIPTIVE_SMALL_N
50,ALS,1,100_299,10_49,pa,15,92,75,299,0.43890948079981823,DESCRIPTIVE_SMALL_N
50,ALS,1,100_299,50_PLUS,mse,46,697,566,18807,1.7997165481951578,DESCRIPTIVE
50,ALS,1,100_299,50_PLUS,pa,39,697,566,18807,0.5706041617264422,DESCRIPTIVE
50,ALS,1,300_PLUS,0,mse,68,509,396,5206,0.7839799926222311,DESCRIPTIVE
50,ALS,1,300_PLUS,0,pa,48,509,396,5206,0.5,DESCRIPTIVE
50,ALS,1,300_PLUS,1_9,mse,66,655,547,13602,2.9844312452226514,DESCRIPTIVE
50,ALS,1,300_PLUS,1_9,pa,43,655,547,13602,0.5185226727415451,DESCRIPTIVE
50,ALS,1,300_PLUS,10_49,mse,85,743,513,6510,1.6641602380921163,DESCRIPTIVE
50,ALS,1,300_PLUS,10_49,pa,69,743,513,6510,0.6022214468570329,DESCRIPTIVE
50,ALS,1,300_PLUS,50_PLUS,mse,107,2253,1638,45123,1.5813716857255602,DESCRIPTIVE
50,ALS,1,300_PLUS,50_PLUS,pa,92,2253,1638,45123,0.5819495253867869,DESCRIPTIVE
50,ALS,5,0,0,mse,0,0,0,0,,NO_DATA
50,ALS,5,0,0,pa,0,0,0,0,,NO_DATA
50,ALS,5,0,1_9,mse,0,0,0,0,,NO_DATA
50,ALS,5,0,1_9,pa,0,0,0,0,,NO_DATA
50,ALS,5,0,10_49,mse,0,0,0,0,,NO_DATA
50,ALS,5,0,10_49,pa,0,0,0,0,,NO_DATA
50,ALS,5,0,50_PLUS,mse,0,0,0,0,,NO_DATA
50,ALS,5,0,50_PLUS,pa,0,0,0,0,,NO_DATA
50,ALS,5,1_9,0,mse,0,0,0,0,,NO_DATA
50,ALS,5,1_9,0,pa,0,0,0,0,,NO_DATA
50,ALS,5,1_9,1_9,mse,0,0,0,0,,NO_DATA
50,ALS,5,1_9,1_9,pa,0,0,0,0,,NO_DATA
50,ALS,5,1_9,10_49,mse,0,0,0,0,,NO_DATA
50,ALS,5,1_9,10_49,pa,0,0,0,0,,NO_DATA
50,ALS,5,1_9,50_PLUS,mse,0,0,0,0,,NO_DATA
50,ALS,5,1_9,50_PLUS,pa,0,0,0,0,,NO_DATA
50,ALS,5,10_29,0,mse,0,0,0,0,,NO_DATA
50,ALS,5,10_29,0,pa,0,0,0,0,,NO_DATA
50,ALS,5,10_29,1_9,mse,0,0,0,0,,NO_DATA
50,ALS,5,10_29,1_9,pa,0,0,0,0,,NO_DATA
50,ALS,5,10_29,10_49,mse,0,0,0,0,,NO_DATA
50,ALS,5,10_29,10_49,pa,0,0,0,0,,NO_DATA
50,ALS,5,10_29,50_PLUS,mse,3,66,62,761,1.017759993137294,DESCRIPTIVE_SMALL_N
50,ALS,5,10_29,50_PLUS,pa,3,66,62,761,0.5482035607035607,DESCRIPTIVE_SMALL_N
50,ALS,5,30_99,0,mse,9,30,25,77,0.7747792049840206,DESCRIPTIVE_SMALL_N
50,ALS,5,30_99,0,pa,5,30,25,77,0.5,DESCRIPTIVE_SMALL_N
50,ALS,5,30_99,1_9,mse,7,14,14,10,2.3172652387096853,DESCRIPTIVE_SMALL_N
50,ALS,5,30_99,1_9,pa,3,14,14,10,0.43333333333333335,DESCRIPTIVE_SMALL_N
50,ALS,5,30_99,10_49,mse,12,35,33,98,1.3613270005908091,DESCRIPTIVE_SMALL_N
50,ALS,5,30_99,10_49,pa,6,35,33,98,0.5871273712737127,DESCRIPTIVE_SMALL_N
50,ALS,5,30_99,50_PLUS,mse,24,457,365,8907,0.8292527751078534,DESCRIPTIVE_SMALL_N
50,ALS,5,30_99,50_PLUS,pa,22,457,365,8907,0.6362420383283874,DESCRIPTIVE_SMALL_N
50,ALS,5,100_299,0,mse,18,66,59,271,0.9437075057348595,DESCRIPTIVE_SMALL_N
50,ALS,5,100_299,0,pa,8,66,59,271,0.5,DESCRIPTIVE_SMALL_N
50,ALS,5,100_299,1_9,mse,15,71,67,275,2.195219080895027,DESCRIPTIVE_SMALL_N
50,ALS,5,100_299,1_9,pa,7,71,67,275,0.44255724270728025,DESCRIPTIVE_SMALL_N
50,ALS,5,100_299,10_49,mse,20,92,75,299,0.8146134520538844,DESCRIPTIVE_SMALL_N
50,ALS,5,100_299,10_49,pa,15,92,75,299,0.5973284480799818,DESCRIPTIVE_SMALL_N
50,ALS,5,100_299,50_PLUS,mse,46,697,566,18807,0.8627551181128269,DESCRIPTIVE
50,ALS,5,100_299,50_PLUS,pa,39,697,566,18807,0.5967253696707716,DESCRIPTIVE
50,ALS,5,300_PLUS,0,mse,68,509,396,5206,0.7008873780204814,DESCRIPTIVE
50,ALS,5,300_PLUS,0,pa,48,509,396,5206,0.5,DESCRIPTIVE
50,ALS,5,300_PLUS,1_9,mse,66,655,547,13602,2.073200697883664,DESCRIPTIVE
50,ALS,5,300_PLUS,1_9,pa,43,655,547,13602,0.5046470658070754,DESCRIPTIVE
50,ALS,5,300_PLUS,10_49,mse,85,743,513,6510,0.8767014560900157,DESCRIPTIVE
50,ALS,5,300_PLUS,10_49,pa,69,743,513,6510,0.6343526486326672,DESCRIPTIVE
50,ALS,5,300_PLUS,50_PLUS,mse,107,2253,1638,45123,0.7785856250950225,DESCRIPTIVE
50,ALS,5,300_PLUS,50_PLUS,pa,92,2253,1638,45123,0.5851831323988008,DESCRIPTIVE
50,ALS,10,0,0,mse,0,0,0,0,,NO_DATA
50,ALS,10,0,0,pa,0,0,0,0,,NO_DATA
50,ALS,10,0,1_9,mse,0,0,0,0,,NO_DATA
50,ALS,10,0,1_9,pa,0,0,0,0,,NO_DATA
50,ALS,10,0,10_49,mse,0,0,0,0,,NO_DATA
50,ALS,10,0,10_49,pa,0,0,0,0,,NO_DATA
50,ALS,10,0,50_PLUS,mse,0,0,0,0,,NO_DATA
50,ALS,10,0,50_PLUS,pa,0,0,0,0,,NO_DATA
50,ALS,10,1_9,0,mse,0,0,0,0,,NO_DATA
50,ALS,10,1_9,0,pa,0,0,0,0,,NO_DATA
50,ALS,10,1_9,1_9,mse,0,0,0,0,,NO_DATA
50,ALS,10,1_9,1_9,pa,0,0,0,0,,NO_DATA
50,ALS,10,1_9,10_49,mse,0,0,0,0,,NO_DATA
50,ALS,10,1_9,10_49,pa,0,0,0,0,,NO_DATA
50,ALS,10,1_9,50_PLUS,mse,0,0,0,0,,NO_DATA
50,ALS,10,1_9,50_PLUS,pa,0,0,0,0,,NO_DATA
50,ALS,10,10_29,0,mse,0,0,0,0,,NO_DATA
50,ALS,10,10_29,0,pa,0,0,0,0,,NO_DATA
50,ALS,10,10_29,1_9,mse,0,0,0,0,,NO_DATA
50,ALS,10,10_29,1_9,pa,0,0,0,0,,NO_DATA
50,ALS,10,10_29,10_49,mse,0,0,0,0,,NO_DATA
50,ALS,10,10_29,10_49,pa,0,0,0,0,,NO_DATA
50,ALS,10,10_29,50_PLUS,mse,3,66,62,761,1.021805065137514,DESCRIPTIVE_SMALL_N
50,ALS,10,10_29,50_PLUS,pa,3,66,62,761,0.6733376233376234,DESCRIPTIVE_SMALL_N
50,ALS,10,30_99,0,mse,9,30,25,77,0.7870729674822097,DESCRIPTIVE_SMALL_N
50,ALS,10,30_99,0,pa,5,30,25,77,0.5,DESCRIPTIVE_SMALL_N
50,ALS,10,30_99,1_9,mse,7,14,14,10,2.1996924561278837,DESCRIPTIVE_SMALL_N
50,ALS,10,30_99,1_9,pa,3,14,14,10,0.5444444444444444,DESCRIPTIVE_SMALL_N
50,ALS,10,30_99,10_49,mse,12,35,33,98,0.9804451456066355,DESCRIPTIVE_SMALL_N
50,ALS,10,30_99,10_49,pa,6,35,33,98,0.7911924119241193,DESCRIPTIVE_SMALL_N
50,ALS,10,30_99,50_PLUS,mse,24,457,365,8907,0.7791396727806948,DESCRIPTIVE_SMALL_N
50,ALS,10,30_99,50_PLUS,pa,22,457,365,8907,0.6596413700760956,DESCRIPTIVE_SMALL_N
50,ALS,10,100_299,0,mse,18,66,59,271,0.9650835481467033,DESCRIPTIVE_SMALL_N
50,ALS,10,100_299,0,pa,8,66,59,271,0.5,DESCRIPTIVE_SMALL_N
50,ALS,10,100_299,1_9,mse,15,71,67,275,1.871733433503743,DESCRIPTIVE_SMALL_N
50,ALS,10,100_299,1_9,pa,7,71,67,275,0.43387828725413125,DESCRIPTIVE_SMALL_N
50,ALS,10,100_299,10_49,mse,20,92,75,299,0.7874546840530746,DESCRIPTIVE_SMALL_N
50,ALS,10,100_299,10_49,pa,15,92,75,299,0.5792189275164735,DESCRIPTIVE_SMALL_N
50,ALS,10,100_299,50_PLUS,mse,46,697,566,18807,0.7690472370184452,DESCRIPTIVE
50,ALS,10,100_299,50_PLUS,pa,39,697,566,18807,0.6107798617849481,DESCRIPTIVE
50,ALS,10,300_PLUS,0,mse,68,509,396,5206,0.6596220896272351,DESCRIPTIVE
50,ALS,10,300_PLUS,0,pa,48,509,396,5206,0.5,DESCRIPTIVE
50,ALS,10,300_PLUS,1_9,mse,66,655,547,13602,1.8593254675721866,DESCRIPTIVE
50,ALS,10,300_PLUS,1_9,pa,43,655,547,13602,0.5052239245466843,DESCRIPTIVE
50,ALS,10,300_PLUS,10_49,mse,85,743,513,6510,0.672620029966271,DESCRIPTIVE
50,ALS,10,300_PLUS,10_49,pa,69,743,513,6510,0.606385133849091,DESCRIPTIVE
50,ALS,10,300_PLUS,50_PLUS,mse,107,2253,1638,45123,0.575209299819493,DESCRIPTIVE
50,ALS,10,300_PLUS,50_PLUS,pa,92,2253,1638,45123,0.6339436778058011,DESCRIPTIVE
50,ALS,30,0,0,mse,0,0,0,0,,NO_DATA
50,ALS,30,0,0,pa,0,0,0,0,,NO_DATA
50,ALS,30,0,1_9,mse,0,0,0,0,,NO_DATA
50,ALS,30,0,1_9,pa,0,0,0,0,,NO_DATA
50,ALS,30,0,10_49,mse,0,0,0,0,,NO_DATA
50,ALS,30,0,10_49,pa,0,0,0,0,,NO_DATA
50,ALS,30,0,50_PLUS,mse,0,0,0,0,,NO_DATA
50,ALS,30,0,50_PLUS,pa,0,0,0,0,,NO_DATA
50,ALS,30,1_9,0,mse,0,0,0,0,,NO_DATA
50,ALS,30,1_9,0,pa,0,0,0,0,,NO_DATA
50,ALS,30,1_9,1_9,mse,0,0,0,0,,NO_DATA
50,ALS,30,1_9,1_9,pa,0,0,0,0,,NO_DATA
50,ALS,30,1_9,10_49,mse,0,0,0,0,,NO_DATA
50,ALS,30,1_9,10_49,pa,0,0,0,0,,NO_DATA
50,ALS,30,1_9,50_PLUS,mse,0,0,0,0,,NO_DATA
50,ALS,30,1_9,50_PLUS,pa,0,0,0,0,,NO_DATA
50,ALS,30,10_29,0,mse,0,0,0,0,,NO_DATA
50,ALS,30,10_29,0,pa,0,0,0,0,,NO_DATA
50,ALS,30,10_29,1_9,mse,0,0,0,0,,NO_DATA
50,ALS,30,10_29,1_9,pa,0,0,0,0,,NO_DATA
50,ALS,30,10_29,10_49,mse,0,0,0,0,,NO_DATA
50,ALS,30,10_29,10_49,pa,0,0,0,0,,NO_DATA
50,ALS,30,10_29,50_PLUS,mse,0,0,0,0,,NO_DATA
50,ALS,30,10_29,50_PLUS,pa,0,0,0,0,,NO_DATA
50,ALS,30,30_99,0,mse,9,30,25,77,0.7465790814781879,DESCRIPTIVE_SMALL_N
50,ALS,30,30_99,0,pa,5,30,25,77,0.5,DESCRIPTIVE_SMALL_N
50,ALS,30,30_99,1_9,mse,7,14,14,10,1.8166179507212397,DESCRIPTIVE_SMALL_N
50,ALS,30,30_99,1_9,pa,3,14,14,10,0.5444444444444444,DESCRIPTIVE_SMALL_N
50,ALS,30,30_99,10_49,mse,12,35,33,98,0.6805525139940172,DESCRIPTIVE_SMALL_N
50,ALS,30,30_99,10_49,pa,6,35,33,98,0.5911924119241193,DESCRIPTIVE_SMALL_N
50,ALS,30,30_99,50_PLUS,mse,24,457,365,8907,0.5592727261516175,DESCRIPTIVE_SMALL_N
50,ALS,30,30_99,50_PLUS,pa,22,457,365,8907,0.6630356251320181,DESCRIPTIVE_SMALL_N
50,ALS,30,100_299,0,mse,18,66,59,271,1.0009214918160434,DESCRIPTIVE_SMALL_N
50,ALS,30,100_299,0,pa,8,66,59,271,0.5,DESCRIPTIVE_SMALL_N
50,ALS,30,100_299,1_9,mse,15,71,67,275,1.7334288542552752,DESCRIPTIVE_SMALL_N
50,ALS,30,100_299,1_9,pa,7,71,67,275,0.43453147252847174,DESCRIPTIVE_SMALL_N
50,ALS,30,100_299,10_49,mse,20,92,75,299,0.7413362585129912,DESCRIPTIVE_SMALL_N
50,ALS,30,100_299,10_49,pa,15,92,75,299,0.6025524028629856,DESCRIPTIVE_SMALL_N
50,ALS,30,100_299,50_PLUS,mse,46,697,566,18807,0.651181194222848,DESCRIPTIVE
50,ALS,30,100_299,50_PLUS,pa,39,697,566,18807,0.6326081320137478,DESCRIPTIVE
50,ALS,30,300_PLUS,0,mse,68,509,396,5206,0.6638413305209218,DESCRIPTIVE
50,ALS,30,300_PLUS,0,pa,48,509,396,5206,0.5,DESCRIPTIVE
50,ALS,30,300_PLUS,1_9,mse,66,655,547,13602,1.719065828530977,DESCRIPTIVE
50,ALS,30,300_PLUS,1_9,pa,43,655,547,13602,0.5166935138925576,DESCRIPTIVE
50,ALS,30,300_PLUS,10_49,mse,85,743,513,6510,0.6235359282505742,DESCRIPTIVE
50,ALS,30,300_PLUS,10_49,pa,69,743,513,6510,0.6191887791650418,DESCRIPTIVE
50,ALS,30,300_PLUS,50_PLUS,mse,107,2253,1638,45123,0.521021404825317,DESCRIPTIVE
50,ALS,30,300_PLUS,50_PLUS,pa,92,2253,1638,45123,0.6402840073343194,DESCRIPTIVE
50,FM,0,0,0,mse,38,207,173,2304,1.6901480387374672,DESCRIPTIVE
50,FM,0,0,0,pa,17,207,173,2304,0.6688788311118515,DESCRIPTIVE_SMALL_N
50,FM,0,0,1_9,mse,34,487,446,35482,1.2668035678535485,DESCRIPTIVE
50,FM,0,0,1_9,pa,14,487,446,35482,0.5410221494333463,DESCRIPTIVE_SMALL_N
50,FM,0,0,10_49,mse,47,832,638,51867,1.0986434796807882,DESCRIPTIVE
50,FM,0,0,10_49,pa,32,832,638,51867,0.5915090306084695,DESCRIPTIVE
50,FM,0,0,50_PLUS,mse,84,11603,3293,2564251,1.0021412470477369,DESCRIPTIVE
50,FM,0,0,50_PLUS,pa,84,11603,3293,2564251,0.578357281022053,DESCRIPTIVE
50,FM,0,1_9,0,mse,0,0,0,0,,NO_DATA
50,FM,0,1_9,0,pa,0,0,0,0,,NO_DATA
50,FM,0,1_9,1_9,mse,0,0,0,0,,NO_DATA
50,FM,0,1_9,1_9,pa,0,0,0,0,,NO_DATA
50,FM,0,1_9,10_49,mse,0,0,0,0,,NO_DATA
50,FM,0,1_9,10_49,pa,0,0,0,0,,NO_DATA
50,FM,0,1_9,50_PLUS,mse,1,143,143,8012,0.9148259600785774,DESCRIPTIVE_SMALL_N
50,FM,0,1_9,50_PLUS,pa,1,143,143,8012,0.5661507738392412,DESCRIPTIVE_SMALL_N
50,FM,0,10_29,0,mse,0,0,0,0,,NO_DATA
50,FM,0,10_29,0,pa,0,0,0,0,,NO_DATA
50,FM,0,10_29,1_9,mse,0,0,0,0,,NO_DATA
50,FM,0,10_29,1_9,pa,0,0,0,0,,NO_DATA
50,FM,0,10_29,10_49,mse,0,0,0,0,,NO_DATA
50,FM,0,10_29,10_49,pa,0,0,0,0,,NO_DATA
50,FM,0,10_29,50_PLUS,mse,3,66,62,761,0.5011588425221878,DESCRIPTIVE_SMALL_N
50,FM,0,10_29,50_PLUS,pa,3,66,62,761,0.4312312312312312,DESCRIPTIVE_SMALL_N
50,FM,0,30_99,0,mse,9,30,25,77,0.7950868218159359,DESCRIPTIVE_SMALL_N
50,FM,0,30_99,0,pa,5,30,25,77,0.7318749999999999,DESCRIPTIVE_SMALL_N
50,FM,0,30_99,1_9,mse,7,14,14,10,1.347816701781698,DESCRIPTIVE_SMALL_N
50,FM,0,30_99,1_9,pa,3,14,14,10,0.4666666666666666,DESCRIPTIVE_SMALL_N
50,FM,0,30_99,10_49,mse,12,35,33,98,0.9778611559497571,DESCRIPTIVE_SMALL_N
50,FM,0,30_99,10_49,pa,6,35,33,98,0.4703252032520326,DESCRIPTIVE_SMALL_N
50,FM,0,30_99,50_PLUS,mse,24,457,365,8907,0.8408582616237593,DESCRIPTIVE_SMALL_N
50,FM,0,30_99,50_PLUS,pa,22,457,365,8907,0.523303510661814,DESCRIPTIVE_SMALL_N
50,FM,0,100_299,0,mse,18,66,59,271,0.7267491223967776,DESCRIPTIVE_SMALL_N
50,FM,0,100_299,0,pa,8,66,59,271,0.6742149758454106,DESCRIPTIVE_SMALL_N
50,FM,0,100_299,1_9,mse,15,71,67,275,1.5008052912261458,DESCRIPTIVE_SMALL_N
50,FM,0,100_299,1_9,pa,7,71,67,275,0.49695714388137496,DESCRIPTIVE_SMALL_N
50,FM,0,100_299,10_49,mse,20,92,75,299,0.7858210784215505,DESCRIPTIVE_SMALL_N
50,FM,0,100_299,10_49,pa,15,92,75,299,0.5237849352419904,DESCRIPTIVE_SMALL_N
50,FM,0,100_299,50_PLUS,mse,46,697,566,18807,0.7367120994136936,DESCRIPTIVE
50,FM,0,100_299,50_PLUS,pa,39,697,566,18807,0.5825284937402413,DESCRIPTIVE
50,FM,0,300_PLUS,0,mse,68,509,396,5206,0.8903013940326021,DESCRIPTIVE
50,FM,0,300_PLUS,0,pa,48,509,396,5206,0.5564423512945921,DESCRIPTIVE
50,FM,0,300_PLUS,1_9,mse,66,655,547,13602,0.8796593087216594,DESCRIPTIVE
50,FM,0,300_PLUS,1_9,pa,43,655,547,13602,0.6021037787111976,DESCRIPTIVE
50,FM,0,300_PLUS,10_49,mse,85,743,513,6510,1.0149267237760566,DESCRIPTIVE
50,FM,0,300_PLUS,10_49,pa,69,743,513,6510,0.5597086219312872,DESCRIPTIVE
50,FM,0,300_PLUS,50_PLUS,mse,107,2253,1638,45123,0.7999646271881315,DESCRIPTIVE
50,FM,0,300_PLUS,50_PLUS,pa,92,2253,1638,45123,0.5775975410155604,DESCRIPTIVE
50,FM,1,0,0,mse,0,0,0,0,,NO_DATA
50,FM,1,0,0,pa,0,0,0,0,,NO_DATA
50,FM,1,0,1_9,mse,0,0,0,0,,NO_DATA
50,FM,1,0,1_9,pa,0,0,0,0,,NO_DATA
50,FM,1,0,10_49,mse,0,0,0,0,,NO_DATA
50,FM,1,0,10_49,pa,0,0,0,0,,NO_DATA
50,FM,1,0,50_PLUS,mse,0,0,0,0,,NO_DATA
50,FM,1,0,50_PLUS,pa,0,0,0,0,,NO_DATA
50,FM,1,1_9,0,mse,0,0,0,0,,NO_DATA
50,FM,1,1_9,0,pa,0,0,0,0,,NO_DATA
50,FM,1,1_9,1_9,mse,0,0,0,0,,NO_DATA
50,FM,1,1_9,1_9,pa,0,0,0,0,,NO_DATA
50,FM,1,1_9,10_49,mse,0,0,0,0,,NO_DATA
50,FM,1,1_9,10_49,pa,0,0,0,0,,NO_DATA
50,FM,1,1_9,50_PLUS,mse,1,143,143,8012,0.9118708123462926,DESCRIPTIVE_SMALL_N
50,FM,1,1_9,50_PLUS,pa,1,143,143,8012,0.5827508736894658,DESCRIPTIVE_SMALL_N
50,FM,1,10_29,0,mse,0,0,0,0,,NO_DATA
50,FM,1,10_29,0,pa,0,0,0,0,,NO_DATA
50,FM,1,10_29,1_9,mse,0,0,0,0,,NO_DATA
50,FM,1,10_29,1_9,pa,0,0,0,0,,NO_DATA
50,FM,1,10_29,10_49,mse,0,0,0,0,,NO_DATA
50,FM,1,10_29,10_49,pa,0,0,0,0,,NO_DATA
50,FM,1,10_29,50_PLUS,mse,3,66,62,761,0.5520831947387145,DESCRIPTIVE_SMALL_N
50,FM,1,10_29,50_PLUS,pa,3,66,62,761,0.5605694980694981,DESCRIPTIVE_SMALL_N
50,FM,1,30_99,0,mse,9,30,25,77,0.6383597557021492,DESCRIPTIVE_SMALL_N
50,FM,1,30_99,0,pa,5,30,25,77,0.7224999999999999,DESCRIPTIVE_SMALL_N
50,FM,1,30_99,1_9,mse,7,14,14,10,1.8983375383668712,DESCRIPTIVE_SMALL_N
50,FM,1,30_99,1_9,pa,3,14,14,10,0.4666666666666666,DESCRIPTIVE_SMALL_N
50,FM,1,30_99,10_49,mse,12,35,33,98,1.1119338477249594,DESCRIPTIVE_SMALL_N
50,FM,1,30_99,10_49,pa,6,35,33,98,0.5779132791327913,DESCRIPTIVE_SMALL_N
50,FM,1,30_99,50_PLUS,mse,24,457,365,8907,1.033677437836618,DESCRIPTIVE_SMALL_N
50,FM,1,30_99,50_PLUS,pa,22,457,365,8907,0.5302486635797428,DESCRIPTIVE_SMALL_N
50,FM,1,100_299,0,mse,18,66,59,271,0.6983585967939638,DESCRIPTIVE_SMALL_N
50,FM,1,100_299,0,pa,8,66,59,271,0.5498188405797102,DESCRIPTIVE_SMALL_N
50,FM,1,100_299,1_9,mse,15,71,67,275,1.3919977140521718,DESCRIPTIVE_SMALL_N
50,FM,1,100_299,1_9,pa,7,71,67,275,0.5122141674279709,DESCRIPTIVE_SMALL_N
50,FM,1,100_299,10_49,mse,20,92,75,299,0.7518470198188997,DESCRIPTIVE_SMALL_N
50,FM,1,100_299,10_49,pa,15,92,75,299,0.5475426039536468,DESCRIPTIVE_SMALL_N
50,FM,1,100_299,50_PLUS,mse,46,697,566,18807,0.7891745207593569,DESCRIPTIVE
50,FM,1,100_299,50_PLUS,pa,39,697,566,18807,0.576311064540309,DESCRIPTIVE
50,FM,1,300_PLUS,0,mse,68,509,396,5206,0.8047645217644662,DESCRIPTIVE
50,FM,1,300_PLUS,0,pa,48,509,396,5206,0.5407760515058362,DESCRIPTIVE
50,FM,1,300_PLUS,1_9,mse,66,655,547,13602,0.7985158928319944,DESCRIPTIVE
50,FM,1,300_PLUS,1_9,pa,43,655,547,13602,0.5909321205094049,DESCRIPTIVE
50,FM,1,300_PLUS,10_49,mse,85,743,513,6510,0.9108901775525073,DESCRIPTIVE
50,FM,1,300_PLUS,10_49,pa,69,743,513,6510,0.5654479453223297,DESCRIPTIVE
50,FM,1,300_PLUS,50_PLUS,mse,107,2253,1638,45123,0.7097237391180097,DESCRIPTIVE
50,FM,1,300_PLUS,50_PLUS,pa,92,2253,1638,45123,0.5794322433336007,DESCRIPTIVE
50,FM,5,0,0,mse,0,0,0,0,,NO_DATA
50,FM,5,0,0,pa,0,0,0,0,,NO_DATA
50,FM,5,0,1_9,mse,0,0,0,0,,NO_DATA
50,FM,5,0,1_9,pa,0,0,0,0,,NO_DATA
50,FM,5,0,10_49,mse,0,0,0,0,,NO_DATA
50,FM,5,0,10_49,pa,0,0,0,0,,NO_DATA
50,FM,5,0,50_PLUS,mse,0,0,0,0,,NO_DATA
50,FM,5,0,50_PLUS,pa,0,0,0,0,,NO_DATA
50,FM,5,1_9,0,mse,0,0,0,0,,NO_DATA
50,FM,5,1_9,0,pa,0,0,0,0,,NO_DATA
50,FM,5,1_9,1_9,mse,0,0,0,0,,NO_DATA
50,FM,5,1_9,1_9,pa,0,0,0,0,,NO_DATA
50,FM,5,1_9,10_49,mse,0,0,0,0,,NO_DATA
50,FM,5,1_9,10_49,pa,0,0,0,0,,NO_DATA
50,FM,5,1_9,50_PLUS,mse,0,0,0,0,,NO_DATA
50,FM,5,1_9,50_PLUS,pa,0,0,0,0,,NO_DATA
50,FM,5,10_29,0,mse,0,0,0,0,,NO_DATA
50,FM,5,10_29,0,pa,0,0,0,0,,NO_DATA
50,FM,5,10_29,1_9,mse,0,0,0,0,,NO_DATA
50,FM,5,10_29,1_9,pa,0,0,0,0,,NO_DATA
50,FM,5,10_29,10_49,mse,0,0,0,0,,NO_DATA
50,FM,5,10_29,10_49,pa,0,0,0,0,,NO_DATA
50,FM,5,10_29,50_PLUS,mse,3,66,62,761,0.46328098592467387,DESCRIPTIVE_SMALL_N
50,FM,5,10_29,50_PLUS,pa,3,66,62,761,0.33915701415701416,DESCRIPTIVE_SMALL_N
50,FM,5,30_99,0,mse,9,30,25,77,0.7457909984995683,DESCRIPTIVE_SMALL_N
50,FM,5,30_99,0,pa,5,30,25,77,0.588125,DESCRIPTIVE_SMALL_N
50,FM,5,30_99,1_9,mse,7,14,14,10,1.4859232783009602,DESCRIPTIVE_SMALL_N
50,FM,5,30_99,1_9,pa,3,14,14,10,0.4666666666666666,DESCRIPTIVE_SMALL_N
50,FM,5,30_99,10_49,mse,12,35,33,98,0.9580909479234639,DESCRIPTIVE_SMALL_N
50,FM,5,30_99,10_49,pa,6,35,33,98,0.44308943089430897,DESCRIPTIVE_SMALL_N
50,FM,5,30_99,50_PLUS,mse,24,457,365,8907,0.8507762561426038,DESCRIPTIVE_SMALL_N
50,FM,5,30_99,50_PLUS,pa,22,457,365,8907,0.5252577196582929,DESCRIPTIVE_SMALL_N
50,FM,5,100_299,0,mse,18,66,59,271,0.7257273807687813,DESCRIPTIVE_SMALL_N
50,FM,5,100_299,0,pa,8,66,59,271,0.4861111111111111,DESCRIPTIVE_SMALL_N
50,FM,5,100_299,1_9,mse,15,71,67,275,1.4176631529325927,DESCRIPTIVE_SMALL_N
50,FM,5,100_299,1_9,pa,7,71,67,275,0.5468542585196748,DESCRIPTIVE_SMALL_N
50,FM,5,100_299,10_49,mse,20,92,75,299,0.6804357761368948,DESCRIPTIVE_SMALL_N
50,FM,5,100_299,10_49,pa,15,92,75,299,0.5985378323108382,DESCRIPTIVE_SMALL_N
50,FM,5,100_299,50_PLUS,mse,46,697,566,18807,0.7415018724713782,DESCRIPTIVE
50,FM,5,100_299,50_PLUS,pa,39,697,566,18807,0.5946193450915863,DESCRIPTIVE
50,FM,5,300_PLUS,0,mse,68,509,396,5206,0.7518889172390913,DESCRIPTIVE
50,FM,5,300_PLUS,0,pa,48,509,396,5206,0.5786454802235222,DESCRIPTIVE
50,FM,5,300_PLUS,1_9,mse,66,655,547,13602,0.7589695899536055,DESCRIPTIVE
50,FM,5,300_PLUS,1_9,pa,43,655,547,13602,0.5801724615305008,DESCRIPTIVE
50,FM,5,300_PLUS,10_49,mse,85,743,513,6510,0.8196487419842684,DESCRIPTIVE
50,FM,5,300_PLUS,10_49,pa,69,743,513,6510,0.5472874277322535,DESCRIPTIVE
50,FM,5,300_PLUS,50_PLUS,mse,107,2253,1638,45123,0.6769832329594567,DESCRIPTIVE
50,FM,5,300_PLUS,50_PLUS,pa,92,2253,1638,45123,0.5826066405550564,DESCRIPTIVE
50,FM,10,0,0,mse,0,0,0,0,,NO_DATA
50,FM,10,0,0,pa,0,0,0,0,,NO_DATA
50,FM,10,0,1_9,mse,0,0,0,0,,NO_DATA
50,FM,10,0,1_9,pa,0,0,0,0,,NO_DATA
50,FM,10,0,10_49,mse,0,0,0,0,,NO_DATA
50,FM,10,0,10_49,pa,0,0,0,0,,NO_DATA
50,FM,10,0,50_PLUS,mse,0,0,0,0,,NO_DATA
50,FM,10,0,50_PLUS,pa,0,0,0,0,,NO_DATA
50,FM,10,1_9,0,mse,0,0,0,0,,NO_DATA
50,FM,10,1_9,0,pa,0,0,0,0,,NO_DATA
50,FM,10,1_9,1_9,mse,0,0,0,0,,NO_DATA
50,FM,10,1_9,1_9,pa,0,0,0,0,,NO_DATA
50,FM,10,1_9,10_49,mse,0,0,0,0,,NO_DATA
50,FM,10,1_9,10_49,pa,0,0,0,0,,NO_DATA
50,FM,10,1_9,50_PLUS,mse,0,0,0,0,,NO_DATA
50,FM,10,1_9,50_PLUS,pa,0,0,0,0,,NO_DATA
50,FM,10,10_29,0,mse,0,0,0,0,,NO_DATA
50,FM,10,10_29,0,pa,0,0,0,0,,NO_DATA
50,FM,10,10_29,1_9,mse,0,0,0,0,,NO_DATA
50,FM,10,10_29,1_9,pa,0,0,0,0,,NO_DATA
50,FM,10,10_29,10_49,mse,0,0,0,0,,NO_DATA
50,FM,10,10_29,10_49,pa,0,0,0,0,,NO_DATA
50,FM,10,10_29,50_PLUS,mse,3,66,62,761,0.4558017044319407,DESCRIPTIVE_SMALL_N
50,FM,10,10_29,50_PLUS,pa,3,66,62,761,0.5832636207636207,DESCRIPTIVE_SMALL_N
50,FM,10,30_99,0,mse,9,30,25,77,0.7563605989922761,DESCRIPTIVE_SMALL_N
50,FM,10,30_99,0,pa,5,30,25,77,0.7474999999999999,DESCRIPTIVE_SMALL_N
50,FM,10,30_99,1_9,mse,7,14,14,10,1.5253024400712862,DESCRIPTIVE_SMALL_N
50,FM,10,30_99,1_9,pa,3,14,14,10,0.4666666666666666,DESCRIPTIVE_SMALL_N
50,FM,10,30_99,10_49,mse,12,35,33,98,0.9768717990223642,DESCRIPTIVE_SMALL_N
50,FM,10,30_99,10_49,pa,6,35,33,98,0.4723577235772358,DESCRIPTIVE_SMALL_N
50,FM,10,30_99,50_PLUS,mse,24,457,365,8907,0.7833586309387949,DESCRIPTIVE_SMALL_N
50,FM,10,30_99,50_PLUS,pa,22,457,365,8907,0.5255511979944096,DESCRIPTIVE_SMALL_N
50,FM,10,100_299,0,mse,18,66,59,271,0.6781828901757403,DESCRIPTIVE_SMALL_N
50,FM,10,100_299,0,pa,8,66,59,271,0.3559782608695652,DESCRIPTIVE_SMALL_N
50,FM,10,100_299,1_9,mse,15,71,67,275,1.326837595103702,DESCRIPTIVE_SMALL_N
50,FM,10,100_299,1_9,pa,7,71,67,275,0.5039971156625319,DESCRIPTIVE_SMALL_N
50,FM,10,100_299,10_49,mse,20,92,75,299,0.6595904445977909,DESCRIPTIVE_SMALL_N
50,FM,10,100_299,10_49,pa,15,92,75,299,0.6065317541467848,DESCRIPTIVE_SMALL_N
50,FM,10,100_299,50_PLUS,mse,46,697,566,18807,0.704612432371661,DESCRIPTIVE
50,FM,10,100_299,50_PLUS,pa,39,697,566,18807,0.5893709509166378,DESCRIPTIVE
50,FM,10,300_PLUS,0,mse,68,509,396,5206,0.7287800240342622,DESCRIPTIVE
50,FM,10,300_PLUS,0,pa,48,509,396,5206,0.603313882619326,DESCRIPTIVE
50,FM,10,300_PLUS,1_9,mse,66,655,547,13602,0.7269110660693863,DESCRIPTIVE
50,FM,10,300_PLUS,1_9,pa,43,655,547,13602,0.5958777438120259,DESCRIPTIVE
50,FM,10,300_PLUS,10_49,mse,85,743,513,6510,0.8188682778994437,DESCRIPTIVE
50,FM,10,300_PLUS,10_49,pa,69,743,513,6510,0.5535249228570118,DESCRIPTIVE
50,FM,10,300_PLUS,50_PLUS,mse,107,2253,1638,45123,0.6637808243071905,DESCRIPTIVE
50,FM,10,300_PLUS,50_PLUS,pa,92,2253,1638,45123,0.5887638145168432,DESCRIPTIVE
50,FM,30,0,0,mse,0,0,0,0,,NO_DATA
50,FM,30,0,0,pa,0,0,0,0,,NO_DATA
50,FM,30,0,1_9,mse,0,0,0,0,,NO_DATA
50,FM,30,0,1_9,pa,0,0,0,0,,NO_DATA
50,FM,30,0,10_49,mse,0,0,0,0,,NO_DATA
50,FM,30,0,10_49,pa,0,0,0,0,,NO_DATA
50,FM,30,0,50_PLUS,mse,0,0,0,0,,NO_DATA
50,FM,30,0,50_PLUS,pa,0,0,0,0,,NO_DATA
50,FM,30,1_9,0,mse,0,0,0,0,,NO_DATA
50,FM,30,1_9,0,pa,0,0,0,0,,NO_DATA
50,FM,30,1_9,1_9,mse,0,0,0,0,,NO_DATA
50,FM,30,1_9,1_9,pa,0,0,0,0,,NO_DATA
50,FM,30,1_9,10_49,mse,0,0,0,0,,NO_DATA
50,FM,30,1_9,10_49,pa,0,0,0,0,,NO_DATA
50,FM,30,1_9,50_PLUS,mse,0,0,0,0,,NO_DATA
50,FM,30,1_9,50_PLUS,pa,0,0,0,0,,NO_DATA
50,FM,30,10_29,0,mse,0,0,0,0,,NO_DATA
50,FM,30,10_29,0,pa,0,0,0,0,,NO_DATA
50,FM,30,10_29,1_9,mse,0,0,0,0,,NO_DATA
50,FM,30,10_29,1_9,pa,0,0,0,0,,NO_DATA
50,FM,30,10_29,10_49,mse,0,0,0,0,,NO_DATA
50,FM,30,10_29,10_49,pa,0,0,0,0,,NO_DATA
50,FM,30,10_29,50_PLUS,mse,0,0,0,0,,NO_DATA
50,FM,30,10_29,50_PLUS,pa,0,0,0,0,,NO_DATA
50,FM,30,30_99,0,mse,9,30,25,77,0.7034066895784847,DESCRIPTIVE_SMALL_N
50,FM,30,30_99,0,pa,5,30,25,77,0.7318749999999999,DESCRIPTIVE_SMALL_N
50,FM,30,30_99,1_9,mse,7,14,14,10,1.4991343501881382,DESCRIPTIVE_SMALL_N
50,FM,30,30_99,1_9,pa,3,14,14,10,0.4666666666666666,DESCRIPTIVE_SMALL_N
50,FM,30,30_99,10_49,mse,12,35,33,98,0.8977227501666766,DESCRIPTIVE_SMALL_N
50,FM,30,30_99,10_49,pa,6,35,33,98,0.4344173441734418,DESCRIPTIVE_SMALL_N
50,FM,30,30_99,50_PLUS,mse,24,457,365,8907,0.6404198031990381,DESCRIPTIVE_SMALL_N
50,FM,30,30_99,50_PLUS,pa,22,457,365,8907,0.5737566105874925,DESCRIPTIVE_SMALL_N
50,FM,30,100_299,0,mse,18,66,59,271,0.6419677666595991,DESCRIPTIVE_SMALL_N
50,FM,30,100_299,0,pa,8,66,59,271,0.47977053140096615,DESCRIPTIVE_SMALL_N
50,FM,30,100_299,1_9,mse,15,71,67,275,1.3110986652499295,DESCRIPTIVE_SMALL_N
50,FM,30,100_299,1_9,pa,7,71,67,275,0.5164270088501146,DESCRIPTIVE_SMALL_N
50,FM,30,100_299,10_49,mse,20,92,75,299,0.6371452786070387,DESCRIPTIVE_SMALL_N
50,FM,30,100_299,10_49,pa,15,92,75,299,0.6022259145648717,DESCRIPTIVE_SMALL_N
50,FM,30,100_299,50_PLUS,mse,46,697,566,18807,0.6508820506802394,DESCRIPTIVE
50,FM,30,100_299,50_PLUS,pa,39,697,566,18807,0.5831671461796146,DESCRIPTIVE
50,FM,30,300_PLUS,0,mse,68,509,396,5206,0.722828516355209,DESCRIPTIVE
50,FM,30,300_PLUS,0,pa,48,509,396,5206,0.579704875377933,DESCRIPTIVE
50,FM,30,300_PLUS,1_9,mse,66,655,547,13602,0.6877451199521104,DESCRIPTIVE
50,FM,30,300_PLUS,1_9,pa,43,655,547,13602,0.6163164900247117,DESCRIPTIVE
50,FM,30,300_PLUS,10_49,mse,85,743,513,6510,0.7965512310790545,DESCRIPTIVE
50,FM,30,300_PLUS,10_49,pa,69,743,513,6510,0.567704926525848,DESCRIPTIVE
50,FM,30,300_PLUS,50_PLUS,mse,107,2253,1638,45123,0.6394843056468624,DESCRIPTIVE
50,FM,30,300_PLUS,50_PLUS,pa,92,2253,1638,45123,0.5876757646571813,DESCRIPTIVE
50,ALS_FM,0,0,0,mse,38,207,173,2304,1.6901480387374672,DESCRIPTIVE
50,ALS_FM,0,0,0,pa,17,207,173,2304,0.6688788311118515,DESCRIPTIVE_SMALL_N
50,ALS_FM,0,0,1_9,mse,34,487,446,35482,1.2668035678535485,DESCRIPTIVE
50,ALS_FM,0,0,1_9,pa,14,487,446,35482,0.5410221494333463,DESCRIPTIVE_SMALL_N
50,ALS_FM,0,0,10_49,mse,47,832,638,51867,1.0986434796807882,DESCRIPTIVE
50,ALS_FM,0,0,10_49,pa,32,832,638,51867,0.5915090306084695,DESCRIPTIVE
50,ALS_FM,0,0,50_PLUS,mse,84,11603,3293,2564251,1.0021412470477369,DESCRIPTIVE
50,ALS_FM,0,0,50_PLUS,pa,84,11603,3293,2564251,0.578357281022053,DESCRIPTIVE
50,ALS_FM,0,1_9,0,mse,0,0,0,0,,NO_DATA
50,ALS_FM,0,1_9,0,pa,0,0,0,0,,NO_DATA
50,ALS_FM,0,1_9,1_9,mse,0,0,0,0,,NO_DATA
50,ALS_FM,0,1_9,1_9,pa,0,0,0,0,,NO_DATA
50,ALS_FM,0,1_9,10_49,mse,0,0,0,0,,NO_DATA
50,ALS_FM,0,1_9,10_49,pa,0,0,0,0,,NO_DATA
50,ALS_FM,0,1_9,50_PLUS,mse,1,143,143,8012,0.9148259600785774,DESCRIPTIVE_SMALL_N
50,ALS_FM,0,1_9,50_PLUS,pa,1,143,143,8012,0.5661507738392412,DESCRIPTIVE_SMALL_N
50,ALS_FM,0,10_29,0,mse,0,0,0,0,,NO_DATA
50,ALS_FM,0,10_29,0,pa,0,0,0,0,,NO_DATA
50,ALS_FM,0,10_29,1_9,mse,0,0,0,0,,NO_DATA
50,ALS_FM,0,10_29,1_9,pa,0,0,0,0,,NO_DATA
50,ALS_FM,0,10_29,10_49,mse,0,0,0,0,,NO_DATA
50,ALS_FM,0,10_29,10_49,pa,0,0,0,0,,NO_DATA
50,ALS_FM,0,10_29,50_PLUS,mse,3,66,62,761,0.5011588425221878,DESCRIPTIVE_SMALL_N
50,ALS_FM,0,10_29,50_PLUS,pa,3,66,62,761,0.4312312312312312,DESCRIPTIVE_SMALL_N
50,ALS_FM,0,30_99,0,mse,9,30,25,77,0.7950868218159359,DESCRIPTIVE_SMALL_N
50,ALS_FM,0,30_99,0,pa,5,30,25,77,0.7318749999999999,DESCRIPTIVE_SMALL_N
50,ALS_FM,0,30_99,1_9,mse,7,14,14,10,1.347816701781698,DESCRIPTIVE_SMALL_N
50,ALS_FM,0,30_99,1_9,pa,3,14,14,10,0.4666666666666666,DESCRIPTIVE_SMALL_N
50,ALS_FM,0,30_99,10_49,mse,12,35,33,98,0.9778611559497571,DESCRIPTIVE_SMALL_N
50,ALS_FM,0,30_99,10_49,pa,6,35,33,98,0.4703252032520326,DESCRIPTIVE_SMALL_N
50,ALS_FM,0,30_99,50_PLUS,mse,24,457,365,8907,0.8408582616237593,DESCRIPTIVE_SMALL_N
50,ALS_FM,0,30_99,50_PLUS,pa,22,457,365,8907,0.523303510661814,DESCRIPTIVE_SMALL_N
50,ALS_FM,0,100_299,0,mse,18,66,59,271,0.7267491223967776,DESCRIPTIVE_SMALL_N
50,ALS_FM,0,100_299,0,pa,8,66,59,271,0.6742149758454106,DESCRIPTIVE_SMALL_N
50,ALS_FM,0,100_299,1_9,mse,15,71,67,275,1.5008052912261458,DESCRIPTIVE_SMALL_N
50,ALS_FM,0,100_299,1_9,pa,7,71,67,275,0.49695714388137496,DESCRIPTIVE_SMALL_N
50,ALS_FM,0,100_299,10_49,mse,20,92,75,299,0.7858210784215505,DESCRIPTIVE_SMALL_N
50,ALS_FM,0,100_299,10_49,pa,15,92,75,299,0.5237849352419904,DESCRIPTIVE_SMALL_N
50,ALS_FM,0,100_299,50_PLUS,mse,46,697,566,18807,0.7367120994136936,DESCRIPTIVE
50,ALS_FM,0,100_299,50_PLUS,pa,39,697,566,18807,0.5825284937402413,DESCRIPTIVE
50,ALS_FM,0,300_PLUS,0,mse,68,509,396,5206,0.8903013940326021,DESCRIPTIVE
50,ALS_FM,0,300_PLUS,0,pa,48,509,396,5206,0.5564423512945921,DESCRIPTIVE
50,ALS_FM,0,300_PLUS,1_9,mse,66,655,547,13602,0.8796593087216594,DESCRIPTIVE
50,ALS_FM,0,300_PLUS,1_9,pa,43,655,547,13602,0.6021037787111976,DESCRIPTIVE
50,ALS_FM,0,300_PLUS,10_49,mse,85,743,513,6510,1.0149267237760566,DESCRIPTIVE
50,ALS_FM,0,300_PLUS,10_49,pa,69,743,513,6510,0.5597086219312872,DESCRIPTIVE
50,ALS_FM,0,300_PLUS,50_PLUS,mse,107,2253,1638,45123,0.7999646271881315,DESCRIPTIVE
50,ALS_FM,0,300_PLUS,50_PLUS,pa,92,2253,1638,45123,0.5775975410155604,DESCRIPTIVE
50,ALS_FM,1,0,0,mse,0,0,0,0,,NO_DATA
50,ALS_FM,1,0,0,pa,0,0,0,0,,NO_DATA
50,ALS_FM,1,0,1_9,mse,0,0,0,0,,NO_DATA
50,ALS_FM,1,0,1_9,pa,0,0,0,0,,NO_DATA
50,ALS_FM,1,0,10_49,mse,0,0,0,0,,NO_DATA
50,ALS_FM,1,0,10_49,pa,0,0,0,0,,NO_DATA
50,ALS_FM,1,0,50_PLUS,mse,0,0,0,0,,NO_DATA
50,ALS_FM,1,0,50_PLUS,pa,0,0,0,0,,NO_DATA
50,ALS_FM,1,1_9,0,mse,0,0,0,0,,NO_DATA
50,ALS_FM,1,1_9,0,pa,0,0,0,0,,NO_DATA
50,ALS_FM,1,1_9,1_9,mse,0,0,0,0,,NO_DATA
50,ALS_FM,1,1_9,1_9,pa,0,0,0,0,,NO_DATA
50,ALS_FM,1,1_9,10_49,mse,0,0,0,0,,NO_DATA
50,ALS_FM,1,1_9,10_49,pa,0,0,0,0,,NO_DATA
50,ALS_FM,1,1_9,50_PLUS,mse,1,143,143,8012,0.9286099696293382,DESCRIPTIVE_SMALL_N
50,ALS_FM,1,1_9,50_PLUS,pa,1,143,143,8012,0.5993509735396905,DESCRIPTIVE_SMALL_N
50,ALS_FM,1,10_29,0,mse,0,0,0,0,,NO_DATA
50,ALS_FM,1,10_29,0,pa,0,0,0,0,,NO_DATA
50,ALS_FM,1,10_29,1_9,mse,0,0,0,0,,NO_DATA
50,ALS_FM,1,10_29,1_9,pa,0,0,0,0,,NO_DATA
50,ALS_FM,1,10_29,10_49,mse,0,0,0,0,,NO_DATA
50,ALS_FM,1,10_29,10_49,pa,0,0,0,0,,NO_DATA
50,ALS_FM,1,10_29,50_PLUS,mse,3,66,62,761,0.6175512378931746,DESCRIPTIVE_SMALL_N
50,ALS_FM,1,10_29,50_PLUS,pa,3,66,62,761,0.5499678249678249,DESCRIPTIVE_SMALL_N
50,ALS_FM,1,30_99,0,mse,9,30,25,77,0.6383597557021492,DESCRIPTIVE_SMALL_N
50,ALS_FM,1,30_99,0,pa,5,30,25,77,0.7224999999999999,DESCRIPTIVE_SMALL_N
50,ALS_FM,1,30_99,1_9,mse,7,14,14,10,1.7899428465077027,DESCRIPTIVE_SMALL_N
50,ALS_FM,1,30_99,1_9,pa,3,14,14,10,0.4222222222222222,DESCRIPTIVE_SMALL_N
50,ALS_FM,1,30_99,10_49,mse,12,35,33,98,1.2481066404811971,DESCRIPTIVE_SMALL_N
50,ALS_FM,1,30_99,10_49,pa,6,35,33,98,0.6002710027100271,DESCRIPTIVE_SMALL_N
50,ALS_FM,1,30_99,50_PLUS,mse,24,457,365,8907,1.2229530715373609,DESCRIPTIVE_SMALL_N
50,ALS_FM,1,30_99,50_PLUS,pa,22,457,365,8907,0.5575542614960881,DESCRIPTIVE_SMALL_N
50,ALS_FM,1,100_299,0,mse,18,66,59,271,0.6983585967939638,DESCRIPTIVE_SMALL_N
50,ALS_FM,1,100_299,0,pa,8,66,59,271,0.5498188405797102,DESCRIPTIVE_SMALL_N
50,ALS_FM,1,100_299,1_9,mse,15,71,67,275,1.336534916278101,DESCRIPTIVE_SMALL_N
50,ALS_FM,1,100_299,1_9,pa,7,71,67,275,0.5100433949646253,DESCRIPTIVE_SMALL_N
50,ALS_FM,1,100_299,10_49,mse,20,92,75,299,0.861829170111694,DESCRIPTIVE_SMALL_N
50,ALS_FM,1,100_299,10_49,pa,15,92,75,299,0.5402978016359918,DESCRIPTIVE_SMALL_N
50,ALS_FM,1,100_299,50_PLUS,mse,46,697,566,18807,0.9071365855420382,DESCRIPTIVE
50,ALS_FM,1,100_299,50_PLUS,pa,39,697,566,18807,0.5643070372372042,DESCRIPTIVE
50,ALS_FM,1,300_PLUS,0,mse,68,509,396,5206,0.8047645217644662,DESCRIPTIVE
50,ALS_FM,1,300_PLUS,0,pa,48,509,396,5206,0.5407760515058362,DESCRIPTIVE
50,ALS_FM,1,300_PLUS,1_9,mse,66,655,547,13602,0.9334692787790299,DESCRIPTIVE
50,ALS_FM,1,300_PLUS,1_9,pa,43,655,547,13602,0.5575892845328152,DESCRIPTIVE
50,ALS_FM,1,300_PLUS,10_49,mse,85,743,513,6510,0.8683590391165149,DESCRIPTIVE
50,ALS_FM,1,300_PLUS,10_49,pa,69,743,513,6510,0.5881892235867837,DESCRIPTIVE
50,ALS_FM,1,300_PLUS,50_PLUS,mse,107,2253,1638,45123,0.7152414407228316,DESCRIPTIVE
50,ALS_FM,1,300_PLUS,50_PLUS,pa,92,2253,1638,45123,0.5857250581895315,DESCRIPTIVE
50,ALS_FM,5,0,0,mse,0,0,0,0,,NO_DATA
50,ALS_FM,5,0,0,pa,0,0,0,0,,NO_DATA
50,ALS_FM,5,0,1_9,mse,0,0,0,0,,NO_DATA
50,ALS_FM,5,0,1_9,pa,0,0,0,0,,NO_DATA
50,ALS_FM,5,0,10_49,mse,0,0,0,0,,NO_DATA
50,ALS_FM,5,0,10_49,pa,0,0,0,0,,NO_DATA
50,ALS_FM,5,0,50_PLUS,mse,0,0,0,0,,NO_DATA
50,ALS_FM,5,0,50_PLUS,pa,0,0,0,0,,NO_DATA
50,ALS_FM,5,1_9,0,mse,0,0,0,0,,NO_DATA
50,ALS_FM,5,1_9,0,pa,0,0,0,0,,NO_DATA
50,ALS_FM,5,1_9,1_9,mse,0,0,0,0,,NO_DATA
50,ALS_FM,5,1_9,1_9,pa,0,0,0,0,,NO_DATA
50,ALS_FM,5,1_9,10_49,mse,0,0,0,0,,NO_DATA
50,ALS_FM,5,1_9,10_49,pa,0,0,0,0,,NO_DATA
50,ALS_FM,5,1_9,50_PLUS,mse,0,0,0,0,,NO_DATA
50,ALS_FM,5,1_9,50_PLUS,pa,0,0,0,0,,NO_DATA
50,ALS_FM,5,10_29,0,mse,0,0,0,0,,NO_DATA
50,ALS_FM,5,10_29,0,pa,0,0,0,0,,NO_DATA
50,ALS_FM,5,10_29,1_9,mse,0,0,0,0,,NO_DATA
50,ALS_FM,5,10_29,1_9,pa,0,0,0,0,,NO_DATA
50,ALS_FM,5,10_29,10_49,mse,0,0,0,0,,NO_DATA
50,ALS_FM,5,10_29,10_49,pa,0,0,0,0,,NO_DATA
50,ALS_FM,5,10_29,50_PLUS,mse,3,66,62,761,0.5243353229249457,DESCRIPTIVE_SMALL_N
50,ALS_FM,5,10_29,50_PLUS,pa,3,66,62,761,0.3492170742170742,DESCRIPTIVE_SMALL_N
50,ALS_FM,5,30_99,0,mse,9,30,25,77,0.7457909984995683,DESCRIPTIVE_SMALL_N
50,ALS_FM,5,30_99,0,pa,5,30,25,77,0.588125,DESCRIPTIVE_SMALL_N
50,ALS_FM,5,30_99,1_9,mse,7,14,14,10,1.3599721362125574,DESCRIPTIVE_SMALL_N
50,ALS_FM,5,30_99,1_9,pa,3,14,14,10,0.37777777777777777,DESCRIPTIVE_SMALL_N
50,ALS_FM,5,30_99,10_49,mse,12,35,33,98,0.9351260328933843,DESCRIPTIVE_SMALL_N
50,ALS_FM,5,30_99,10_49,pa,6,35,33,98,0.5619241192411925,DESCRIPTIVE_SMALL_N
50,ALS_FM,5,30_99,50_PLUS,mse,24,457,365,8907,0.7961198633355296,DESCRIPTIVE_SMALL_N
50,ALS_FM,5,30_99,50_PLUS,pa,22,457,365,8907,0.5856107901390909,DESCRIPTIVE_SMALL_N
50,ALS_FM,5,100_299,0,mse,18,66,59,271,0.7257273807687813,DESCRIPTIVE_SMALL_N
50,ALS_FM,5,100_299,0,pa,8,66,59,271,0.4861111111111111,DESCRIPTIVE_SMALL_N
50,ALS_FM,5,100_299,1_9,mse,15,71,67,275,1.416971233605376,DESCRIPTIVE_SMALL_N
50,ALS_FM,5,100_299,1_9,pa,7,71,67,275,0.4486198597601448,DESCRIPTIVE_SMALL_N
50,ALS_FM,5,100_299,10_49,mse,20,92,75,299,0.6566735894302465,DESCRIPTIVE_SMALL_N
50,ALS_FM,5,100_299,10_49,pa,15,92,75,299,0.6202206884798909,DESCRIPTIVE_SMALL_N
50,ALS_FM,5,100_299,50_PLUS,mse,46,697,566,18807,0.725287051168554,DESCRIPTIVE
50,ALS_FM,5,100_299,50_PLUS,pa,39,697,566,18807,0.5984638596441034,DESCRIPTIVE
50,ALS_FM,5,300_PLUS,0,mse,68,509,396,5206,0.7518889172390913,DESCRIPTIVE
50,ALS_FM,5,300_PLUS,0,pa,48,509,396,5206,0.5786454802235222,DESCRIPTIVE
50,ALS_FM,5,300_PLUS,1_9,mse,66,655,547,13602,0.8397740825786659,DESCRIPTIVE
50,ALS_FM,5,300_PLUS,1_9,pa,43,655,547,13602,0.5513867313468075,DESCRIPTIVE
50,ALS_FM,5,300_PLUS,10_49,mse,85,743,513,6510,0.7385653596600457,DESCRIPTIVE
50,ALS_FM,5,300_PLUS,10_49,pa,69,743,513,6510,0.5848281653349225,DESCRIPTIVE
50,ALS_FM,5,300_PLUS,50_PLUS,mse,107,2253,1638,45123,0.6295113281366986,DESCRIPTIVE
50,ALS_FM,5,300_PLUS,50_PLUS,pa,92,2253,1638,45123,0.6046769323854599,DESCRIPTIVE
50,ALS_FM,10,0,0,mse,0,0,0,0,,NO_DATA
50,ALS_FM,10,0,0,pa,0,0,0,0,,NO_DATA
50,ALS_FM,10,0,1_9,mse,0,0,0,0,,NO_DATA
50,ALS_FM,10,0,1_9,pa,0,0,0,0,,NO_DATA
50,ALS_FM,10,0,10_49,mse,0,0,0,0,,NO_DATA
50,ALS_FM,10,0,10_49,pa,0,0,0,0,,NO_DATA
50,ALS_FM,10,0,50_PLUS,mse,0,0,0,0,,NO_DATA
50,ALS_FM,10,0,50_PLUS,pa,0,0,0,0,,NO_DATA
50,ALS_FM,10,1_9,0,mse,0,0,0,0,,NO_DATA
50,ALS_FM,10,1_9,0,pa,0,0,0,0,,NO_DATA
50,ALS_FM,10,1_9,1_9,mse,0,0,0,0,,NO_DATA
50,ALS_FM,10,1_9,1_9,pa,0,0,0,0,,NO_DATA
50,ALS_FM,10,1_9,10_49,mse,0,0,0,0,,NO_DATA
50,ALS_FM,10,1_9,10_49,pa,0,0,0,0,,NO_DATA
50,ALS_FM,10,1_9,50_PLUS,mse,0,0,0,0,,NO_DATA
50,ALS_FM,10,1_9,50_PLUS,pa,0,0,0,0,,NO_DATA
50,ALS_FM,10,10_29,0,mse,0,0,0,0,,NO_DATA
50,ALS_FM,10,10_29,0,pa,0,0,0,0,,NO_DATA
50,ALS_FM,10,10_29,1_9,mse,0,0,0,0,,NO_DATA
50,ALS_FM,10,10_29,1_9,pa,0,0,0,0,,NO_DATA
50,ALS_FM,10,10_29,10_49,mse,0,0,0,0,,NO_DATA
50,ALS_FM,10,10_29,10_49,pa,0,0,0,0,,NO_DATA
50,ALS_FM,10,10_29,50_PLUS,mse,3,66,62,761,0.5235143496662781,DESCRIPTIVE_SMALL_N
50,ALS_FM,10,10_29,50_PLUS,pa,3,66,62,761,0.5854300729300729,DESCRIPTIVE_SMALL_N
50,ALS_FM,10,30_99,0,mse,9,30,25,77,0.7563605989922761,DESCRIPTIVE_SMALL_N
50,ALS_FM,10,30_99,0,pa,5,30,25,77,0.7474999999999999,DESCRIPTIVE_SMALL_N
50,ALS_FM,10,30_99,1_9,mse,7,14,14,10,1.369946182494301,DESCRIPTIVE_SMALL_N
50,ALS_FM,10,30_99,1_9,pa,3,14,14,10,0.37777777777777777,DESCRIPTIVE_SMALL_N
50,ALS_FM,10,30_99,10_49,mse,12,35,33,98,0.8860377186902006,DESCRIPTIVE_SMALL_N
50,ALS_FM,10,30_99,10_49,pa,6,35,33,98,0.5558265582655827,DESCRIPTIVE_SMALL_N
50,ALS_FM,10,30_99,50_PLUS,mse,24,457,365,8907,0.7348606066633119,DESCRIPTIVE_SMALL_N
50,ALS_FM,10,30_99,50_PLUS,pa,22,457,365,8907,0.595381837858215,DESCRIPTIVE_SMALL_N
50,ALS_FM,10,100_299,0,mse,18,66,59,271,0.6781828901757403,DESCRIPTIVE_SMALL_N
50,ALS_FM,10,100_299,0,pa,8,66,59,271,0.3559782608695652,DESCRIPTIVE_SMALL_N
50,ALS_FM,10,100_299,1_9,mse,15,71,67,275,1.233213052114202,DESCRIPTIVE_SMALL_N
50,ALS_FM,10,100_299,1_9,pa,7,71,67,275,0.44674347907656237,DESCRIPTIVE_SMALL_N
50,ALS_FM,10,100_299,10_49,mse,20,92,75,299,0.6443691808752069,DESCRIPTIVE_SMALL_N
50,ALS_FM,10,100_299,10_49,pa,15,92,75,299,0.62514357532379,DESCRIPTIVE_SMALL_N
50,ALS_FM,10,100_299,50_PLUS,mse,46,697,566,18807,0.6833852110929682,DESCRIPTIVE
50,ALS_FM,10,100_299,50_PLUS,pa,39,697,566,18807,0.6004202509228758,DESCRIPTIVE
50,ALS_FM,10,300_PLUS,0,mse,68,509,396,5206,0.7287800240342622,DESCRIPTIVE
50,ALS_FM,10,300_PLUS,0,pa,48,509,396,5206,0.603313882619326,DESCRIPTIVE
50,ALS_FM,10,300_PLUS,1_9,mse,66,655,547,13602,0.8001183337321593,DESCRIPTIVE
50,ALS_FM,10,300_PLUS,1_9,pa,43,655,547,13602,0.524059996814919,DESCRIPTIVE
50,ALS_FM,10,300_PLUS,10_49,mse,85,743,513,6510,0.7132302188866587,DESCRIPTIVE
50,ALS_FM,10,300_PLUS,10_49,pa,69,743,513,6510,0.5787538248538341,DESCRIPTIVE
50,ALS_FM,10,300_PLUS,50_PLUS,mse,107,2253,1638,45123,0.5935335143463126,DESCRIPTIVE
50,ALS_FM,10,300_PLUS,50_PLUS,pa,92,2253,1638,45123,0.6144126931589408,DESCRIPTIVE
50,ALS_FM,30,0,0,mse,0,0,0,0,,NO_DATA
50,ALS_FM,30,0,0,pa,0,0,0,0,,NO_DATA
50,ALS_FM,30,0,1_9,mse,0,0,0,0,,NO_DATA
50,ALS_FM,30,0,1_9,pa,0,0,0,0,,NO_DATA
50,ALS_FM,30,0,10_49,mse,0,0,0,0,,NO_DATA
50,ALS_FM,30,0,10_49,pa,0,0,0,0,,NO_DATA
50,ALS_FM,30,0,50_PLUS,mse,0,0,0,0,,NO_DATA
50,ALS_FM,30,0,50_PLUS,pa,0,0,0,0,,NO_DATA
50,ALS_FM,30,1_9,0,mse,0,0,0,0,,NO_DATA
50,ALS_FM,30,1_9,0,pa,0,0,0,0,,NO_DATA
50,ALS_FM,30,1_9,1_9,mse,0,0,0,0,,NO_DATA
50,ALS_FM,30,1_9,1_9,pa,0,0,0,0,,NO_DATA
50,ALS_FM,30,1_9,10_49,mse,0,0,0,0,,NO_DATA
50,ALS_FM,30,1_9,10_49,pa,0,0,0,0,,NO_DATA
50,ALS_FM,30,1_9,50_PLUS,mse,0,0,0,0,,NO_DATA
50,ALS_FM,30,1_9,50_PLUS,pa,0,0,0,0,,NO_DATA
50,ALS_FM,30,10_29,0,mse,0,0,0,0,,NO_DATA
50,ALS_FM,30,10_29,0,pa,0,0,0,0,,NO_DATA
50,ALS_FM,30,10_29,1_9,mse,0,0,0,0,,NO_DATA
50,ALS_FM,30,10_29,1_9,pa,0,0,0,0,,NO_DATA
50,ALS_FM,30,10_29,10_49,mse,0,0,0,0,,NO_DATA
50,ALS_FM,30,10_29,10_49,pa,0,0,0,0,,NO_DATA
50,ALS_FM,30,10_29,50_PLUS,mse,0,0,0,0,,NO_DATA
50,ALS_FM,30,10_29,50_PLUS,pa,0,0,0,0,,NO_DATA
50,ALS_FM,30,30_99,0,mse,9,30,25,77,0.7034066895784847,DESCRIPTIVE_SMALL_N
50,ALS_FM,30,30_99,0,pa,5,30,25,77,0.7318749999999999,DESCRIPTIVE_SMALL_N
50,ALS_FM,30,30_99,1_9,mse,7,14,14,10,1.2632094623140664,DESCRIPTIVE_SMALL_N
50,ALS_FM,30,30_99,1_9,pa,3,14,14,10,0.37777777777777777,DESCRIPTIVE_SMALL_N
50,ALS_FM,30,30_99,10_49,mse,12,35,33,98,0.7820036526373114,DESCRIPTIVE_SMALL_N
50,ALS_FM,30,30_99,10_49,pa,6,35,33,98,0.5456639566395663,DESCRIPTIVE_SMALL_N
50,ALS_FM,30,30_99,50_PLUS,mse,24,457,365,8907,0.5906892236780134,DESCRIPTIVE_SMALL_N
50,ALS_FM,30,30_99,50_PLUS,pa,22,457,365,8907,0.6276515438552738,DESCRIPTIVE_SMALL_N
50,ALS_FM,30,100_299,0,mse,18,66,59,271,0.6419677666595991,DESCRIPTIVE_SMALL_N
50,ALS_FM,30,100_299,0,pa,8,66,59,271,0.47977053140096615,DESCRIPTIVE_SMALL_N
50,ALS_FM,30,100_299,1_9,mse,15,71,67,275,1.2154161821540463,DESCRIPTIVE_SMALL_N
50,ALS_FM,30,100_299,1_9,pa,7,71,67,275,0.47420748793592005,DESCRIPTIVE_SMALL_N
50,ALS_FM,30,100_299,10_49,mse,20,92,75,299,0.6192164565469408,DESCRIPTIVE_SMALL_N
50,ALS_FM,30,100_299,10_49,pa,15,92,75,299,0.6247807316518972,DESCRIPTIVE_SMALL_N
50,ALS_FM,30,100_299,50_PLUS,mse,46,697,566,18807,0.6207214794017972,DESCRIPTIVE
50,ALS_FM,30,100_299,50_PLUS,pa,39,697,566,18807,0.599385162313126,DESCRIPTIVE
50,ALS_FM,30,300_PLUS,0,mse,68,509,396,5206,0.722828516355209,DESCRIPTIVE
50,ALS_FM,30,300_PLUS,0,pa,48,509,396,5206,0.579704875377933,DESCRIPTIVE
50,ALS_FM,30,300_PLUS,1_9,mse,66,655,547,13602,0.7540567547243388,DESCRIPTIVE
50,ALS_FM,30,300_PLUS,1_9,pa,43,655,547,13602,0.5803687646522565,DESCRIPTIVE
50,ALS_FM,30,300_PLUS,10_49,mse,85,743,513,6510,0.6949887020124397,DESCRIPTIVE
50,ALS_FM,30,300_PLUS,10_49,pa,69,743,513,6510,0.5766164393592949,DESCRIPTIVE
50,ALS_FM,30,300_PLUS,50_PLUS,mse,107,2253,1638,45123,0.5719886928261271,DESCRIPTIVE
50,ALS_FM,30,300_PLUS,50_PLUS,pa,92,2253,1638,45123,0.6255620642679974,DESCRIPTIVE
50,RIDGE,0,0,0,mse,38,207,173,2304,1.7314299995719562,DESCRIPTIVE
50,RIDGE,0,0,0,pa,17,207,173,2304,0.6066468908956387,DESCRIPTIVE_SMALL_N
50,RIDGE,0,0,1_9,mse,34,487,446,35482,1.3369303411461466,DESCRIPTIVE
50,RIDGE,0,0,1_9,pa,14,487,446,35482,0.5578019029241912,DESCRIPTIVE_SMALL_N
50,RIDGE,0,0,10_49,mse,47,832,638,51867,1.0967907563786239,DESCRIPTIVE
50,RIDGE,0,0,10_49,pa,32,832,638,51867,0.596017726108907,DESCRIPTIVE
50,RIDGE,0,0,50_PLUS,mse,84,11603,3293,2564251,1.0132820920453853,DESCRIPTIVE
50,RIDGE,0,0,50_PLUS,pa,84,11603,3293,2564251,0.5778122047398194,DESCRIPTIVE
50,RIDGE,0,1_9,0,mse,0,0,0,0,,NO_DATA
50,RIDGE,0,1_9,0,pa,0,0,0,0,,NO_DATA
50,RIDGE,0,1_9,1_9,mse,0,0,0,0,,NO_DATA
50,RIDGE,0,1_9,1_9,pa,0,0,0,0,,NO_DATA
50,RIDGE,0,1_9,10_49,mse,0,0,0,0,,NO_DATA
50,RIDGE,0,1_9,10_49,pa,0,0,0,0,,NO_DATA
50,RIDGE,0,1_9,50_PLUS,mse,1,143,143,8012,0.904168830591124,DESCRIPTIVE_SMALL_N
50,RIDGE,0,1_9,50_PLUS,pa,1,143,143,8012,0.5853719420868697,DESCRIPTIVE_SMALL_N
50,RIDGE,0,10_29,0,mse,0,0,0,0,,NO_DATA
50,RIDGE,0,10_29,0,pa,0,0,0,0,,NO_DATA
50,RIDGE,0,10_29,1_9,mse,0,0,0,0,,NO_DATA
50,RIDGE,0,10_29,1_9,pa,0,0,0,0,,NO_DATA
50,RIDGE,0,10_29,10_49,mse,0,0,0,0,,NO_DATA
50,RIDGE,0,10_29,10_49,pa,0,0,0,0,,NO_DATA
50,RIDGE,0,10_29,50_PLUS,mse,3,66,62,761,0.5150259727645102,DESCRIPTIVE_SMALL_N
50,RIDGE,0,10_29,50_PLUS,pa,3,66,62,761,0.4293007293007293,DESCRIPTIVE_SMALL_N
50,RIDGE,0,30_99,0,mse,9,30,25,77,0.8840344449551222,DESCRIPTIVE_SMALL_N
50,RIDGE,0,30_99,0,pa,5,30,25,77,0.7318749999999999,DESCRIPTIVE_SMALL_N
50,RIDGE,0,30_99,1_9,mse,7,14,14,10,1.2101710989888896,DESCRIPTIVE_SMALL_N
50,RIDGE,0,30_99,1_9,pa,3,14,14,10,0.4666666666666666,DESCRIPTIVE_SMALL_N
50,RIDGE,0,30_99,10_49,mse,12,35,33,98,0.8458972198901497,DESCRIPTIVE_SMALL_N
50,RIDGE,0,30_99,10_49,pa,6,35,33,98,0.4188346883468835,DESCRIPTIVE_SMALL_N
50,RIDGE,0,30_99,50_PLUS,mse,24,457,365,8907,0.8515964613268189,DESCRIPTIVE_SMALL_N
50,RIDGE,0,30_99,50_PLUS,pa,22,457,365,8907,0.5183484852298239,DESCRIPTIVE_SMALL_N
50,RIDGE,0,100_299,0,mse,18,66,59,271,0.8553840114653318,DESCRIPTIVE_SMALL_N
50,RIDGE,0,100_299,0,pa,8,66,59,271,0.6491545893719807,DESCRIPTIVE_SMALL_N
50,RIDGE,0,100_299,1_9,mse,15,71,67,275,1.4312793896225215,DESCRIPTIVE_SMALL_N
50,RIDGE,0,100_299,1_9,pa,7,71,67,275,0.44416868452877456,DESCRIPTIVE_SMALL_N
50,RIDGE,0,100_299,10_49,mse,20,92,75,299,0.7807916634672267,DESCRIPTIVE_SMALL_N
50,RIDGE,0,100_299,10_49,pa,15,92,75,299,0.5526349125198818,DESCRIPTIVE_SMALL_N
50,RIDGE,0,100_299,50_PLUS,mse,46,697,566,18807,0.752904743797631,DESCRIPTIVE
50,RIDGE,0,100_299,50_PLUS,pa,39,697,566,18807,0.5893724340504782,DESCRIPTIVE
50,RIDGE,0,300_PLUS,0,mse,68,509,396,5206,0.8249709088423955,DESCRIPTIVE
50,RIDGE,0,300_PLUS,0,pa,48,509,396,5206,0.5743507700218525,DESCRIPTIVE
50,RIDGE,0,300_PLUS,1_9,mse,66,655,547,13602,0.8704505554702999,DESCRIPTIVE
50,RIDGE,0,300_PLUS,1_9,pa,43,655,547,13602,0.5420961451233427,DESCRIPTIVE
50,RIDGE,0,300_PLUS,10_49,mse,85,743,513,6510,0.9839748551691699,DESCRIPTIVE
50,RIDGE,0,300_PLUS,10_49,pa,69,743,513,6510,0.5551238880570117,DESCRIPTIVE
50,RIDGE,0,300_PLUS,50_PLUS,mse,107,2253,1638,45123,0.7949895208950284,DESCRIPTIVE
50,RIDGE,0,300_PLUS,50_PLUS,pa,92,2253,1638,45123,0.5843565943581845,DESCRIPTIVE
50,RIDGE,1,0,0,mse,0,0,0,0,,NO_DATA
50,RIDGE,1,0,0,pa,0,0,0,0,,NO_DATA
50,RIDGE,1,0,1_9,mse,0,0,0,0,,NO_DATA
50,RIDGE,1,0,1_9,pa,0,0,0,0,,NO_DATA
50,RIDGE,1,0,10_49,mse,0,0,0,0,,NO_DATA
50,RIDGE,1,0,10_49,pa,0,0,0,0,,NO_DATA
50,RIDGE,1,0,50_PLUS,mse,0,0,0,0,,NO_DATA
50,RIDGE,1,0,50_PLUS,pa,0,0,0,0,,NO_DATA
50,RIDGE,1,1_9,0,mse,0,0,0,0,,NO_DATA
50,RIDGE,1,1_9,0,pa,0,0,0,0,,NO_DATA
50,RIDGE,1,1_9,1_9,mse,0,0,0,0,,NO_DATA
50,RIDGE,1,1_9,1_9,pa,0,0,0,0,,NO_DATA
50,RIDGE,1,1_9,10_49,mse,0,0,0,0,,NO_DATA
50,RIDGE,1,1_9,10_49,pa,0,0,0,0,,NO_DATA
50,RIDGE,1,1_9,50_PLUS,mse,1,143,143,8012,0.9396928207194342,DESCRIPTIVE_SMALL_N
50,RIDGE,1,1_9,50_PLUS,pa,1,143,143,8012,0.5907388916625063,DESCRIPTIVE_SMALL_N
50,RIDGE,1,10_29,0,mse,0,0,0,0,,NO_DATA
50,RIDGE,1,10_29,0,pa,0,0,0,0,,NO_DATA
50,RIDGE,1,10_29,1_9,mse,0,0,0,0,,NO_DATA
50,RIDGE,1,10_29,1_9,pa,0,0,0,0,,NO_DATA
50,RIDGE,1,10_29,10_49,mse,0,0,0,0,,NO_DATA
50,RIDGE,1,10_29,10_49,pa,0,0,0,0,,NO_DATA
50,RIDGE,1,10_29,50_PLUS,mse,3,66,62,761,0.6058055980662135,DESCRIPTIVE_SMALL_N
50,RIDGE,1,10_29,50_PLUS,pa,3,66,62,761,0.3300139425139425,DESCRIPTIVE_SMALL_N
50,RIDGE,1,30_99,0,mse,9,30,25,77,0.7612238897219833,DESCRIPTIVE_SMALL_N
50,RIDGE,1,30_99,0,pa,5,30,25,77,0.75625,DESCRIPTIVE_SMALL_N
50,RIDGE,1,30_99,1_9,mse,7,14,14,10,1.6655349341190167,DESCRIPTIVE_SMALL_N
50,RIDGE,1,30_99,1_9,pa,3,14,14,10,0.4666666666666666,DESCRIPTIVE_SMALL_N
50,RIDGE,1,30_99,10_49,mse,12,35,33,98,1.0407035170310694,DESCRIPTIVE_SMALL_N
50,RIDGE,1,30_99,10_49,pa,6,35,33,98,0.40921409214092147,DESCRIPTIVE_SMALL_N
50,RIDGE,1,30_99,50_PLUS,mse,24,457,365,8907,1.0104838503115365,DESCRIPTIVE_SMALL_N
50,RIDGE,1,30_99,50_PLUS,pa,22,457,365,8907,0.5198530967334926,DESCRIPTIVE_SMALL_N
50,RIDGE,1,100_299,0,mse,18,66,59,271,0.854170742764823,DESCRIPTIVE_SMALL_N
50,RIDGE,1,100_299,0,pa,8,66,59,271,0.6464371980676329,DESCRIPTIVE_SMALL_N
50,RIDGE,1,100_299,1_9,mse,15,71,67,275,1.2289522243898745,DESCRIPTIVE_SMALL_N
50,RIDGE,1,100_299,1_9,pa,7,71,67,275,0.5072605938697461,DESCRIPTIVE_SMALL_N
50,RIDGE,1,100_299,10_49,mse,20,92,75,299,0.7745779061989061,DESCRIPTIVE_SMALL_N
50,RIDGE,1,100_299,10_49,pa,15,92,75,299,0.530929902294933,DESCRIPTIVE_SMALL_N
50,RIDGE,1,100_299,50_PLUS,mse,46,697,566,18807,0.8108233882474838,DESCRIPTIVE
50,RIDGE,1,100_299,50_PLUS,pa,39,697,566,18807,0.5750884834575977,DESCRIPTIVE
50,RIDGE,1,300_PLUS,0,mse,68,509,396,5206,0.7686051167290037,DESCRIPTIVE
50,RIDGE,1,300_PLUS,0,pa,48,509,396,5206,0.5521374689103671,DESCRIPTIVE
50,RIDGE,1,300_PLUS,1_9,mse,66,655,547,13602,0.7948621627587893,DESCRIPTIVE
50,RIDGE,1,300_PLUS,1_9,pa,43,655,547,13602,0.5434731078256241,DESCRIPTIVE
50,RIDGE,1,300_PLUS,10_49,mse,85,743,513,6510,0.9109270581493437,DESCRIPTIVE
50,RIDGE,1,300_PLUS,10_49,pa,69,743,513,6510,0.5286672186819233,DESCRIPTIVE
50,RIDGE,1,300_PLUS,50_PLUS,mse,107,2253,1638,45123,0.7303790906168287,DESCRIPTIVE
50,RIDGE,1,300_PLUS,50_PLUS,pa,92,2253,1638,45123,0.5668096266295493,DESCRIPTIVE
50,RIDGE,5,0,0,mse,0,0,0,0,,NO_DATA
50,RIDGE,5,0,0,pa,0,0,0,0,,NO_DATA
50,RIDGE,5,0,1_9,mse,0,0,0,0,,NO_DATA
50,RIDGE,5,0,1_9,pa,0,0,0,0,,NO_DATA
50,RIDGE,5,0,10_49,mse,0,0,0,0,,NO_DATA
50,RIDGE,5,0,10_49,pa,0,0,0,0,,NO_DATA
50,RIDGE,5,0,50_PLUS,mse,0,0,0,0,,NO_DATA
50,RIDGE,5,0,50_PLUS,pa,0,0,0,0,,NO_DATA
50,RIDGE,5,1_9,0,mse,0,0,0,0,,NO_DATA
50,RIDGE,5,1_9,0,pa,0,0,0,0,,NO_DATA
50,RIDGE,5,1_9,1_9,mse,0,0,0,0,,NO_DATA
50,RIDGE,5,1_9,1_9,pa,0,0,0,0,,NO_DATA
50,RIDGE,5,1_9,10_49,mse,0,0,0,0,,NO_DATA
50,RIDGE,5,1_9,10_49,pa,0,0,0,0,,NO_DATA
50,RIDGE,5,1_9,50_PLUS,mse,0,0,0,0,,NO_DATA
50,RIDGE,5,1_9,50_PLUS,pa,0,0,0,0,,NO_DATA
50,RIDGE,5,10_29,0,mse,0,0,0,0,,NO_DATA
50,RIDGE,5,10_29,0,pa,0,0,0,0,,NO_DATA
50,RIDGE,5,10_29,1_9,mse,0,0,0,0,,NO_DATA
50,RIDGE,5,10_29,1_9,pa,0,0,0,0,,NO_DATA
50,RIDGE,5,10_29,10_49,mse,0,0,0,0,,NO_DATA
50,RIDGE,5,10_29,10_49,pa,0,0,0,0,,NO_DATA
50,RIDGE,5,10_29,50_PLUS,mse,3,66,62,761,0.48874825381726666,DESCRIPTIVE_SMALL_N
50,RIDGE,5,10_29,50_PLUS,pa,3,66,62,761,0.35402724152724147,DESCRIPTIVE_SMALL_N
50,RIDGE,5,30_99,0,mse,9,30,25,77,0.8178832914337216,DESCRIPTIVE_SMALL_N
50,RIDGE,5,30_99,0,pa,5,30,25,77,0.725625,DESCRIPTIVE_SMALL_N
50,RIDGE,5,30_99,1_9,mse,7,14,14,10,1.3499391798515765,DESCRIPTIVE_SMALL_N
50,RIDGE,5,30_99,1_9,pa,3,14,14,10,0.4666666666666666,DESCRIPTIVE_SMALL_N
50,RIDGE,5,30_99,10_49,mse,12,35,33,98,0.8691575741137672,DESCRIPTIVE_SMALL_N
50,RIDGE,5,30_99,10_49,pa,6,35,33,98,0.41531165311653123,DESCRIPTIVE_SMALL_N
50,RIDGE,5,30_99,50_PLUS,mse,24,457,365,8907,0.8607114274309619,DESCRIPTIVE_SMALL_N
50,RIDGE,5,30_99,50_PLUS,pa,22,457,365,8907,0.5039897301853699,DESCRIPTIVE_SMALL_N
50,RIDGE,5,100_299,0,mse,18,66,59,271,0.8410463187528601,DESCRIPTIVE_SMALL_N
50,RIDGE,5,100_299,0,pa,8,66,59,271,0.5815217391304348,DESCRIPTIVE_SMALL_N
50,RIDGE,5,100_299,1_9,mse,15,71,67,275,1.2871609431680604,DESCRIPTIVE_SMALL_N
50,RIDGE,5,100_299,1_9,pa,7,71,67,275,0.48455686598972425,DESCRIPTIVE_SMALL_N
50,RIDGE,5,100_299,10_49,mse,20,92,75,299,0.7206289861299282,DESCRIPTIVE_SMALL_N
50,RIDGE,5,100_299,10_49,pa,15,92,75,299,0.526956089525108,DESCRIPTIVE_SMALL_N
50,RIDGE,5,100_299,50_PLUS,mse,46,697,566,18807,0.7454878313636178,DESCRIPTIVE
50,RIDGE,5,100_299,50_PLUS,pa,39,697,566,18807,0.6017950760748754,DESCRIPTIVE
50,RIDGE,5,300_PLUS,0,mse,68,509,396,5206,0.7286621272171732,DESCRIPTIVE
50,RIDGE,5,300_PLUS,0,pa,48,509,396,5206,0.6047103858960416,DESCRIPTIVE
50,RIDGE,5,300_PLUS,1_9,mse,66,655,547,13602,0.771248507685186,DESCRIPTIVE
50,RIDGE,5,300_PLUS,1_9,pa,43,655,547,13602,0.5287511031201942,DESCRIPTIVE
50,RIDGE,5,300_PLUS,10_49,mse,85,743,513,6510,0.8707899692928561,DESCRIPTIVE
50,RIDGE,5,300_PLUS,10_49,pa,69,743,513,6510,0.5663030288211718,DESCRIPTIVE
50,RIDGE,5,300_PLUS,50_PLUS,mse,107,2253,1638,45123,0.7101542640206279,DESCRIPTIVE
50,RIDGE,5,300_PLUS,50_PLUS,pa,92,2253,1638,45123,0.5733440560585636,DESCRIPTIVE
50,RIDGE,10,0,0,mse,0,0,0,0,,NO_DATA
50,RIDGE,10,0,0,pa,0,0,0,0,,NO_DATA
50,RIDGE,10,0,1_9,mse,0,0,0,0,,NO_DATA
50,RIDGE,10,0,1_9,pa,0,0,0,0,,NO_DATA
50,RIDGE,10,0,10_49,mse,0,0,0,0,,NO_DATA
50,RIDGE,10,0,10_49,pa,0,0,0,0,,NO_DATA
50,RIDGE,10,0,50_PLUS,mse,0,0,0,0,,NO_DATA
50,RIDGE,10,0,50_PLUS,pa,0,0,0,0,,NO_DATA
50,RIDGE,10,1_9,0,mse,0,0,0,0,,NO_DATA
50,RIDGE,10,1_9,0,pa,0,0,0,0,,NO_DATA
50,RIDGE,10,1_9,1_9,mse,0,0,0,0,,NO_DATA
50,RIDGE,10,1_9,1_9,pa,0,0,0,0,,NO_DATA
50,RIDGE,10,1_9,10_49,mse,0,0,0,0,,NO_DATA
50,RIDGE,10,1_9,10_49,pa,0,0,0,0,,NO_DATA
50,RIDGE,10,1_9,50_PLUS,mse,0,0,0,0,,NO_DATA
50,RIDGE,10,1_9,50_PLUS,pa,0,0,0,0,,NO_DATA
50,RIDGE,10,10_29,0,mse,0,0,0,0,,NO_DATA
50,RIDGE,10,10_29,0,pa,0,0,0,0,,NO_DATA
50,RIDGE,10,10_29,1_9,mse,0,0,0,0,,NO_DATA
50,RIDGE,10,10_29,1_9,pa,0,0,0,0,,NO_DATA
50,RIDGE,10,10_29,10_49,mse,0,0,0,0,,NO_DATA
50,RIDGE,10,10_29,10_49,pa,0,0,0,0,,NO_DATA
50,RIDGE,10,10_29,50_PLUS,mse,3,66,62,761,0.47340670278468466,DESCRIPTIVE_SMALL_N
50,RIDGE,10,10_29,50_PLUS,pa,3,66,62,761,0.45497640497640496,DESCRIPTIVE_SMALL_N
50,RIDGE,10,30_99,0,mse,9,30,25,77,0.8269334229709796,DESCRIPTIVE_SMALL_N
50,RIDGE,10,30_99,0,pa,5,30,25,77,0.759375,DESCRIPTIVE_SMALL_N
50,RIDGE,10,30_99,1_9,mse,7,14,14,10,1.3742867443552471,DESCRIPTIVE_SMALL_N
50,RIDGE,10,30_99,1_9,pa,3,14,14,10,0.4666666666666666,DESCRIPTIVE_SMALL_N
50,RIDGE,10,30_99,10_49,mse,12,35,33,98,0.8838822271088292,DESCRIPTIVE_SMALL_N
50,RIDGE,10,30_99,10_49,pa,6,35,33,98,0.4466124661246613,DESCRIPTIVE_SMALL_N
50,RIDGE,10,30_99,50_PLUS,mse,24,457,365,8907,0.8097026845940895,DESCRIPTIVE_SMALL_N
50,RIDGE,10,30_99,50_PLUS,pa,22,457,365,8907,0.4981566329706519,DESCRIPTIVE_SMALL_N
50,RIDGE,10,100_299,0,mse,18,66,59,271,0.8384489809110105,DESCRIPTIVE_SMALL_N
50,RIDGE,10,100_299,0,pa,8,66,59,271,0.5866545893719807,DESCRIPTIVE_SMALL_N
50,RIDGE,10,100_299,1_9,mse,15,71,67,275,1.2143297265815258,DESCRIPTIVE_SMALL_N
50,RIDGE,10,100_299,1_9,pa,7,71,67,275,0.5323675824050919,DESCRIPTIVE_SMALL_N
50,RIDGE,10,100_299,10_49,mse,20,92,75,299,0.694062641672043,DESCRIPTIVE_SMALL_N
50,RIDGE,10,100_299,10_49,pa,15,92,75,299,0.5494097932288117,DESCRIPTIVE_SMALL_N
50,RIDGE,10,100_299,50_PLUS,mse,46,697,566,18807,0.7225037840237798,DESCRIPTIVE
50,RIDGE,10,100_299,50_PLUS,pa,39,697,566,18807,0.6010186195975007,DESCRIPTIVE
50,RIDGE,10,300_PLUS,0,mse,68,509,396,5206,0.7219749573773152,DESCRIPTIVE
50,RIDGE,10,300_PLUS,0,pa,48,509,396,5206,0.581861331647814,DESCRIPTIVE
50,RIDGE,10,300_PLUS,1_9,mse,66,655,547,13602,0.7457917522823851,DESCRIPTIVE
50,RIDGE,10,300_PLUS,1_9,pa,43,655,547,13602,0.5550001005440138,DESCRIPTIVE
50,RIDGE,10,300_PLUS,10_49,mse,85,743,513,6510,0.8705361921117237,DESCRIPTIVE
50,RIDGE,10,300_PLUS,10_49,pa,69,743,513,6510,0.5606578151145681,DESCRIPTIVE
50,RIDGE,10,300_PLUS,50_PLUS,mse,107,2253,1638,45123,0.7045353813593543,DESCRIPTIVE
50,RIDGE,10,300_PLUS,50_PLUS,pa,92,2253,1638,45123,0.5716557355769855,DESCRIPTIVE
50,RIDGE,30,0,0,mse,0,0,0,0,,NO_DATA
50,RIDGE,30,0,0,pa,0,0,0,0,,NO_DATA
50,RIDGE,30,0,1_9,mse,0,0,0,0,,NO_DATA
50,RIDGE,30,0,1_9,pa,0,0,0,0,,NO_DATA
50,RIDGE,30,0,10_49,mse,0,0,0,0,,NO_DATA
50,RIDGE,30,0,10_49,pa,0,0,0,0,,NO_DATA
50,RIDGE,30,0,50_PLUS,mse,0,0,0,0,,NO_DATA
50,RIDGE,30,0,50_PLUS,pa,0,0,0,0,,NO_DATA
50,RIDGE,30,1_9,0,mse,0,0,0,0,,NO_DATA
50,RIDGE,30,1_9,0,pa,0,0,0,0,,NO_DATA
50,RIDGE,30,1_9,1_9,mse,0,0,0,0,,NO_DATA
50,RIDGE,30,1_9,1_9,pa,0,0,0,0,,NO_DATA
50,RIDGE,30,1_9,10_49,mse,0,0,0,0,,NO_DATA
50,RIDGE,30,1_9,10_49,pa,0,0,0,0,,NO_DATA
50,RIDGE,30,1_9,50_PLUS,mse,0,0,0,0,,NO_DATA
50,RIDGE,30,1_9,50_PLUS,pa,0,0,0,0,,NO_DATA
50,RIDGE,30,10_29,0,mse,0,0,0,0,,NO_DATA
50,RIDGE,30,10_29,0,pa,0,0,0,0,,NO_DATA
50,RIDGE,30,10_29,1_9,mse,0,0,0,0,,NO_DATA
50,RIDGE,30,10_29,1_9,pa,0,0,0,0,,NO_DATA
50,RIDGE,30,10_29,10_49,mse,0,0,0,0,,NO_DATA
50,RIDGE,30,10_29,10_49,pa,0,0,0,0,,NO_DATA
50,RIDGE,30,10_29,50_PLUS,mse,0,0,0,0,,NO_DATA
50,RIDGE,30,10_29,50_PLUS,pa,0,0,0,0,,NO_DATA
50,RIDGE,30,30_99,0,mse,9,30,25,77,0.8266012100035447,DESCRIPTIVE_SMALL_N
50,RIDGE,30,30_99,0,pa,5,30,25,77,0.765625,DESCRIPTIVE_SMALL_N
50,RIDGE,30,30_99,1_9,mse,7,14,14,10,1.4307560934650643,DESCRIPTIVE_SMALL_N
50,RIDGE,30,30_99,1_9,pa,3,14,14,10,0.4666666666666666,DESCRIPTIVE_SMALL_N
50,RIDGE,30,30_99,10_49,mse,12,35,33,98,0.8786650274405216,DESCRIPTIVE_SMALL_N
50,RIDGE,30,30_99,10_49,pa,6,35,33,98,0.41327913279132794,DESCRIPTIVE_SMALL_N
50,RIDGE,30,30_99,50_PLUS,mse,24,457,365,8907,0.7725707609011345,DESCRIPTIVE_SMALL_N
50,RIDGE,30,30_99,50_PLUS,pa,22,457,365,8907,0.5509546015546742,DESCRIPTIVE_SMALL_N
50,RIDGE,30,100_299,0,mse,18,66,59,271,0.8098504348007326,DESCRIPTIVE_SMALL_N
50,RIDGE,30,100_299,0,pa,8,66,59,271,0.5993357487922706,DESCRIPTIVE_SMALL_N
50,RIDGE,30,100_299,1_9,mse,15,71,67,275,1.1892165209180163,DESCRIPTIVE_SMALL_N
50,RIDGE,30,100_299,1_9,pa,7,71,67,275,0.49640323417517723,DESCRIPTIVE_SMALL_N
50,RIDGE,30,100_299,10_49,mse,20,92,75,299,0.7066055569790863,DESCRIPTIVE_SMALL_N
50,RIDGE,30,100_299,10_49,pa,15,92,75,299,0.6440700977050671,DESCRIPTIVE_SMALL_N
50,RIDGE,30,100_299,50_PLUS,mse,46,697,566,18807,0.7256009523512676,DESCRIPTIVE
50,RIDGE,30,100_299,50_PLUS,pa,39,697,566,18807,0.5878799761377942,DESCRIPTIVE
50,RIDGE,30,300_PLUS,0,mse,68,509,396,5206,0.7223357119108724,DESCRIPTIVE
50,RIDGE,30,300_PLUS,0,pa,48,509,396,5206,0.5792110854690234,DESCRIPTIVE
50,RIDGE,30,300_PLUS,1_9,mse,66,655,547,13602,0.7317825297472368,DESCRIPTIVE
50,RIDGE,30,300_PLUS,1_9,pa,43,655,547,13602,0.5465674575758201,DESCRIPTIVE
50,RIDGE,30,300_PLUS,10_49,mse,85,743,513,6510,0.8568233752991911,DESCRIPTIVE
50,RIDGE,30,300_PLUS,10_49,pa,69,743,513,6510,0.5667112315633142,DESCRIPTIVE
50,RIDGE,30,300_PLUS,50_PLUS,mse,107,2253,1638,45123,0.7037387007772367,DESCRIPTIVE
50,RIDGE,30,300_PLUS,50_PLUS,pa,92,2253,1638,45123,0.5875715827625747,DESCRIPTIVE
50,GBT,0,0,0,mse,38,207,173,2304,1.6770095342802722,DESCRIPTIVE
50,GBT,0,0,0,pa,17,207,173,2304,0.6658688712899885,DESCRIPTIVE_SMALL_N
50,GBT,0,0,1_9,mse,34,487,446,35482,1.2829222173204147,DESCRIPTIVE
50,GBT,0,0,1_9,pa,14,487,446,35482,0.5088602764467437,DESCRIPTIVE_SMALL_N
50,GBT,0,0,10_49,mse,47,832,638,51867,1.0345451654882587,DESCRIPTIVE
50,GBT,0,0,10_49,pa,32,832,638,51867,0.6298609031629825,DESCRIPTIVE
50,GBT,0,0,50_PLUS,mse,84,11603,3293,2564251,0.9780382769594367,DESCRIPTIVE
50,GBT,0,0,50_PLUS,pa,84,11603,3293,2564251,0.5885697727879958,DESCRIPTIVE
50,GBT,0,1_9,0,mse,0,0,0,0,,NO_DATA
50,GBT,0,1_9,0,pa,0,0,0,0,,NO_DATA
50,GBT,0,1_9,1_9,mse,0,0,0,0,,NO_DATA
50,GBT,0,1_9,1_9,pa,0,0,0,0,,NO_DATA
50,GBT,0,1_9,10_49,mse,0,0,0,0,,NO_DATA
50,GBT,0,1_9,10_49,pa,0,0,0,0,,NO_DATA
50,GBT,0,1_9,50_PLUS,mse,1,143,143,8012,0.9192730858296,DESCRIPTIVE_SMALL_N
50,GBT,0,1_9,50_PLUS,pa,1,143,143,8012,0.5726410384423365,DESCRIPTIVE_SMALL_N
50,GBT,0,10_29,0,mse,0,0,0,0,,NO_DATA
50,GBT,0,10_29,0,pa,0,0,0,0,,NO_DATA
50,GBT,0,10_29,1_9,mse,0,0,0,0,,NO_DATA
50,GBT,0,10_29,1_9,pa,0,0,0,0,,NO_DATA
50,GBT,0,10_29,10_49,mse,0,0,0,0,,NO_DATA
50,GBT,0,10_29,10_49,pa,0,0,0,0,,NO_DATA
50,GBT,0,10_29,50_PLUS,mse,3,66,62,761,0.4653671712867256,DESCRIPTIVE_SMALL_N
50,GBT,0,10_29,50_PLUS,pa,3,66,62,761,0.46436078936078945,DESCRIPTIVE_SMALL_N
50,GBT,0,30_99,0,mse,9,30,25,77,0.7540321814769723,DESCRIPTIVE_SMALL_N
50,GBT,0,30_99,0,pa,5,30,25,77,0.76375,DESCRIPTIVE_SMALL_N
50,GBT,0,30_99,1_9,mse,7,14,14,10,1.3211924671082682,DESCRIPTIVE_SMALL_N
50,GBT,0,30_99,1_9,pa,3,14,14,10,0.4666666666666666,DESCRIPTIVE_SMALL_N
50,GBT,0,30_99,10_49,mse,12,35,33,98,0.7635043875077473,DESCRIPTIVE_SMALL_N
50,GBT,0,30_99,10_49,pa,6,35,33,98,0.5092140921409215,DESCRIPTIVE_SMALL_N
50,GBT,0,30_99,50_PLUS,mse,24,457,365,8907,0.826558255246359,DESCRIPTIVE_SMALL_N
50,GBT,0,30_99,50_PLUS,pa,22,457,365,8907,0.5243695393557768,DESCRIPTIVE_SMALL_N
50,GBT,0,100_299,0,mse,18,66,59,271,0.8197490924050126,DESCRIPTIVE_SMALL_N
50,GBT,0,100_299,0,pa,8,66,59,271,0.6283212560386473,DESCRIPTIVE_SMALL_N
50,GBT,0,100_299,1_9,mse,15,71,67,275,1.3912314005244335,DESCRIPTIVE_SMALL_N
50,GBT,0,100_299,1_9,pa,7,71,67,275,0.5556266439237182,DESCRIPTIVE_SMALL_N
50,GBT,0,100_299,10_49,mse,20,92,75,299,0.8282992588529805,DESCRIPTIVE_SMALL_N
50,GBT,0,100_299,10_49,pa,15,92,75,299,0.5816321574642127,DESCRIPTIVE_SMALL_N
50,GBT,0,100_299,50_PLUS,mse,46,697,566,18807,0.7260355544849814,DESCRIPTIVE
50,GBT,0,100_299,50_PLUS,pa,39,697,566,18807,0.5776214311812882,DESCRIPTIVE
50,GBT,0,300_PLUS,0,mse,68,509,396,5206,0.7985971561485349,DESCRIPTIVE
50,GBT,0,300_PLUS,0,pa,48,509,396,5206,0.5726142312154597,DESCRIPTIVE
50,GBT,0,300_PLUS,1_9,mse,66,655,547,13602,0.827024199109354,DESCRIPTIVE
50,GBT,0,300_PLUS,1_9,pa,43,655,547,13602,0.588716963610916,DESCRIPTIVE
50,GBT,0,300_PLUS,10_49,mse,85,743,513,6510,0.9803113527780833,DESCRIPTIVE
50,GBT,0,300_PLUS,10_49,pa,69,743,513,6510,0.5324653352987043,DESCRIPTIVE
50,GBT,0,300_PLUS,50_PLUS,mse,107,2253,1638,45123,0.7954426496432588,DESCRIPTIVE
50,GBT,0,300_PLUS,50_PLUS,pa,92,2253,1638,45123,0.5868200466970406,DESCRIPTIVE
50,GBT,1,0,0,mse,0,0,0,0,,NO_DATA
50,GBT,1,0,0,pa,0,0,0,0,,NO_DATA
50,GBT,1,0,1_9,mse,0,0,0,0,,NO_DATA
50,GBT,1,0,1_9,pa,0,0,0,0,,NO_DATA
50,GBT,1,0,10_49,mse,0,0,0,0,,NO_DATA
50,GBT,1,0,10_49,pa,0,0,0,0,,NO_DATA
50,GBT,1,0,50_PLUS,mse,0,0,0,0,,NO_DATA
50,GBT,1,0,50_PLUS,pa,0,0,0,0,,NO_DATA
50,GBT,1,1_9,0,mse,0,0,0,0,,NO_DATA
50,GBT,1,1_9,0,pa,0,0,0,0,,NO_DATA
50,GBT,1,1_9,1_9,mse,0,0,0,0,,NO_DATA
50,GBT,1,1_9,1_9,pa,0,0,0,0,,NO_DATA
50,GBT,1,1_9,10_49,mse,0,0,0,0,,NO_DATA
50,GBT,1,1_9,10_49,pa,0,0,0,0,,NO_DATA
50,GBT,1,1_9,50_PLUS,mse,1,143,143,8012,0.9047275637828983,DESCRIPTIVE_SMALL_N
50,GBT,1,1_9,50_PLUS,pa,1,143,143,8012,0.5896155766350474,DESCRIPTIVE_SMALL_N
50,GBT,1,10_29,0,mse,0,0,0,0,,NO_DATA
50,GBT,1,10_29,0,pa,0,0,0,0,,NO_DATA
50,GBT,1,10_29,1_9,mse,0,0,0,0,,NO_DATA
50,GBT,1,10_29,1_9,pa,0,0,0,0,,NO_DATA
50,GBT,1,10_29,10_49,mse,0,0,0,0,,NO_DATA
50,GBT,1,10_29,10_49,pa,0,0,0,0,,NO_DATA
50,GBT,1,10_29,50_PLUS,mse,3,66,62,761,0.4849696337255218,DESCRIPTIVE_SMALL_N
50,GBT,1,10_29,50_PLUS,pa,3,66,62,761,0.5806896181896182,DESCRIPTIVE_SMALL_N
50,GBT,1,30_99,0,mse,9,30,25,77,0.645420746332448,DESCRIPTIVE_SMALL_N
50,GBT,1,30_99,0,pa,5,30,25,77,0.744375,DESCRIPTIVE_SMALL_N
50,GBT,1,30_99,1_9,mse,7,14,14,10,1.8397125040098128,DESCRIPTIVE_SMALL_N
50,GBT,1,30_99,1_9,pa,3,14,14,10,0.35555555555555557,DESCRIPTIVE_SMALL_N
50,GBT,1,30_99,10_49,mse,12,35,33,98,0.8335884932332648,DESCRIPTIVE_SMALL_N
50,GBT,1,30_99,10_49,pa,6,35,33,98,0.33848238482384824,DESCRIPTIVE_SMALL_N
50,GBT,1,30_99,50_PLUS,mse,24,457,365,8907,0.991860827166643,DESCRIPTIVE_SMALL_N
50,GBT,1,30_99,50_PLUS,pa,22,457,365,8907,0.5339033332725704,DESCRIPTIVE_SMALL_N
50,GBT,1,100_299,0,mse,18,66,59,271,0.8545431120672524,DESCRIPTIVE_SMALL_N
50,GBT,1,100_299,0,pa,8,66,59,271,0.4921497584541063,DESCRIPTIVE_SMALL_N
50,GBT,1,100_299,1_9,mse,15,71,67,275,1.3172411980431853,DESCRIPTIVE_SMALL_N
50,GBT,1,100_299,1_9,pa,7,71,67,275,0.48743599486285166,DESCRIPTIVE_SMALL_N
50,GBT,1,100_299,10_49,mse,20,92,75,299,0.6886244918087445,DESCRIPTIVE_SMALL_N
50,GBT,1,100_299,10_49,pa,15,92,75,299,0.6509918200408998,DESCRIPTIVE_SMALL_N
50,GBT,1,100_299,50_PLUS,mse,46,697,566,18807,0.7682099393914936,DESCRIPTIVE
50,GBT,1,100_299,50_PLUS,pa,39,697,566,18807,0.6139018151770034,DESCRIPTIVE
50,GBT,1,300_PLUS,0,mse,68,509,396,5206,0.7291969528891766,DESCRIPTIVE
50,GBT,1,300_PLUS,0,pa,48,509,396,5206,0.6027085487519054,DESCRIPTIVE
50,GBT,1,300_PLUS,1_9,mse,66,655,547,13602,0.7321178975601679,DESCRIPTIVE
50,GBT,1,300_PLUS,1_9,pa,43,655,547,13602,0.5779907311586384,DESCRIPTIVE
50,GBT,1,300_PLUS,10_49,mse,85,743,513,6510,0.8836148894320806,DESCRIPTIVE
50,GBT,1,300_PLUS,10_49,pa,69,743,513,6510,0.5125008347995199,DESCRIPTIVE
50,GBT,1,300_PLUS,50_PLUS,mse,107,2253,1638,45123,0.7318581229805989,DESCRIPTIVE
50,GBT,1,300_PLUS,50_PLUS,pa,92,2253,1638,45123,0.565724606952632,DESCRIPTIVE
50,GBT,5,0,0,mse,0,0,0,0,,NO_DATA
50,GBT,5,0,0,pa,0,0,0,0,,NO_DATA
50,GBT,5,0,1_9,mse,0,0,0,0,,NO_DATA
50,GBT,5,0,1_9,pa,0,0,0,0,,NO_DATA
50,GBT,5,0,10_49,mse,0,0,0,0,,NO_DATA
50,GBT,5,0,10_49,pa,0,0,0,0,,NO_DATA
50,GBT,5,0,50_PLUS,mse,0,0,0,0,,NO_DATA
50,GBT,5,0,50_PLUS,pa,0,0,0,0,,NO_DATA
50,GBT,5,1_9,0,mse,0,0,0,0,,NO_DATA
50,GBT,5,1_9,0,pa,0,0,0,0,,NO_DATA
50,GBT,5,1_9,1_9,mse,0,0,0,0,,NO_DATA
50,GBT,5,1_9,1_9,pa,0,0,0,0,,NO_DATA
50,GBT,5,1_9,10_49,mse,0,0,0,0,,NO_DATA
50,GBT,5,1_9,10_49,pa,0,0,0,0,,NO_DATA
50,GBT,5,1_9,50_PLUS,mse,0,0,0,0,,NO_DATA
50,GBT,5,1_9,50_PLUS,pa,0,0,0,0,,NO_DATA
50,GBT,5,10_29,0,mse,0,0,0,0,,NO_DATA
50,GBT,5,10_29,0,pa,0,0,0,0,,NO_DATA
50,GBT,5,10_29,1_9,mse,0,0,0,0,,NO_DATA
50,GBT,5,10_29,1_9,pa,0,0,0,0,,NO_DATA
50,GBT,5,10_29,10_49,mse,0,0,0,0,,NO_DATA
50,GBT,5,10_29,10_49,pa,0,0,0,0,,NO_DATA
50,GBT,5,10_29,50_PLUS,mse,3,66,62,761,0.47142262593397816,DESCRIPTIVE_SMALL_N
50,GBT,5,10_29,50_PLUS,pa,3,66,62,761,0.35531424281424284,DESCRIPTIVE_SMALL_N
50,GBT,5,30_99,0,mse,9,30,25,77,0.6567186727875547,DESCRIPTIVE_SMALL_N
50,GBT,5,30_99,0,pa,5,30,25,77,0.788125,DESCRIPTIVE_SMALL_N
50,GBT,5,30_99,1_9,mse,7,14,14,10,1.4995280932285486,DESCRIPTIVE_SMALL_N
50,GBT,5,30_99,1_9,pa,3,14,14,10,0.35555555555555557,DESCRIPTIVE_SMALL_N
50,GBT,5,30_99,10_49,mse,12,35,33,98,0.7692931544000849,DESCRIPTIVE_SMALL_N
50,GBT,5,30_99,10_49,pa,6,35,33,98,0.5573170731707318,DESCRIPTIVE_SMALL_N
50,GBT,5,30_99,50_PLUS,mse,24,457,365,8907,0.8684261628665216,DESCRIPTIVE_SMALL_N
50,GBT,5,30_99,50_PLUS,pa,22,457,365,8907,0.5240540088522094,DESCRIPTIVE_SMALL_N
50,GBT,5,100_299,0,mse,18,66,59,271,1.0273888859420615,DESCRIPTIVE_SMALL_N
50,GBT,5,100_299,0,pa,8,66,59,271,0.527475845410628,DESCRIPTIVE_SMALL_N
50,GBT,5,100_299,1_9,mse,15,71,67,275,1.2540831137572104,DESCRIPTIVE_SMALL_N
50,GBT,5,100_299,1_9,pa,7,71,67,275,0.5223752491569446,DESCRIPTIVE_SMALL_N
50,GBT,5,100_299,10_49,mse,20,92,75,299,0.6381544876575738,DESCRIPTIVE_SMALL_N
50,GBT,5,100_299,10_49,pa,15,92,75,299,0.6512311122472165,DESCRIPTIVE_SMALL_N
50,GBT,5,100_299,50_PLUS,mse,46,697,566,18807,0.6996044597505425,DESCRIPTIVE
50,GBT,5,100_299,50_PLUS,pa,39,697,566,18807,0.6334932912493629,DESCRIPTIVE
50,GBT,5,300_PLUS,0,mse,68,509,396,5206,0.6622838558458455,DESCRIPTIVE
50,GBT,5,300_PLUS,0,pa,48,509,396,5206,0.6116801777191795,DESCRIPTIVE
50,GBT,5,300_PLUS,1_9,mse,66,655,547,13602,0.7808731883811119,DESCRIPTIVE
50,GBT,5,300_PLUS,1_9,pa,43,655,547,13602,0.6000433249277216,DESCRIPTIVE
50,GBT,5,300_PLUS,10_49,mse,85,743,513,6510,0.7943064828789278,DESCRIPTIVE
50,GBT,5,300_PLUS,10_49,pa,69,743,513,6510,0.5201615348872349,DESCRIPTIVE
50,GBT,5,300_PLUS,50_PLUS,mse,107,2253,1638,45123,0.6923477585995222,DESCRIPTIVE
50,GBT,5,300_PLUS,50_PLUS,pa,92,2253,1638,45123,0.572770274811025,DESCRIPTIVE
50,GBT,10,0,0,mse,0,0,0,0,,NO_DATA
50,GBT,10,0,0,pa,0,0,0,0,,NO_DATA
50,GBT,10,0,1_9,mse,0,0,0,0,,NO_DATA
50,GBT,10,0,1_9,pa,0,0,0,0,,NO_DATA
50,GBT,10,0,10_49,mse,0,0,0,0,,NO_DATA
50,GBT,10,0,10_49,pa,0,0,0,0,,NO_DATA
50,GBT,10,0,50_PLUS,mse,0,0,0,0,,NO_DATA
50,GBT,10,0,50_PLUS,pa,0,0,0,0,,NO_DATA
50,GBT,10,1_9,0,mse,0,0,0,0,,NO_DATA
50,GBT,10,1_9,0,pa,0,0,0,0,,NO_DATA
50,GBT,10,1_9,1_9,mse,0,0,0,0,,NO_DATA
50,GBT,10,1_9,1_9,pa,0,0,0,0,,NO_DATA
50,GBT,10,1_9,10_49,mse,0,0,0,0,,NO_DATA
50,GBT,10,1_9,10_49,pa,0,0,0,0,,NO_DATA
50,GBT,10,1_9,50_PLUS,mse,0,0,0,0,,NO_DATA
50,GBT,10,1_9,50_PLUS,pa,0,0,0,0,,NO_DATA
50,GBT,10,10_29,0,mse,0,0,0,0,,NO_DATA
50,GBT,10,10_29,0,pa,0,0,0,0,,NO_DATA
50,GBT,10,10_29,1_9,mse,0,0,0,0,,NO_DATA
50,GBT,10,10_29,1_9,pa,0,0,0,0,,NO_DATA
50,GBT,10,10_29,10_49,mse,0,0,0,0,,NO_DATA
50,GBT,10,10_29,10_49,pa,0,0,0,0,,NO_DATA
50,GBT,10,10_29,50_PLUS,mse,3,66,62,761,0.46913044297484,DESCRIPTIVE_SMALL_N
50,GBT,10,10_29,50_PLUS,pa,3,66,62,761,0.5748283998283998,DESCRIPTIVE_SMALL_N
50,GBT,10,30_99,0,mse,9,30,25,77,0.8323774722607533,DESCRIPTIVE_SMALL_N
50,GBT,10,30_99,0,pa,5,30,25,77,0.748125,DESCRIPTIVE_SMALL_N
50,GBT,10,30_99,1_9,mse,7,14,14,10,1.4830310632523838,DESCRIPTIVE_SMALL_N
50,GBT,10,30_99,1_9,pa,3,14,14,10,0.35555555555555557,DESCRIPTIVE_SMALL_N
50,GBT,10,30_99,10_49,mse,12,35,33,98,0.7625365172293298,DESCRIPTIVE_SMALL_N
50,GBT,10,30_99,10_49,pa,6,35,33,98,0.5532520325203253,DESCRIPTIVE_SMALL_N
50,GBT,10,30_99,50_PLUS,mse,24,457,365,8907,0.8053599449116118,DESCRIPTIVE_SMALL_N
50,GBT,10,30_99,50_PLUS,pa,22,457,365,8907,0.549617937721512,DESCRIPTIVE_SMALL_N
50,GBT,10,100_299,0,mse,18,66,59,271,0.9872774210382711,DESCRIPTIVE_SMALL_N
50,GBT,10,100_299,0,pa,8,66,59,271,0.5748792270531401,DESCRIPTIVE_SMALL_N
50,GBT,10,100_299,1_9,mse,15,71,67,275,1.2987723702613674,DESCRIPTIVE_SMALL_N
50,GBT,10,100_299,1_9,pa,7,71,67,275,0.520994222081994,DESCRIPTIVE_SMALL_N
50,GBT,10,100_299,10_49,mse,20,92,75,299,0.6094891334836741,DESCRIPTIVE_SMALL_N
50,GBT,10,100_299,10_49,pa,15,92,75,299,0.6512311122472165,DESCRIPTIVE_SMALL_N
50,GBT,10,100_299,50_PLUS,mse,46,697,566,18807,0.690371490733994,DESCRIPTIVE
50,GBT,10,100_299,50_PLUS,pa,39,697,566,18807,0.603720743672336,DESCRIPTIVE
50,GBT,10,300_PLUS,0,mse,68,509,396,5206,0.7058996748203752,DESCRIPTIVE
50,GBT,10,300_PLUS,0,pa,48,509,396,5206,0.6420737409790913,DESCRIPTIVE
50,GBT,10,300_PLUS,1_9,mse,66,655,547,13602,0.7423694491450856,DESCRIPTIVE
50,GBT,10,300_PLUS,1_9,pa,43,655,547,13602,0.6107147992459402,DESCRIPTIVE
50,GBT,10,300_PLUS,10_49,mse,85,743,513,6510,0.8062044139854225,DESCRIPTIVE
50,GBT,10,300_PLUS,10_49,pa,69,743,513,6510,0.5317505306740592,DESCRIPTIVE
50,GBT,10,300_PLUS,50_PLUS,mse,107,2253,1638,45123,0.6844453561436592,DESCRIPTIVE
50,GBT,10,300_PLUS,50_PLUS,pa,92,2253,1638,45123,0.5749436913614726,DESCRIPTIVE
50,GBT,30,0,0,mse,0,0,0,0,,NO_DATA
50,GBT,30,0,0,pa,0,0,0,0,,NO_DATA
50,GBT,30,0,1_9,mse,0,0,0,0,,NO_DATA
50,GBT,30,0,1_9,pa,0,0,0,0,,NO_DATA
50,GBT,30,0,10_49,mse,0,0,0,0,,NO_DATA
50,GBT,30,0,10_49,pa,0,0,0,0,,NO_DATA
50,GBT,30,0,50_PLUS,mse,0,0,0,0,,NO_DATA
50,GBT,30,0,50_PLUS,pa,0,0,0,0,,NO_DATA
50,GBT,30,1_9,0,mse,0,0,0,0,,NO_DATA
50,GBT,30,1_9,0,pa,0,0,0,0,,NO_DATA
50,GBT,30,1_9,1_9,mse,0,0,0,0,,NO_DATA
50,GBT,30,1_9,1_9,pa,0,0,0,0,,NO_DATA
50,GBT,30,1_9,10_49,mse,0,0,0,0,,NO_DATA
50,GBT,30,1_9,10_49,pa,0,0,0,0,,NO_DATA
50,GBT,30,1_9,50_PLUS,mse,0,0,0,0,,NO_DATA
50,GBT,30,1_9,50_PLUS,pa,0,0,0,0,,NO_DATA
50,GBT,30,10_29,0,mse,0,0,0,0,,NO_DATA
50,GBT,30,10_29,0,pa,0,0,0,0,,NO_DATA
50,GBT,30,10_29,1_9,mse,0,0,0,0,,NO_DATA
50,GBT,30,10_29,1_9,pa,0,0,0,0,,NO_DATA
50,GBT,30,10_29,10_49,mse,0,0,0,0,,NO_DATA
50,GBT,30,10_29,10_49,pa,0,0,0,0,,NO_DATA
50,GBT,30,10_29,50_PLUS,mse,0,0,0,0,,NO_DATA
50,GBT,30,10_29,50_PLUS,pa,0,0,0,0,,NO_DATA
50,GBT,30,30_99,0,mse,9,30,25,77,0.7623069783955612,DESCRIPTIVE_SMALL_N
50,GBT,30,30_99,0,pa,5,30,25,77,0.778125,DESCRIPTIVE_SMALL_N
50,GBT,30,30_99,1_9,mse,7,14,14,10,1.4764717519055532,DESCRIPTIVE_SMALL_N
50,GBT,30,30_99,1_9,pa,3,14,14,10,0.6333333333333333,DESCRIPTIVE_SMALL_N
50,GBT,30,30_99,10_49,mse,12,35,33,98,0.6182554999086484,DESCRIPTIVE_SMALL_N
50,GBT,30,30_99,10_49,pa,6,35,33,98,0.5682926829268293,DESCRIPTIVE_SMALL_N
50,GBT,30,30_99,50_PLUS,mse,24,457,365,8907,0.6793996262770671,DESCRIPTIVE_SMALL_N
50,GBT,30,30_99,50_PLUS,pa,22,457,365,8907,0.5140658787177996,DESCRIPTIVE_SMALL_N
50,GBT,30,100_299,0,mse,18,66,59,271,0.8670108350522341,DESCRIPTIVE_SMALL_N
50,GBT,30,100_299,0,pa,8,66,59,271,0.6008454106280193,DESCRIPTIVE_SMALL_N
50,GBT,30,100_299,1_9,mse,15,71,67,275,1.1804631008450102,DESCRIPTIVE_SMALL_N
50,GBT,30,100_299,1_9,pa,7,71,67,275,0.49962134639553996,DESCRIPTIVE_SMALL_N
50,GBT,30,100_299,10_49,mse,20,92,75,299,0.6177659644662654,DESCRIPTIVE_SMALL_N
50,GBT,30,100_299,10_49,pa,15,92,75,299,0.5864393035673711,DESCRIPTIVE_SMALL_N
50,GBT,30,100_299,50_PLUS,mse,46,697,566,18807,0.6386047628349855,DESCRIPTIVE
50,GBT,30,100_299,50_PLUS,pa,39,697,566,18807,0.5963123064846106,DESCRIPTIVE
50,GBT,30,300_PLUS,0,mse,68,509,396,5206,0.6786161497470795,DESCRIPTIVE
50,GBT,30,300_PLUS,0,pa,48,509,396,5206,0.6037597144678025,DESCRIPTIVE
50,GBT,30,300_PLUS,1_9,mse,66,655,547,13602,0.7039313469106675,DESCRIPTIVE
50,GBT,30,300_PLUS,1_9,pa,43,655,547,13602,0.5785520194884312,DESCRIPTIVE
50,GBT,30,300_PLUS,10_49,mse,85,743,513,6510,0.7818994779483671,DESCRIPTIVE
50,GBT,30,300_PLUS,10_49,pa,69,743,513,6510,0.5610153417468924,DESCRIPTIVE
50,GBT,30,300_PLUS,50_PLUS,mse,107,2253,1638,45123,0.6530210311584259,DESCRIPTIVE
50,GBT,30,300_PLUS,50_PLUS,pa,92,2253,1638,45123,0.5864435266100095,DESCRIPTIVE
100,ALS,0,0,0,mse,38,207,173,2304,1.9457870438170675,DESCRIPTIVE
100,ALS,0,0,0,pa,17,207,173,2304,0.5,DESCRIPTIVE_SMALL_N
100,ALS,0,0,1_9,mse,34,487,446,35482,1.402933476431493,DESCRIPTIVE
100,ALS,0,0,1_9,pa,14,487,446,35482,0.5,DESCRIPTIVE_SMALL_N
100,ALS,0,0,10_49,mse,47,832,638,51867,1.1164416736436344,DESCRIPTIVE
100,ALS,0,0,10_49,pa,32,832,638,51867,0.5,DESCRIPTIVE
100,ALS,0,0,50_PLUS,mse,84,11603,3293,2564251,1.066610375789354,DESCRIPTIVE
100,ALS,0,0,50_PLUS,pa,84,11603,3293,2564251,0.5,DESCRIPTIVE
100,ALS,0,1_9,0,mse,0,0,0,0,,NO_DATA
100,ALS,0,1_9,0,pa,0,0,0,0,,NO_DATA
100,ALS,0,1_9,1_9,mse,0,0,0,0,,NO_DATA
100,ALS,0,1_9,1_9,pa,0,0,0,0,,NO_DATA
100,ALS,0,1_9,10_49,mse,0,0,0,0,,NO_DATA
100,ALS,0,1_9,10_49,pa,0,0,0,0,,NO_DATA
100,ALS,0,1_9,50_PLUS,mse,1,143,143,8012,0.9261952597917302,DESCRIPTIVE_SMALL_N
100,ALS,0,1_9,50_PLUS,pa,1,143,143,8012,0.5,DESCRIPTIVE_SMALL_N
100,ALS,0,10_29,0,mse,0,0,0,0,,NO_DATA
100,ALS,0,10_29,0,pa,0,0,0,0,,NO_DATA
100,ALS,0,10_29,1_9,mse,0,0,0,0,,NO_DATA
100,ALS,0,10_29,1_9,pa,0,0,0,0,,NO_DATA
100,ALS,0,10_29,10_49,mse,0,0,0,0,,NO_DATA
100,ALS,0,10_29,10_49,pa,0,0,0,0,,NO_DATA
100,ALS,0,10_29,50_PLUS,mse,3,66,62,761,0.4931752427015681,DESCRIPTIVE_SMALL_N
100,ALS,0,10_29,50_PLUS,pa,3,66,62,761,0.5,DESCRIPTIVE_SMALL_N
100,ALS,0,30_99,0,mse,9,30,25,77,0.973890267768242,DESCRIPTIVE_SMALL_N
100,ALS,0,30_99,0,pa,5,30,25,77,0.5,DESCRIPTIVE_SMALL_N
100,ALS,0,30_99,1_9,mse,7,14,14,10,0.8259874326045685,DESCRIPTIVE_SMALL_N
100,ALS,0,30_99,1_9,pa,3,14,14,10,0.5,DESCRIPTIVE_SMALL_N
100,ALS,0,30_99,10_49,mse,12,35,33,98,0.7172224580618899,DESCRIPTIVE_SMALL_N
100,ALS,0,30_99,10_49,pa,6,35,33,98,0.5,DESCRIPTIVE_SMALL_N
100,ALS,0,30_99,50_PLUS,mse,24,457,365,8907,0.9825235641131874,DESCRIPTIVE_SMALL_N
100,ALS,0,30_99,50_PLUS,pa,22,457,365,8907,0.5,DESCRIPTIVE_SMALL_N
100,ALS,0,100_299,0,mse,18,66,59,271,0.9832809493671663,DESCRIPTIVE_SMALL_N
100,ALS,0,100_299,0,pa,8,66,59,271,0.5,DESCRIPTIVE_SMALL_N
100,ALS,0,100_299,1_9,mse,15,71,67,275,1.534429845816763,DESCRIPTIVE_SMALL_N
100,ALS,0,100_299,1_9,pa,7,71,67,275,0.5,DESCRIPTIVE_SMALL_N
100,ALS,0,100_299,10_49,mse,20,92,75,299,0.7572951693462237,DESCRIPTIVE_SMALL_N
100,ALS,0,100_299,10_49,pa,15,92,75,299,0.5,DESCRIPTIVE_SMALL_N
100,ALS,0,100_299,50_PLUS,mse,46,697,566,18807,0.7872227759725104,DESCRIPTIVE
100,ALS,0,100_299,50_PLUS,pa,39,697,566,18807,0.5,DESCRIPTIVE
100,ALS,0,300_PLUS,0,mse,68,509,396,5206,0.858838770394739,DESCRIPTIVE
100,ALS,0,300_PLUS,0,pa,48,509,396,5206,0.5,DESCRIPTIVE
100,ALS,0,300_PLUS,1_9,mse,66,655,547,13602,0.9291857293622815,DESCRIPTIVE
100,ALS,0,300_PLUS,1_9,pa,43,655,547,13602,0.5,DESCRIPTIVE
100,ALS,0,300_PLUS,10_49,mse,85,743,513,6510,0.9202760593115077,DESCRIPTIVE
100,ALS,0,300_PLUS,10_49,pa,69,743,513,6510,0.5,DESCRIPTIVE
100,ALS,0,300_PLUS,50_PLUS,mse,107,2253,1638,45123,0.7955726430692737,DESCRIPTIVE
100,ALS,0,300_PLUS,50_PLUS,pa,92,2253,1638,45123,0.5,DESCRIPTIVE
100,ALS,1,0,0,mse,0,0,0,0,,NO_DATA
100,ALS,1,0,0,pa,0,0,0,0,,NO_DATA
100,ALS,1,0,1_9,mse,0,0,0,0,,NO_DATA
100,ALS,1,0,1_9,pa,0,0,0,0,,NO_DATA
100,ALS,1,0,10_49,mse,0,0,0,0,,NO_DATA
100,ALS,1,0,10_49,pa,0,0,0,0,,NO_DATA
100,ALS,1,0,50_PLUS,mse,0,0,0,0,,NO_DATA
100,ALS,1,0,50_PLUS,pa,0,0,0,0,,NO_DATA
100,ALS,1,1_9,0,mse,0,0,0,0,,NO_DATA
100,ALS,1,1_9,0,pa,0,0,0,0,,NO_DATA
100,ALS,1,1_9,1_9,mse,0,0,0,0,,NO_DATA
100,ALS,1,1_9,1_9,pa,0,0,0,0,,NO_DATA
100,ALS,1,1_9,10_49,mse,0,0,0,0,,NO_DATA
100,ALS,1,1_9,10_49,pa,0,0,0,0,,NO_DATA
100,ALS,1,1_9,50_PLUS,mse,1,143,143,8012,1.2533248066037823,DESCRIPTIVE_SMALL_N
100,ALS,1,1_9,50_PLUS,pa,1,143,143,8012,0.6058412381427858,DESCRIPTIVE_SMALL_N
100,ALS,1,10_29,0,mse,0,0,0,0,,NO_DATA
100,ALS,1,10_29,0,pa,0,0,0,0,,NO_DATA
100,ALS,1,10_29,1_9,mse,0,0,0,0,,NO_DATA
100,ALS,1,10_29,1_9,pa,0,0,0,0,,NO_DATA
100,ALS,1,10_29,10_49,mse,0,0,0,0,,NO_DATA
100,ALS,1,10_29,10_49,pa,0,0,0,0,,NO_DATA
100,ALS,1,10_29,50_PLUS,mse,3,66,62,761,0.9586378585268153,DESCRIPTIVE_SMALL_N
100,ALS,1,10_29,50_PLUS,pa,3,66,62,761,0.5421117546117545,DESCRIPTIVE_SMALL_N
100,ALS,1,30_99,0,mse,9,30,25,77,0.7636940884832486,DESCRIPTIVE_SMALL_N
100,ALS,1,30_99,0,pa,5,30,25,77,0.5,DESCRIPTIVE_SMALL_N
100,ALS,1,30_99,1_9,mse,7,14,14,10,3.8432050819971892,DESCRIPTIVE_SMALL_N
100,ALS,1,30_99,1_9,pa,3,14,14,10,0.611111111111111,DESCRIPTIVE_SMALL_N
100,ALS,1,30_99,10_49,mse,12,35,33,98,2.7162072502196075,DESCRIPTIVE_SMALL_N
100,ALS,1,30_99,10_49,pa,6,35,33,98,0.6941734417344173,DESCRIPTIVE_SMALL_N
100,ALS,1,30_99,50_PLUS,mse,24,457,365,8907,2.3462154431548887,DESCRIPTIVE_SMALL_N
100,ALS,1,30_99,50_PLUS,pa,22,457,365,8907,0.6486089750016222,DESCRIPTIVE_SMALL_N
100,ALS,1,100_299,0,mse,18,66,59,271,0.8997063138515973,DESCRIPTIVE_SMALL_N
100,ALS,1,100_299,0,pa,8,66,59,271,0.5,DESCRIPTIVE_SMALL_N
100,ALS,1,100_299,1_9,mse,15,71,67,275,2.2035440998700984,DESCRIPTIVE_SMALL_N
100,ALS,1,100_299,1_9,pa,7,71,67,275,0.5358101763203038,DESCRIPTIVE_SMALL_N
100,ALS,1,100_299,10_49,mse,20,92,75,299,1.748978531476607,DESCRIPTIVE_SMALL_N
100,ALS,1,100_299,10_49,pa,15,92,75,299,0.5531616394001363,DESCRIPTIVE_SMALL_N
100,ALS,1,100_299,50_PLUS,mse,46,697,566,18807,1.6352890667846578,DESCRIPTIVE
100,ALS,1,100_299,50_PLUS,pa,39,697,566,18807,0.5748005991825152,DESCRIPTIVE
100,ALS,1,300_PLUS,0,mse,68,509,396,5206,0.7849036454174712,DESCRIPTIVE
100,ALS,1,300_PLUS,0,pa,48,509,396,5206,0.5,DESCRIPTIVE
100,ALS,1,300_PLUS,1_9,mse,66,655,547,13602,2.0665080470818538,DESCRIPTIVE
100,ALS,1,300_PLUS,1_9,pa,43,655,547,13602,0.5526819464504018,DESCRIPTIVE
100,ALS,1,300_PLUS,10_49,mse,85,743,513,6510,1.4539789996094974,DESCRIPTIVE
100,ALS,1,300_PLUS,10_49,pa,69,743,513,6510,0.5711212208180234,DESCRIPTIVE
100,ALS,1,300_PLUS,50_PLUS,mse,107,2253,1638,45123,1.4532987375451896,DESCRIPTIVE
100,ALS,1,300_PLUS,50_PLUS,pa,92,2253,1638,45123,0.5799347921611159,DESCRIPTIVE
100,ALS,5,0,0,mse,0,0,0,0,,NO_DATA
100,ALS,5,0,0,pa,0,0,0,0,,NO_DATA
100,ALS,5,0,1_9,mse,0,0,0,0,,NO_DATA
100,ALS,5,0,1_9,pa,0,0,0,0,,NO_DATA
100,ALS,5,0,10_49,mse,0,0,0,0,,NO_DATA
100,ALS,5,0,10_49,pa,0,0,0,0,,NO_DATA
100,ALS,5,0,50_PLUS,mse,0,0,0,0,,NO_DATA
100,ALS,5,0,50_PLUS,pa,0,0,0,0,,NO_DATA
100,ALS,5,1_9,0,mse,0,0,0,0,,NO_DATA
100,ALS,5,1_9,0,pa,0,0,0,0,,NO_DATA
100,ALS,5,1_9,1_9,mse,0,0,0,0,,NO_DATA
100,ALS,5,1_9,1_9,pa,0,0,0,0,,NO_DATA
100,ALS,5,1_9,10_49,mse,0,0,0,0,,NO_DATA
100,ALS,5,1_9,10_49,pa,0,0,0,0,,NO_DATA
100,ALS,5,1_9,50_PLUS,mse,0,0,0,0,,NO_DATA
100,ALS,5,1_9,50_PLUS,pa,0,0,0,0,,NO_DATA
100,ALS,5,10_29,0,mse,0,0,0,0,,NO_DATA
100,ALS,5,10_29,0,pa,0,0,0,0,,NO_DATA
100,ALS,5,10_29,1_9,mse,0,0,0,0,,NO_DATA
100,ALS,5,10_29,1_9,pa,0,0,0,0,,NO_DATA
100,ALS,5,10_29,10_49,mse,0,0,0,0,,NO_DATA
100,ALS,5,10_29,10_49,pa,0,0,0,0,,NO_DATA
100,ALS,5,10_29,50_PLUS,mse,3,66,62,761,1.0628624218666394,DESCRIPTIVE_SMALL_N
100,ALS,5,10_29,50_PLUS,pa,3,66,62,761,0.5464071214071214,DESCRIPTIVE_SMALL_N
100,ALS,5,30_99,0,mse,9,30,25,77,0.7744177039556619,DESCRIPTIVE_SMALL_N
100,ALS,5,30_99,0,pa,5,30,25,77,0.5,DESCRIPTIVE_SMALL_N
100,ALS,5,30_99,1_9,mse,7,14,14,10,2.230614217213818,DESCRIPTIVE_SMALL_N
100,ALS,5,30_99,1_9,pa,3,14,14,10,0.6,DESCRIPTIVE_SMALL_N
100,ALS,5,30_99,10_49,mse,12,35,33,98,1.193596853157611,DESCRIPTIVE_SMALL_N
100,ALS,5,30_99,10_49,pa,6,35,33,98,0.5789972899728998,DESCRIPTIVE_SMALL_N
100,ALS,5,30_99,50_PLUS,mse,24,457,365,8907,0.8174769714237137,DESCRIPTIVE_SMALL_N
100,ALS,5,30_99,50_PLUS,pa,22,457,365,8907,0.6302514629297875,DESCRIPTIVE_SMALL_N
100,ALS,5,100_299,0,mse,18,66,59,271,0.9440719861420411,DESCRIPTIVE_SMALL_N
100,ALS,5,100_299,0,pa,8,66,59,271,0.5,DESCRIPTIVE_SMALL_N
100,ALS,5,100_299,1_9,mse,15,71,67,275,1.984330348000393,DESCRIPTIVE_SMALL_N
100,ALS,5,100_299,1_9,pa,7,71,67,275,0.5113722486565697,DESCRIPTIVE_SMALL_N
100,ALS,5,100_299,10_49,mse,20,92,75,299,0.636275144221951,DESCRIPTIVE_SMALL_N
100,ALS,5,100_299,10_49,pa,15,92,75,299,0.6204765962281299,DESCRIPTIVE_SMALL_N
100,ALS,5,100_299,50_PLUS,mse,46,697,566,18807,0.8373563663454126,DESCRIPTIVE
100,ALS,5,100_299,50_PLUS,pa,39,697,566,18807,0.6161838278415032,DESCRIPTIVE
100,ALS,5,300_PLUS,0,mse,68,509,396,5206,0.7012039127173575,DESCRIPTIVE
100,ALS,5,300_PLUS,0,pa,48,509,396,5206,0.5,DESCRIPTIVE
100,ALS,5,300_PLUS,1_9,mse,66,655,547,13602,1.3662351267889437,DESCRIPTIVE
100,ALS,5,300_PLUS,1_9,pa,43,655,547,13602,0.5814700082060169,DESCRIPTIVE
100,ALS,5,300_PLUS,10_49,mse,85,743,513,6510,0.7829512522875118,DESCRIPTIVE
100,ALS,5,300_PLUS,10_49,pa,69,743,513,6510,0.6172259165100858,DESCRIPTIVE
100,ALS,5,300_PLUS,50_PLUS,mse,107,2253,1638,45123,0.7356140300059597,DESCRIPTIVE
100,ALS,5,300_PLUS,50_PLUS,pa,92,2253,1638,45123,0.619243275277867,DESCRIPTIVE
100,ALS,10,0,0,mse,0,0,0,0,,NO_DATA
100,ALS,10,0,0,pa,0,0,0,0,,NO_DATA
100,ALS,10,0,1_9,mse,0,0,0,0,,NO_DATA
100,ALS,10,0,1_9,pa,0,0,0,0,,NO_DATA
100,ALS,10,0,10_49,mse,0,0,0,0,,NO_DATA
100,ALS,10,0,10_49,pa,0,0,0,0,,NO_DATA
100,ALS,10,0,50_PLUS,mse,0,0,0,0,,NO_DATA
100,ALS,10,0,50_PLUS,pa,0,0,0,0,,NO_DATA
100,ALS,10,1_9,0,mse,0,0,0,0,,NO_DATA
100,ALS,10,1_9,0,pa,0,0,0,0,,NO_DATA
100,ALS,10,1_9,1_9,mse,0,0,0,0,,NO_DATA
100,ALS,10,1_9,1_9,pa,0,0,0,0,,NO_DATA
100,ALS,10,1_9,10_49,mse,0,0,0,0,,NO_DATA
100,ALS,10,1_9,10_49,pa,0,0,0,0,,NO_DATA
100,ALS,10,1_9,50_PLUS,mse,0,0,0,0,,NO_DATA
100,ALS,10,1_9,50_PLUS,pa,0,0,0,0,,NO_DATA
100,ALS,10,10_29,0,mse,0,0,0,0,,NO_DATA
100,ALS,10,10_29,0,pa,0,0,0,0,,NO_DATA
100,ALS,10,10_29,1_9,mse,0,0,0,0,,NO_DATA
100,ALS,10,10_29,1_9,pa,0,0,0,0,,NO_DATA
100,ALS,10,10_29,10_49,mse,0,0,0,0,,NO_DATA
100,ALS,10,10_29,10_49,pa,0,0,0,0,,NO_DATA
100,ALS,10,10_29,50_PLUS,mse,3,66,62,761,1.0884403723723979,DESCRIPTIVE_SMALL_N
100,ALS,10,10_29,50_PLUS,pa,3,66,62,761,0.6758794508794509,DESCRIPTIVE_SMALL_N
100,ALS,10,30_99,0,mse,9,30,25,77,0.7867822072436456,DESCRIPTIVE_SMALL_N
100,ALS,10,30_99,0,pa,5,30,25,77,0.5,DESCRIPTIVE_SMALL_N
100,ALS,10,30_99,1_9,mse,7,14,14,10,2.180991861618899,DESCRIPTIVE_SMALL_N
100,ALS,10,30_99,1_9,pa,3,14,14,10,0.7111111111111111,DESCRIPTIVE_SMALL_N
100,ALS,10,30_99,10_49,mse,12,35,33,98,0.9244312261753654,DESCRIPTIVE_SMALL_N
100,ALS,10,30_99,10_49,pa,6,35,33,98,0.805420054200542,DESCRIPTIVE_SMALL_N
100,ALS,10,30_99,50_PLUS,mse,24,457,365,8907,0.7513136023513413,DESCRIPTIVE_SMALL_N
100,ALS,10,30_99,50_PLUS,pa,22,457,365,8907,0.647431541525125,DESCRIPTIVE_SMALL_N
100,ALS,10,100_299,0,mse,18,66,59,271,0.9654265506308476,DESCRIPTIVE_SMALL_N
100,ALS,10,100_299,0,pa,8,66,59,271,0.5,DESCRIPTIVE_SMALL_N
100,ALS,10,100_299,1_9,mse,15,71,67,275,1.4867062150939607,DESCRIPTIVE_SMALL_N
100,ALS,10,100_299,1_9,pa,7,71,67,275,0.5156803061904337,DESCRIPTIVE_SMALL_N
100,ALS,10,100_299,10_49,mse,20,92,75,299,0.589382421100804,DESCRIPTIVE_SMALL_N
100,ALS,10,100_299,10_49,pa,15,92,75,299,0.7206384912519881,DESCRIPTIVE_SMALL_N
100,ALS,10,100_299,50_PLUS,mse,46,697,566,18807,0.7635906266703004,DESCRIPTIVE
100,ALS,10,100_299,50_PLUS,pa,39,697,566,18807,0.6172635453698477,DESCRIPTIVE
100,ALS,10,300_PLUS,0,mse,68,509,396,5206,0.6597766904161633,DESCRIPTIVE
100,ALS,10,300_PLUS,0,pa,48,509,396,5206,0.5,DESCRIPTIVE
100,ALS,10,300_PLUS,1_9,mse,66,655,547,13602,1.1385209002276413,DESCRIPTIVE
100,ALS,10,300_PLUS,1_9,pa,43,655,547,13602,0.5877875398996376,DESCRIPTIVE
100,ALS,10,300_PLUS,10_49,mse,85,743,513,6510,0.6285891750187668,DESCRIPTIVE
100,ALS,10,300_PLUS,10_49,pa,69,743,513,6510,0.611530124243384,DESCRIPTIVE
100,ALS,10,300_PLUS,50_PLUS,mse,107,2253,1638,45123,0.5538507531732847,DESCRIPTIVE
100,ALS,10,300_PLUS,50_PLUS,pa,92,2253,1638,45123,0.6407759279738702,DESCRIPTIVE
100,ALS,30,0,0,mse,0,0,0,0,,NO_DATA
100,ALS,30,0,0,pa,0,0,0,0,,NO_DATA
100,ALS,30,0,1_9,mse,0,0,0,0,,NO_DATA
100,ALS,30,0,1_9,pa,0,0,0,0,,NO_DATA
100,ALS,30,0,10_49,mse,0,0,0,0,,NO_DATA
100,ALS,30,0,10_49,pa,0,0,0,0,,NO_DATA
100,ALS,30,0,50_PLUS,mse,0,0,0,0,,NO_DATA
100,ALS,30,0,50_PLUS,pa,0,0,0,0,,NO_DATA
100,ALS,30,1_9,0,mse,0,0,0,0,,NO_DATA
100,ALS,30,1_9,0,pa,0,0,0,0,,NO_DATA
100,ALS,30,1_9,1_9,mse,0,0,0,0,,NO_DATA
100,ALS,30,1_9,1_9,pa,0,0,0,0,,NO_DATA
100,ALS,30,1_9,10_49,mse,0,0,0,0,,NO_DATA
100,ALS,30,1_9,10_49,pa,0,0,0,0,,NO_DATA
100,ALS,30,1_9,50_PLUS,mse,0,0,0,0,,NO_DATA
100,ALS,30,1_9,50_PLUS,pa,0,0,0,0,,NO_DATA
100,ALS,30,10_29,0,mse,0,0,0,0,,NO_DATA
100,ALS,30,10_29,0,pa,0,0,0,0,,NO_DATA
100,ALS,30,10_29,1_9,mse,0,0,0,0,,NO_DATA
100,ALS,30,10_29,1_9,pa,0,0,0,0,,NO_DATA
100,ALS,30,10_29,10_49,mse,0,0,0,0,,NO_DATA
100,ALS,30,10_29,10_49,pa,0,0,0,0,,NO_DATA
100,ALS,30,10_29,50_PLUS,mse,0,0,0,0,,NO_DATA
100,ALS,30,10_29,50_PLUS,pa,0,0,0,0,,NO_DATA
100,ALS,30,30_99,0,mse,9,30,25,77,0.7465263819136431,DESCRIPTIVE_SMALL_N
100,ALS,30,30_99,0,pa,5,30,25,77,0.5,DESCRIPTIVE_SMALL_N
100,ALS,30,30_99,1_9,mse,7,14,14,10,2.1591368529256827,DESCRIPTIVE_SMALL_N
100,ALS,30,30_99,1_9,pa,3,14,14,10,0.5444444444444444,DESCRIPTIVE_SMALL_N
100,ALS,30,30_99,10_49,mse,12,35,33,98,0.6825076832576343,DESCRIPTIVE_SMALL_N
100,ALS,30,30_99,10_49,pa,6,35,33,98,0.6714092140921409,DESCRIPTIVE_SMALL_N
100,ALS,30,30_99,50_PLUS,mse,24,457,365,8907,0.5472588275939272,DESCRIPTIVE_SMALL_N
100,ALS,30,30_99,50_PLUS,pa,22,457,365,8907,0.6671954970528986,DESCRIPTIVE_SMALL_N
100,ALS,30,100_299,0,mse,18,66,59,271,1.0011064762020663,DESCRIPTIVE_SMALL_N
100,ALS,30,100_299,0,pa,8,66,59,271,0.5,DESCRIPTIVE_SMALL_N
100,ALS,30,100_299,1_9,mse,15,71,67,275,1.364760898341496,DESCRIPTIVE_SMALL_N
100,ALS,30,100_299,1_9,pa,7,71,67,275,0.41688294201422477,DESCRIPTIVE_SMALL_N
100,ALS,30,100_299,10_49,mse,20,92,75,299,0.6164681721886576,DESCRIPTIVE_SMALL_N
100,ALS,30,100_299,10_49,pa,15,92,75,299,0.6836170756646217,DESCRIPTIVE_SMALL_N
100,ALS,30,100_299,50_PLUS,mse,46,697,566,18807,0.6206936123325414,DESCRIPTIVE
100,ALS,30,100_299,50_PLUS,pa,39,697,566,18807,0.6548683394416344,DESCRIPTIVE
100,ALS,30,300_PLUS,0,mse,68,509,396,5206,0.6638677552480532,DESCRIPTIVE
100,ALS,30,300_PLUS,0,pa,48,509,396,5206,0.5,DESCRIPTIVE
100,ALS,30,300_PLUS,1_9,mse,66,655,547,13602,1.0391753359240414,DESCRIPTIVE
100,ALS,30,300_PLUS,1_9,pa,43,655,547,13602,0.5972685137728289,DESCRIPTIVE
100,ALS,30,300_PLUS,10_49,mse,85,743,513,6510,0.5684095483827386,DESCRIPTIVE
100,ALS,30,300_PLUS,10_49,pa,69,743,513,6510,0.6455326524647137,DESCRIPTIVE
100,ALS,30,300_PLUS,50_PLUS,mse,107,2253,1638,45123,0.5021384057866817,DESCRIPTIVE
100,ALS,30,300_PLUS,50_PLUS,pa,92,2253,1638,45123,0.6437816875839066,DESCRIPTIVE
100,FM,0,0,0,mse,38,207,173,2304,1.6902477119814618,DESCRIPTIVE
100,FM,0,0,0,pa,17,207,173,2304,0.6694265507229584,DESCRIPTIVE_SMALL_N
100,FM,0,0,1_9,mse,34,487,446,35482,1.2677658387808972,DESCRIPTIVE
100,FM,0,0,1_9,pa,14,487,446,35482,0.5403647094486208,DESCRIPTIVE_SMALL_N
100,FM,0,0,10_49,mse,47,832,638,51867,1.0994037891317208,DESCRIPTIVE
100,FM,0,0,10_49,pa,32,832,638,51867,0.5905818896317487,DESCRIPTIVE
100,FM,0,0,50_PLUS,mse,84,11603,3293,2564251,1.0028259208574324,DESCRIPTIVE
100,FM,0,0,50_PLUS,pa,84,11603,3293,2564251,0.5783854545041466,DESCRIPTIVE
100,FM,0,1_9,0,mse,0,0,0,0,,NO_DATA
100,FM,0,1_9,0,pa,0,0,0,0,,NO_DATA
100,FM,0,1_9,1_9,mse,0,0,0,0,,NO_DATA
100,FM,0,1_9,1_9,pa,0,0,0,0,,NO_DATA
100,FM,0,1_9,10_49,mse,0,0,0,0,,NO_DATA
100,FM,0,1_9,10_49,pa,0,0,0,0,,NO_DATA
100,FM,0,1_9,50_PLUS,mse,1,143,143,8012,0.9144449052271592,DESCRIPTIVE_SMALL_N
100,FM,0,1_9,50_PLUS,pa,1,143,143,8012,0.5662755866200699,DESCRIPTIVE_SMALL_N
100,FM,0,10_29,0,mse,0,0,0,0,,NO_DATA
100,FM,0,10_29,0,pa,0,0,0,0,,NO_DATA
100,FM,0,10_29,1_9,mse,0,0,0,0,,NO_DATA
100,FM,0,10_29,1_9,pa,0,0,0,0,,NO_DATA
100,FM,0,10_29,10_49,mse,0,0,0,0,,NO_DATA
100,FM,0,10_29,10_49,pa,0,0,0,0,,NO_DATA
100,FM,0,10_29,50_PLUS,mse,3,66,62,761,0.5016601223280387,DESCRIPTIVE_SMALL_N
100,FM,0,10_29,50_PLUS,pa,3,66,62,761,0.43048584298584297,DESCRIPTIVE_SMALL_N
100,FM,0,30_99,0,mse,9,30,25,77,0.7928610784443433,DESCRIPTIVE_SMALL_N
100,FM,0,30_99,0,pa,5,30,25,77,0.7318749999999999,DESCRIPTIVE_SMALL_N
100,FM,0,30_99,1_9,mse,7,14,14,10,1.3470941518794537,DESCRIPTIVE_SMALL_N
100,FM,0,30_99,1_9,pa,3,14,14,10,0.4666666666666666,DESCRIPTIVE_SMALL_N
100,FM,0,30_99,10_49,mse,12,35,33,98,0.9818713652991224,DESCRIPTIVE_SMALL_N
100,FM,0,30_99,10_49,pa,6,35,33,98,0.4703252032520326,DESCRIPTIVE_SMALL_N
100,FM,0,30_99,50_PLUS,mse,24,457,365,8907,0.8425408846946612,DESCRIPTIVE_SMALL_N
100,FM,0,30_99,50_PLUS,pa,22,457,365,8907,0.5233390744315777,DESCRIPTIVE_SMALL_N
100,FM,0,100_299,0,mse,18,66,59,271,0.7235406914233696,DESCRIPTIVE_SMALL_N
100,FM,0,100_299,0,pa,8,66,59,271,0.6742149758454106,DESCRIPTIVE_SMALL_N
100,FM,0,100_299,1_9,mse,15,71,67,275,1.5120671374141386,DESCRIPTIVE_SMALL_N
100,FM,0,100_299,1_9,pa,7,71,67,275,0.49806456359344586,DESCRIPTIVE_SMALL_N
100,FM,0,100_299,10_49,mse,20,92,75,299,0.7859084575266405,DESCRIPTIVE_SMALL_N
100,FM,0,100_299,10_49,pa,15,92,75,299,0.5241939331970007,DESCRIPTIVE_SMALL_N
100,FM,0,100_299,50_PLUS,mse,46,697,566,18807,0.7374927755737104,DESCRIPTIVE
100,FM,0,100_299,50_PLUS,pa,39,697,566,18807,0.5831132728708825,DESCRIPTIVE
100,FM,0,300_PLUS,0,mse,68,509,396,5206,0.8889066147235486,DESCRIPTIVE
100,FM,0,300_PLUS,0,pa,48,509,396,5206,0.5576967609896702,DESCRIPTIVE
100,FM,0,300_PLUS,1_9,mse,66,655,547,13602,0.8799630192336851,DESCRIPTIVE
100,FM,0,300_PLUS,1_9,pa,43,655,547,13602,0.59969339405981,DESCRIPTIVE
100,FM,0,300_PLUS,10_49,mse,85,743,513,6510,1.0144613420923903,DESCRIPTIVE
100,FM,0,300_PLUS,10_49,pa,69,743,513,6510,0.5607281365603698,DESCRIPTIVE
100,FM,0,300_PLUS,50_PLUS,mse,107,2253,1638,45123,0.799274417070301,DESCRIPTIVE
100,FM,0,300_PLUS,50_PLUS,pa,92,2253,1638,45123,0.5748107619797533,DESCRIPTIVE
100,FM,1,0,0,mse,0,0,0,0,,NO_DATA
100,FM,1,0,0,pa,0,0,0,0,,NO_DATA
100,FM,1,0,1_9,mse,0,0,0,0,,NO_DATA
100,FM,1,0,1_9,pa,0,0,0,0,,NO_DATA
100,FM,1,0,10_49,mse,0,0,0,0,,NO_DATA
100,FM,1,0,10_49,pa,0,0,0,0,,NO_DATA
100,FM,1,0,50_PLUS,mse,0,0,0,0,,NO_DATA
100,FM,1,0,50_PLUS,pa,0,0,0,0,,NO_DATA
100,FM,1,1_9,0,mse,0,0,0,0,,NO_DATA
100,FM,1,1_9,0,pa,0,0,0,0,,NO_DATA
100,FM,1,1_9,1_9,mse,0,0,0,0,,NO_DATA
100,FM,1,1_9,1_9,pa,0,0,0,0,,NO_DATA
100,FM,1,1_9,10_49,mse,0,0,0,0,,NO_DATA
100,FM,1,1_9,10_49,pa,0,0,0,0,,NO_DATA
100,FM,1,1_9,50_PLUS,mse,1,143,143,8012,0.9171267818376425,DESCRIPTIVE_SMALL_N
100,FM,1,1_9,50_PLUS,pa,1,143,143,8012,0.5812531203195207,DESCRIPTIVE_SMALL_N
100,FM,1,10_29,0,mse,0,0,0,0,,NO_DATA
100,FM,1,10_29,0,pa,0,0,0,0,,NO_DATA
100,FM,1,10_29,1_9,mse,0,0,0,0,,NO_DATA
100,FM,1,10_29,1_9,pa,0,0,0,0,,NO_DATA
100,FM,1,10_29,10_49,mse,0,0,0,0,,NO_DATA
100,FM,1,10_29,10_49,pa,0,0,0,0,,NO_DATA
100,FM,1,10_29,50_PLUS,mse,3,66,62,761,0.5547631734117519,DESCRIPTIVE_SMALL_N
100,FM,1,10_29,50_PLUS,pa,3,66,62,761,0.5529815529815529,DESCRIPTIVE_SMALL_N
100,FM,1,30_99,0,mse,9,30,25,77,0.6150779168383977,DESCRIPTIVE_SMALL_N
100,FM,1,30_99,0,pa,5,30,25,77,0.7224999999999999,DESCRIPTIVE_SMALL_N
100,FM,1,30_99,1_9,mse,7,14,14,10,1.9646883666830661,DESCRIPTIVE_SMALL_N
100,FM,1,30_99,1_9,pa,3,14,14,10,0.4666666666666666,DESCRIPTIVE_SMALL_N
100,FM,1,30_99,10_49,mse,12,35,33,98,1.0972020180236028,DESCRIPTIVE_SMALL_N
100,FM,1,30_99,10_49,pa,6,35,33,98,0.5779132791327913,DESCRIPTIVE_SMALL_N
100,FM,1,30_99,50_PLUS,mse,24,457,365,8907,1.016672615504515,DESCRIPTIVE_SMALL_N
100,FM,1,30_99,50_PLUS,pa,22,457,365,8907,0.5194979540917386,DESCRIPTIVE_SMALL_N
100,FM,1,100_299,0,mse,18,66,59,271,0.6990187285190783,DESCRIPTIVE_SMALL_N
100,FM,1,100_299,0,pa,8,66,59,271,0.5486111111111112,DESCRIPTIVE_SMALL_N
100,FM,1,100_299,1_9,mse,15,71,67,275,1.3848348680303195,DESCRIPTIVE_SMALL_N
100,FM,1,100_299,1_9,pa,7,71,67,275,0.4979028973027472,DESCRIPTIVE_SMALL_N
100,FM,1,100_299,10_49,mse,20,92,75,299,0.7567885832394323,DESCRIPTIVE_SMALL_N
100,FM,1,100_299,10_49,pa,15,92,75,299,0.5269947171097477,DESCRIPTIVE_SMALL_N
100,FM,1,100_299,50_PLUS,mse,46,697,566,18807,0.7749141727487835,DESCRIPTIVE
100,FM,1,100_299,50_PLUS,pa,39,697,566,18807,0.5737240933768443,DESCRIPTIVE
100,FM,1,300_PLUS,0,mse,68,509,396,5206,0.8091686876446826,DESCRIPTIVE
100,FM,1,300_PLUS,0,pa,48,509,396,5206,0.5675534887440026,DESCRIPTIVE
100,FM,1,300_PLUS,1_9,mse,66,655,547,13602,0.8150148639433991,DESCRIPTIVE
100,FM,1,300_PLUS,1_9,pa,43,655,547,13602,0.5805559287857337,DESCRIPTIVE
100,FM,1,300_PLUS,10_49,mse,85,743,513,6510,0.9087619829319988,DESCRIPTIVE
100,FM,1,300_PLUS,10_49,pa,69,743,513,6510,0.5704477159692133,DESCRIPTIVE
100,FM,1,300_PLUS,50_PLUS,mse,107,2253,1638,45123,0.716641722075364,DESCRIPTIVE
100,FM,1,300_PLUS,50_PLUS,pa,92,2253,1638,45123,0.5770109286560138,DESCRIPTIVE
100,FM,5,0,0,mse,0,0,0,0,,NO_DATA
100,FM,5,0,0,pa,0,0,0,0,,NO_DATA
100,FM,5,0,1_9,mse,0,0,0,0,,NO_DATA
100,FM,5,0,1_9,pa,0,0,0,0,,NO_DATA
100,FM,5,0,10_49,mse,0,0,0,0,,NO_DATA
100,FM,5,0,10_49,pa,0,0,0,0,,NO_DATA
100,FM,5,0,50_PLUS,mse,0,0,0,0,,NO_DATA
100,FM,5,0,50_PLUS,pa,0,0,0,0,,NO_DATA
100,FM,5,1_9,0,mse,0,0,0,0,,NO_DATA
100,FM,5,1_9,0,pa,0,0,0,0,,NO_DATA
100,FM,5,1_9,1_9,mse,0,0,0,0,,NO_DATA
100,FM,5,1_9,1_9,pa,0,0,0,0,,NO_DATA
100,FM,5,1_9,10_49,mse,0,0,0,0,,NO_DATA
100,FM,5,1_9,10_49,pa,0,0,0,0,,NO_DATA
100,FM,5,1_9,50_PLUS,mse,0,0,0,0,,NO_DATA
100,FM,5,1_9,50_PLUS,pa,0,0,0,0,,NO_DATA
100,FM,5,10_29,0,mse,0,0,0,0,,NO_DATA
100,FM,5,10_29,0,pa,0,0,0,0,,NO_DATA
100,FM,5,10_29,1_9,mse,0,0,0,0,,NO_DATA
100,FM,5,10_29,1_9,pa,0,0,0,0,,NO_DATA
100,FM,5,10_29,10_49,mse,0,0,0,0,,NO_DATA
100,FM,5,10_29,10_49,pa,0,0,0,0,,NO_DATA
100,FM,5,10_29,50_PLUS,mse,3,66,62,761,0.44748992030008833,DESCRIPTIVE_SMALL_N
100,FM,5,10_29,50_PLUS,pa,3,66,62,761,0.3492170742170742,DESCRIPTIVE_SMALL_N
100,FM,5,30_99,0,mse,9,30,25,77,0.7412080548820115,DESCRIPTIVE_SMALL_N
100,FM,5,30_99,0,pa,5,30,25,77,0.735,DESCRIPTIVE_SMALL_N
100,FM,5,30_99,1_9,mse,7,14,14,10,1.5333326629202968,DESCRIPTIVE_SMALL_N
100,FM,5,30_99,1_9,pa,3,14,14,10,0.39999999999999997,DESCRIPTIVE_SMALL_N
100,FM,5,30_99,10_49,mse,12,35,33,98,0.9586728537701364,DESCRIPTIVE_SMALL_N
100,FM,5,30_99,10_49,pa,6,35,33,98,0.4451219512195122,DESCRIPTIVE_SMALL_N
100,FM,5,30_99,50_PLUS,mse,24,457,365,8907,0.8483178326420981,DESCRIPTIVE_SMALL_N
100,FM,5,30_99,50_PLUS,pa,22,457,365,8907,0.5209223696567684,DESCRIPTIVE_SMALL_N
100,FM,5,100_299,0,mse,18,66,59,271,0.7172903376881702,DESCRIPTIVE_SMALL_N
100,FM,5,100_299,0,pa,8,66,59,271,0.49245169082125606,DESCRIPTIVE_SMALL_N
100,FM,5,100_299,1_9,mse,15,71,67,275,1.4012978326431107,DESCRIPTIVE_SMALL_N
100,FM,5,100_299,1_9,pa,7,71,67,275,0.5191272968092173,DESCRIPTIVE_SMALL_N
100,FM,5,100_299,10_49,mse,20,92,75,299,0.6864434107694766,DESCRIPTIVE_SMALL_N
100,FM,5,100_299,10_49,pa,15,92,75,299,0.6061689104748921,DESCRIPTIVE_SMALL_N
100,FM,5,100_299,50_PLUS,mse,46,697,566,18807,0.7352538709287831,DESCRIPTIVE
100,FM,5,100_299,50_PLUS,pa,39,697,566,18807,0.5842795434604939,DESCRIPTIVE
100,FM,5,300_PLUS,0,mse,68,509,396,5206,0.7441456803305174,DESCRIPTIVE
100,FM,5,300_PLUS,0,pa,48,509,396,5206,0.5806240474991714,DESCRIPTIVE
100,FM,5,300_PLUS,1_9,mse,66,655,547,13602,0.758137009037149,DESCRIPTIVE
100,FM,5,300_PLUS,1_9,pa,43,655,547,13602,0.5591218445323745,DESCRIPTIVE
100,FM,5,300_PLUS,10_49,mse,85,743,513,6510,0.812482685811025,DESCRIPTIVE
100,FM,5,300_PLUS,10_49,pa,69,743,513,6510,0.5618517386473998,DESCRIPTIVE
100,FM,5,300_PLUS,50_PLUS,mse,107,2253,1638,45123,0.6775006389996598,DESCRIPTIVE
100,FM,5,300_PLUS,50_PLUS,pa,92,2253,1638,45123,0.5736997505973007,DESCRIPTIVE
100,FM,10,0,0,mse,0,0,0,0,,NO_DATA
100,FM,10,0,0,pa,0,0,0,0,,NO_DATA
100,FM,10,0,1_9,mse,0,0,0,0,,NO_DATA
100,FM,10,0,1_9,pa,0,0,0,0,,NO_DATA
100,FM,10,0,10_49,mse,0,0,0,0,,NO_DATA
100,FM,10,0,10_49,pa,0,0,0,0,,NO_DATA
100,FM,10,0,50_PLUS,mse,0,0,0,0,,NO_DATA
100,FM,10,0,50_PLUS,pa,0,0,0,0,,NO_DATA
100,FM,10,1_9,0,mse,0,0,0,0,,NO_DATA
100,FM,10,1_9,0,pa,0,0,0,0,,NO_DATA
100,FM,10,1_9,1_9,mse,0,0,0,0,,NO_DATA
100,FM,10,1_9,1_9,pa,0,0,0,0,,NO_DATA
100,FM,10,1_9,10_49,mse,0,0,0,0,,NO_DATA
100,FM,10,1_9,10_49,pa,0,0,0,0,,NO_DATA
100,FM,10,1_9,50_PLUS,mse,0,0,0,0,,NO_DATA
100,FM,10,1_9,50_PLUS,pa,0,0,0,0,,NO_DATA
100,FM,10,10_29,0,mse,0,0,0,0,,NO_DATA
100,FM,10,10_29,0,pa,0,0,0,0,,NO_DATA
100,FM,10,10_29,1_9,mse,0,0,0,0,,NO_DATA
100,FM,10,10_29,1_9,pa,0,0,0,0,,NO_DATA
100,FM,10,10_29,10_49,mse,0,0,0,0,,NO_DATA
100,FM,10,10_29,10_49,pa,0,0,0,0,,NO_DATA
100,FM,10,10_29,50_PLUS,mse,3,66,62,761,0.4433176089750977,DESCRIPTIVE_SMALL_N
100,FM,10,10_29,50_PLUS,pa,3,66,62,761,0.5856338481338481,DESCRIPTIVE_SMALL_N
100,FM,10,30_99,0,mse,9,30,25,77,0.736539892553632,DESCRIPTIVE_SMALL_N
100,FM,10,30_99,0,pa,5,30,25,77,0.750625,DESCRIPTIVE_SMALL_N
100,FM,10,30_99,1_9,mse,7,14,14,10,1.5779908491505363,DESCRIPTIVE_SMALL_N
100,FM,10,30_99,1_9,pa,3,14,14,10,0.39999999999999997,DESCRIPTIVE_SMALL_N
100,FM,10,30_99,10_49,mse,12,35,33,98,0.9833005228835221,DESCRIPTIVE_SMALL_N
100,FM,10,30_99,10_49,pa,6,35,33,98,0.47439024390243906,DESCRIPTIVE_SMALL_N
100,FM,10,30_99,50_PLUS,mse,24,457,365,8907,0.7848785333120526,DESCRIPTIVE_SMALL_N
100,FM,10,30_99,50_PLUS,pa,22,457,365,8907,0.5202924232995558,DESCRIPTIVE_SMALL_N
100,FM,10,100_299,0,mse,18,66,59,271,0.6716668851667876,DESCRIPTIVE_SMALL_N
100,FM,10,100_299,0,pa,8,66,59,271,0.47977053140096615,DESCRIPTIVE_SMALL_N
100,FM,10,100_299,1_9,mse,15,71,67,275,1.3180646123060806,DESCRIPTIVE_SMALL_N
100,FM,10,100_299,1_9,pa,7,71,67,275,0.5099864376683582,DESCRIPTIVE_SMALL_N
100,FM,10,100_299,10_49,mse,20,92,75,299,0.6613586479521424,DESCRIPTIVE_SMALL_N
100,FM,10,100_299,10_49,pa,15,92,75,299,0.6129358384458078,DESCRIPTIVE_SMALL_N
100,FM,10,100_299,50_PLUS,mse,46,697,566,18807,0.6966884080766359,DESCRIPTIVE
100,FM,10,100_299,50_PLUS,pa,39,697,566,18807,0.5883315640391549,DESCRIPTIVE
100,FM,10,300_PLUS,0,mse,68,509,396,5206,0.7199586337358033,DESCRIPTIVE
100,FM,10,300_PLUS,0,pa,48,509,396,5206,0.6058726617209641,DESCRIPTIVE
100,FM,10,300_PLUS,1_9,mse,66,655,547,13602,0.72545446940955,DESCRIPTIVE
100,FM,10,300_PLUS,1_9,pa,43,655,547,13602,0.5855347248207414,DESCRIPTIVE
100,FM,10,300_PLUS,10_49,mse,85,743,513,6510,0.809357104524301,DESCRIPTIVE
100,FM,10,300_PLUS,10_49,pa,69,743,513,6510,0.5529326024284906,DESCRIPTIVE
100,FM,10,300_PLUS,50_PLUS,mse,107,2253,1638,45123,0.6619167769386091,DESCRIPTIVE
100,FM,10,300_PLUS,50_PLUS,pa,92,2253,1638,45123,0.5851178452543746,DESCRIPTIVE
100,FM,30,0,0,mse,0,0,0,0,,NO_DATA
100,FM,30,0,0,pa,0,0,0,0,,NO_DATA
100,FM,30,0,1_9,mse,0,0,0,0,,NO_DATA
100,FM,30,0,1_9,pa,0,0,0,0,,NO_DATA
100,FM,30,0,10_49,mse,0,0,0,0,,NO_DATA
100,FM,30,0,10_49,pa,0,0,0,0,,NO_DATA
100,FM,30,0,50_PLUS,mse,0,0,0,0,,NO_DATA
100,FM,30,0,50_PLUS,pa,0,0,0,0,,NO_DATA
100,FM,30,1_9,0,mse,0,0,0,0,,NO_DATA
100,FM,30,1_9,0,pa,0,0,0,0,,NO_DATA
100,FM,30,1_9,1_9,mse,0,0,0,0,,NO_DATA
100,FM,30,1_9,1_9,pa,0,0,0,0,,NO_DATA
100,FM,30,1_9,10_49,mse,0,0,0,0,,NO_DATA
100,FM,30,1_9,10_49,pa,0,0,0,0,,NO_DATA
100,FM,30,1_9,50_PLUS,mse,0,0,0,0,,NO_DATA
100,FM,30,1_9,50_PLUS,pa,0,0,0,0,,NO_DATA
100,FM,30,10_29,0,mse,0,0,0,0,,NO_DATA
100,FM,30,10_29,0,pa,0,0,0,0,,NO_DATA
100,FM,30,10_29,1_9,mse,0,0,0,0,,NO_DATA
100,FM,30,10_29,1_9,pa,0,0,0,0,,NO_DATA
100,FM,30,10_29,10_49,mse,0,0,0,0,,NO_DATA
100,FM,30,10_29,10_49,pa,0,0,0,0,,NO_DATA
100,FM,30,10_29,50_PLUS,mse,0,0,0,0,,NO_DATA
100,FM,30,10_29,50_PLUS,pa,0,0,0,0,,NO_DATA
100,FM,30,30_99,0,mse,9,30,25,77,0.6773332562596716,DESCRIPTIVE_SMALL_N
100,FM,30,30_99,0,pa,5,30,25,77,0.735,DESCRIPTIVE_SMALL_N
100,FM,30,30_99,1_9,mse,7,14,14,10,1.5224092301064915,DESCRIPTIVE_SMALL_N
100,FM,30,30_99,1_9,pa,3,14,14,10,0.4666666666666666,DESCRIPTIVE_SMALL_N
100,FM,30,30_99,10_49,mse,12,35,33,98,0.9031924880296769,DESCRIPTIVE_SMALL_N
100,FM,30,30_99,10_49,pa,6,35,33,98,0.4344173441734418,DESCRIPTIVE_SMALL_N
100,FM,30,30_99,50_PLUS,mse,24,457,365,8907,0.6383751454904487,DESCRIPTIVE_SMALL_N
100,FM,30,30_99,50_PLUS,pa,22,457,365,8907,0.5866853995520471,DESCRIPTIVE_SMALL_N
100,FM,30,100_299,0,mse,18,66,59,271,0.6282645583086145,DESCRIPTIVE_SMALL_N
100,FM,30,100_299,0,pa,8,66,59,271,0.6243961352657005,DESCRIPTIVE_SMALL_N
100,FM,30,100_299,1_9,mse,15,71,67,275,1.318331290501315,DESCRIPTIVE_SMALL_N
100,FM,30,100_299,1_9,pa,7,71,67,275,0.49926037953044705,DESCRIPTIVE_SMALL_N
100,FM,30,100_299,10_49,mse,20,92,75,299,0.6292546578997225,DESCRIPTIVE_SMALL_N
100,FM,30,100_299,10_49,pa,15,92,75,299,0.5907058054987503,DESCRIPTIVE_SMALL_N
100,FM,30,100_299,50_PLUS,mse,46,697,566,18807,0.6347508467801798,DESCRIPTIVE
100,FM,30,100_299,50_PLUS,pa,39,697,566,18807,0.5804958989239759,DESCRIPTIVE
100,FM,30,300_PLUS,0,mse,68,509,396,5206,0.7169267546508142,DESCRIPTIVE
100,FM,30,300_PLUS,0,pa,48,509,396,5206,0.5781116450763276,DESCRIPTIVE
100,FM,30,300_PLUS,1_9,mse,66,655,547,13602,0.6868110792978537,DESCRIPTIVE
100,FM,30,300_PLUS,1_9,pa,43,655,547,13602,0.6156288649295804,DESCRIPTIVE
100,FM,30,300_PLUS,10_49,mse,85,743,513,6510,0.7893552245556708,DESCRIPTIVE
100,FM,30,300_PLUS,10_49,pa,69,743,513,6510,0.5583358712299203,DESCRIPTIVE
100,FM,30,300_PLUS,50_PLUS,mse,107,2253,1638,45123,0.6367085360412589,DESCRIPTIVE
100,FM,30,300_PLUS,50_PLUS,pa,92,2253,1638,45123,0.58656208110306,DESCRIPTIVE
100,ALS_FM,0,0,0,mse,38,207,173,2304,1.6902477119814618,DESCRIPTIVE
100,ALS_FM,0,0,0,pa,17,207,173,2304,0.6694265507229584,DESCRIPTIVE_SMALL_N
100,ALS_FM,0,0,1_9,mse,34,487,446,35482,1.2677658387808972,DESCRIPTIVE
100,ALS_FM,0,0,1_9,pa,14,487,446,35482,0.5403647094486208,DESCRIPTIVE_SMALL_N
100,ALS_FM,0,0,10_49,mse,47,832,638,51867,1.0994037891317208,DESCRIPTIVE
100,ALS_FM,0,0,10_49,pa,32,832,638,51867,0.5905818896317487,DESCRIPTIVE
100,ALS_FM,0,0,50_PLUS,mse,84,11603,3293,2564251,1.0028259208574324,DESCRIPTIVE
100,ALS_FM,0,0,50_PLUS,pa,84,11603,3293,2564251,0.5783854545041466,DESCRIPTIVE
100,ALS_FM,0,1_9,0,mse,0,0,0,0,,NO_DATA
100,ALS_FM,0,1_9,0,pa,0,0,0,0,,NO_DATA
100,ALS_FM,0,1_9,1_9,mse,0,0,0,0,,NO_DATA
100,ALS_FM,0,1_9,1_9,pa,0,0,0,0,,NO_DATA
100,ALS_FM,0,1_9,10_49,mse,0,0,0,0,,NO_DATA
100,ALS_FM,0,1_9,10_49,pa,0,0,0,0,,NO_DATA
100,ALS_FM,0,1_9,50_PLUS,mse,1,143,143,8012,0.9144449052271592,DESCRIPTIVE_SMALL_N
100,ALS_FM,0,1_9,50_PLUS,pa,1,143,143,8012,0.5662755866200699,DESCRIPTIVE_SMALL_N
100,ALS_FM,0,10_29,0,mse,0,0,0,0,,NO_DATA
100,ALS_FM,0,10_29,0,pa,0,0,0,0,,NO_DATA
100,ALS_FM,0,10_29,1_9,mse,0,0,0,0,,NO_DATA
100,ALS_FM,0,10_29,1_9,pa,0,0,0,0,,NO_DATA
100,ALS_FM,0,10_29,10_49,mse,0,0,0,0,,NO_DATA
100,ALS_FM,0,10_29,10_49,pa,0,0,0,0,,NO_DATA
100,ALS_FM,0,10_29,50_PLUS,mse,3,66,62,761,0.5016601223280387,DESCRIPTIVE_SMALL_N
100,ALS_FM,0,10_29,50_PLUS,pa,3,66,62,761,0.43048584298584297,DESCRIPTIVE_SMALL_N
100,ALS_FM,0,30_99,0,mse,9,30,25,77,0.7928610784443433,DESCRIPTIVE_SMALL_N
100,ALS_FM,0,30_99,0,pa,5,30,25,77,0.7318749999999999,DESCRIPTIVE_SMALL_N
100,ALS_FM,0,30_99,1_9,mse,7,14,14,10,1.3470941518794537,DESCRIPTIVE_SMALL_N
100,ALS_FM,0,30_99,1_9,pa,3,14,14,10,0.4666666666666666,DESCRIPTIVE_SMALL_N
100,ALS_FM,0,30_99,10_49,mse,12,35,33,98,0.9818713652991224,DESCRIPTIVE_SMALL_N
100,ALS_FM,0,30_99,10_49,pa,6,35,33,98,0.4703252032520326,DESCRIPTIVE_SMALL_N
100,ALS_FM,0,30_99,50_PLUS,mse,24,457,365,8907,0.8425408846946612,DESCRIPTIVE_SMALL_N
100,ALS_FM,0,30_99,50_PLUS,pa,22,457,365,8907,0.5233390744315777,DESCRIPTIVE_SMALL_N
100,ALS_FM,0,100_299,0,mse,18,66,59,271,0.7235406914233696,DESCRIPTIVE_SMALL_N
100,ALS_FM,0,100_299,0,pa,8,66,59,271,0.6742149758454106,DESCRIPTIVE_SMALL_N
100,ALS_FM,0,100_299,1_9,mse,15,71,67,275,1.5120671374141386,DESCRIPTIVE_SMALL_N
100,ALS_FM,0,100_299,1_9,pa,7,71,67,275,0.49806456359344586,DESCRIPTIVE_SMALL_N
100,ALS_FM,0,100_299,10_49,mse,20,92,75,299,0.7859084575266405,DESCRIPTIVE_SMALL_N
100,ALS_FM,0,100_299,10_49,pa,15,92,75,299,0.5241939331970007,DESCRIPTIVE_SMALL_N
100,ALS_FM,0,100_299,50_PLUS,mse,46,697,566,18807,0.7374927755737104,DESCRIPTIVE
100,ALS_FM,0,100_299,50_PLUS,pa,39,697,566,18807,0.5831132728708825,DESCRIPTIVE
100,ALS_FM,0,300_PLUS,0,mse,68,509,396,5206,0.8889066147235486,DESCRIPTIVE
100,ALS_FM,0,300_PLUS,0,pa,48,509,396,5206,0.5576967609896702,DESCRIPTIVE
100,ALS_FM,0,300_PLUS,1_9,mse,66,655,547,13602,0.8799630192336851,DESCRIPTIVE
100,ALS_FM,0,300_PLUS,1_9,pa,43,655,547,13602,0.59969339405981,DESCRIPTIVE
100,ALS_FM,0,300_PLUS,10_49,mse,85,743,513,6510,1.0144613420923903,DESCRIPTIVE
100,ALS_FM,0,300_PLUS,10_49,pa,69,743,513,6510,0.5607281365603698,DESCRIPTIVE
100,ALS_FM,0,300_PLUS,50_PLUS,mse,107,2253,1638,45123,0.799274417070301,DESCRIPTIVE
100,ALS_FM,0,300_PLUS,50_PLUS,pa,92,2253,1638,45123,0.5748107619797533,DESCRIPTIVE
100,ALS_FM,1,0,0,mse,0,0,0,0,,NO_DATA
100,ALS_FM,1,0,0,pa,0,0,0,0,,NO_DATA
100,ALS_FM,1,0,1_9,mse,0,0,0,0,,NO_DATA
100,ALS_FM,1,0,1_9,pa,0,0,0,0,,NO_DATA
100,ALS_FM,1,0,10_49,mse,0,0,0,0,,NO_DATA
100,ALS_FM,1,0,10_49,pa,0,0,0,0,,NO_DATA
100,ALS_FM,1,0,50_PLUS,mse,0,0,0,0,,NO_DATA
100,ALS_FM,1,0,50_PLUS,pa,0,0,0,0,,NO_DATA
100,ALS_FM,1,1_9,0,mse,0,0,0,0,,NO_DATA
100,ALS_FM,1,1_9,0,pa,0,0,0,0,,NO_DATA
100,ALS_FM,1,1_9,1_9,mse,0,0,0,0,,NO_DATA
100,ALS_FM,1,1_9,1_9,pa,0,0,0,0,,NO_DATA
100,ALS_FM,1,1_9,10_49,mse,0,0,0,0,,NO_DATA
100,ALS_FM,1,1_9,10_49,pa,0,0,0,0,,NO_DATA
100,ALS_FM,1,1_9,50_PLUS,mse,1,143,143,8012,0.925898428221192,DESCRIPTIVE_SMALL_N
100,ALS_FM,1,1_9,50_PLUS,pa,1,143,143,8012,0.5961058412381428,DESCRIPTIVE_SMALL_N
100,ALS_FM,1,10_29,0,mse,0,0,0,0,,NO_DATA
100,ALS_FM,1,10_29,0,pa,0,0,0,0,,NO_DATA
100,ALS_FM,1,10_29,1_9,mse,0,0,0,0,,NO_DATA
100,ALS_FM,1,10_29,1_9,pa,0,0,0,0,,NO_DATA
100,ALS_FM,1,10_29,10_49,mse,0,0,0,0,,NO_DATA
100,ALS_FM,1,10_29,10_49,pa,0,0,0,0,,NO_DATA
100,ALS_FM,1,10_29,50_PLUS,mse,3,66,62,761,0.6128250244652181,DESCRIPTIVE_SMALL_N
100,ALS_FM,1,10_29,50_PLUS,pa,3,66,62,761,0.5521021021021021,DESCRIPTIVE_SMALL_N
100,ALS_FM,1,30_99,0,mse,9,30,25,77,0.6150779168383977,DESCRIPTIVE_SMALL_N
100,ALS_FM,1,30_99,0,pa,5,30,25,77,0.7224999999999999,DESCRIPTIVE_SMALL_N
100,ALS_FM,1,30_99,1_9,mse,7,14,14,10,2.1683289637833036,DESCRIPTIVE_SMALL_N
100,ALS_FM,1,30_99,1_9,pa,3,14,14,10,0.4222222222222222,DESCRIPTIVE_SMALL_N
100,ALS_FM,1,30_99,10_49,mse,12,35,33,98,1.1981597316079822,DESCRIPTIVE_SMALL_N
100,ALS_FM,1,30_99,10_49,pa,6,35,33,98,0.5962059620596206,DESCRIPTIVE_SMALL_N
100,ALS_FM,1,30_99,50_PLUS,mse,24,457,365,8907,1.19590503969059,DESCRIPTIVE_SMALL_N
100,ALS_FM,1,30_99,50_PLUS,pa,22,457,365,8907,0.5825084685540237,DESCRIPTIVE_SMALL_N
100,ALS_FM,1,100_299,0,mse,18,66,59,271,0.6990187285190783,DESCRIPTIVE_SMALL_N
100,ALS_FM,1,100_299,0,pa,8,66,59,271,0.5486111111111112,DESCRIPTIVE_SMALL_N
100,ALS_FM,1,100_299,1_9,mse,15,71,67,275,1.2822376930367936,DESCRIPTIVE_SMALL_N
100,ALS_FM,1,100_299,1_9,pa,7,71,67,275,0.5773836441128264,DESCRIPTIVE_SMALL_N
100,ALS_FM,1,100_299,10_49,mse,20,92,75,299,0.8235660458949212,DESCRIPTIVE_SMALL_N
100,ALS_FM,1,100_299,10_49,pa,15,92,75,299,0.559672659622813,DESCRIPTIVE_SMALL_N
100,ALS_FM,1,100_299,50_PLUS,mse,46,697,566,18807,0.8703109336370819,DESCRIPTIVE
100,ALS_FM,1,100_299,50_PLUS,pa,39,697,566,18807,0.5684624659407554,DESCRIPTIVE
100,ALS_FM,1,300_PLUS,0,mse,68,509,396,5206,0.8091686876446826,DESCRIPTIVE
100,ALS_FM,1,300_PLUS,0,pa,48,509,396,5206,0.5675534887440026,DESCRIPTIVE
100,ALS_FM,1,300_PLUS,1_9,mse,66,655,547,13602,0.8298069478882483,DESCRIPTIVE
100,ALS_FM,1,300_PLUS,1_9,pa,43,655,547,13602,0.568833924561695,DESCRIPTIVE
100,ALS_FM,1,300_PLUS,10_49,mse,85,743,513,6510,0.8457816283561589,DESCRIPTIVE
100,ALS_FM,1,300_PLUS,10_49,pa,69,743,513,6510,0.5910954871466323,DESCRIPTIVE
100,ALS_FM,1,300_PLUS,50_PLUS,mse,107,2253,1638,45123,0.7054864930306766,DESCRIPTIVE
100,ALS_FM,1,300_PLUS,50_PLUS,pa,92,2253,1638,45123,0.5908288925164237,DESCRIPTIVE
100,ALS_FM,5,0,0,mse,0,0,0,0,,NO_DATA
100,ALS_FM,5,0,0,pa,0,0,0,0,,NO_DATA
100,ALS_FM,5,0,1_9,mse,0,0,0,0,,NO_DATA
100,ALS_FM,5,0,1_9,pa,0,0,0,0,,NO_DATA
100,ALS_FM,5,0,10_49,mse,0,0,0,0,,NO_DATA
100,ALS_FM,5,0,10_49,pa,0,0,0,0,,NO_DATA
100,ALS_FM,5,0,50_PLUS,mse,0,0,0,0,,NO_DATA
100,ALS_FM,5,0,50_PLUS,pa,0,0,0,0,,NO_DATA
100,ALS_FM,5,1_9,0,mse,0,0,0,0,,NO_DATA
100,ALS_FM,5,1_9,0,pa,0,0,0,0,,NO_DATA
100,ALS_FM,5,1_9,1_9,mse,0,0,0,0,,NO_DATA
100,ALS_FM,5,1_9,1_9,pa,0,0,0,0,,NO_DATA
100,ALS_FM,5,1_9,10_49,mse,0,0,0,0,,NO_DATA
100,ALS_FM,5,1_9,10_49,pa,0,0,0,0,,NO_DATA
100,ALS_FM,5,1_9,50_PLUS,mse,0,0,0,0,,NO_DATA
100,ALS_FM,5,1_9,50_PLUS,pa,0,0,0,0,,NO_DATA
100,ALS_FM,5,10_29,0,mse,0,0,0,0,,NO_DATA
100,ALS_FM,5,10_29,0,pa,0,0,0,0,,NO_DATA
100,ALS_FM,5,10_29,1_9,mse,0,0,0,0,,NO_DATA
100,ALS_FM,5,10_29,1_9,pa,0,0,0,0,,NO_DATA
100,ALS_FM,5,10_29,10_49,mse,0,0,0,0,,NO_DATA
100,ALS_FM,5,10_29,10_49,pa,0,0,0,0,,NO_DATA
100,ALS_FM,5,10_29,50_PLUS,mse,3,66,62,761,0.5110603394250233,DESCRIPTIVE_SMALL_N
100,ALS_FM,5,10_29,50_PLUS,pa,3,66,62,761,0.45402724152724155,DESCRIPTIVE_SMALL_N
100,ALS_FM,5,30_99,0,mse,9,30,25,77,0.7412080548820115,DESCRIPTIVE_SMALL_N
100,ALS_FM,5,30_99,0,pa,5,30,25,77,0.735,DESCRIPTIVE_SMALL_N
100,ALS_FM,5,30_99,1_9,mse,7,14,14,10,1.6247803810191588,DESCRIPTIVE_SMALL_N
100,ALS_FM,5,30_99,1_9,pa,3,14,14,10,0.37777777777777777,DESCRIPTIVE_SMALL_N
100,ALS_FM,5,30_99,10_49,mse,12,35,33,98,0.9089045853318997,DESCRIPTIVE_SMALL_N
100,ALS_FM,5,30_99,10_49,pa,6,35,33,98,0.5598915989159893,DESCRIPTIVE_SMALL_N
100,ALS_FM,5,30_99,50_PLUS,mse,24,457,365,8907,0.7890999415520948,DESCRIPTIVE_SMALL_N
100,ALS_FM,5,30_99,50_PLUS,pa,22,457,365,8907,0.5850202072266071,DESCRIPTIVE_SMALL_N
100,ALS_FM,5,100_299,0,mse,18,66,59,271,0.7172903376881702,DESCRIPTIVE_SMALL_N
100,ALS_FM,5,100_299,0,pa,8,66,59,271,0.49245169082125606,DESCRIPTIVE_SMALL_N
100,ALS_FM,5,100_299,1_9,mse,15,71,67,275,1.4024055253040468,DESCRIPTIVE_SMALL_N
100,ALS_FM,5,100_299,1_9,pa,7,71,67,275,0.5788363424522464,DESCRIPTIVE_SMALL_N
100,ALS_FM,5,100_299,10_49,mse,20,92,75,299,0.6148169002122035,DESCRIPTIVE_SMALL_N
100,ALS_FM,5,100_299,10_49,pa,15,92,75,299,0.6574352419904568,DESCRIPTIVE_SMALL_N
100,ALS_FM,5,100_299,50_PLUS,mse,46,697,566,18807,0.7155159565867999,DESCRIPTIVE
100,ALS_FM,5,100_299,50_PLUS,pa,39,697,566,18807,0.5993529656999445,DESCRIPTIVE
100,ALS_FM,5,300_PLUS,0,mse,68,509,396,5206,0.7441456803305174,DESCRIPTIVE
100,ALS_FM,5,300_PLUS,0,pa,48,509,396,5206,0.5806240474991714,DESCRIPTIVE
100,ALS_FM,5,300_PLUS,1_9,mse,66,655,547,13602,0.761059302882778,DESCRIPTIVE
100,ALS_FM,5,300_PLUS,1_9,pa,43,655,547,13602,0.6241583665997195,DESCRIPTIVE
100,ALS_FM,5,300_PLUS,10_49,mse,85,743,513,6510,0.717943967584948,DESCRIPTIVE
100,ALS_FM,5,300_PLUS,10_49,pa,69,743,513,6510,0.5730862273384464,DESCRIPTIVE
100,ALS_FM,5,300_PLUS,50_PLUS,mse,107,2253,1638,45123,0.6238333342189821,DESCRIPTIVE
100,ALS_FM,5,300_PLUS,50_PLUS,pa,92,2253,1638,45123,0.6146087328354822,DESCRIPTIVE
100,ALS_FM,10,0,0,mse,0,0,0,0,,NO_DATA
100,ALS_FM,10,0,0,pa,0,0,0,0,,NO_DATA
100,ALS_FM,10,0,1_9,mse,0,0,0,0,,NO_DATA
100,ALS_FM,10,0,1_9,pa,0,0,0,0,,NO_DATA
100,ALS_FM,10,0,10_49,mse,0,0,0,0,,NO_DATA
100,ALS_FM,10,0,10_49,pa,0,0,0,0,,NO_DATA
100,ALS_FM,10,0,50_PLUS,mse,0,0,0,0,,NO_DATA
100,ALS_FM,10,0,50_PLUS,pa,0,0,0,0,,NO_DATA
100,ALS_FM,10,1_9,0,mse,0,0,0,0,,NO_DATA
100,ALS_FM,10,1_9,0,pa,0,0,0,0,,NO_DATA
100,ALS_FM,10,1_9,1_9,mse,0,0,0,0,,NO_DATA
100,ALS_FM,10,1_9,1_9,pa,0,0,0,0,,NO_DATA
100,ALS_FM,10,1_9,10_49,mse,0,0,0,0,,NO_DATA
100,ALS_FM,10,1_9,10_49,pa,0,0,0,0,,NO_DATA
100,ALS_FM,10,1_9,50_PLUS,mse,0,0,0,0,,NO_DATA
100,ALS_FM,10,1_9,50_PLUS,pa,0,0,0,0,,NO_DATA
100,ALS_FM,10,10_29,0,mse,0,0,0,0,,NO_DATA
100,ALS_FM,10,10_29,0,pa,0,0,0,0,,NO_DATA
100,ALS_FM,10,10_29,1_9,mse,0,0,0,0,,NO_DATA
100,ALS_FM,10,10_29,1_9,pa,0,0,0,0,,NO_DATA
100,ALS_FM,10,10_29,10_49,mse,0,0,0,0,,NO_DATA
100,ALS_FM,10,10_29,10_49,pa,0,0,0,0,,NO_DATA
100,ALS_FM,10,10_29,50_PLUS,mse,3,66,62,761,0.5149565419589095,DESCRIPTIVE_SMALL_N
100,ALS_FM,10,10_29,50_PLUS,pa,3,66,62,761,0.584041184041184,DESCRIPTIVE_SMALL_N
100,ALS_FM,10,30_99,0,mse,9,30,25,77,0.736539892553632,DESCRIPTIVE_SMALL_N
100,ALS_FM,10,30_99,0,pa,5,30,25,77,0.750625,DESCRIPTIVE_SMALL_N
100,ALS_FM,10,30_99,1_9,mse,7,14,14,10,1.644978609380479,DESCRIPTIVE_SMALL_N
100,ALS_FM,10,30_99,1_9,pa,3,14,14,10,0.37777777777777777,DESCRIPTIVE_SMALL_N
100,ALS_FM,10,30_99,10_49,mse,12,35,33,98,0.8840682890923413,DESCRIPTIVE_SMALL_N
100,ALS_FM,10,30_99,10_49,pa,6,35,33,98,0.5598915989159893,DESCRIPTIVE_SMALL_N
100,ALS_FM,10,30_99,50_PLUS,mse,24,457,365,8907,0.7314219413576596,DESCRIPTIVE_SMALL_N
100,ALS_FM,10,30_99,50_PLUS,pa,22,457,365,8907,0.5887120820065441,DESCRIPTIVE_SMALL_N
100,ALS_FM,10,100_299,0,mse,18,66,59,271,0.6716668851667876,DESCRIPTIVE_SMALL_N
100,ALS_FM,10,100_299,0,pa,8,66,59,271,0.47977053140096615,DESCRIPTIVE_SMALL_N
100,ALS_FM,10,100_299,1_9,mse,15,71,67,275,1.2181460307018608,DESCRIPTIVE_SMALL_N
100,ALS_FM,10,100_299,1_9,pa,7,71,67,275,0.5728009050214601,DESCRIPTIVE_SMALL_N
100,ALS_FM,10,100_299,10_49,mse,20,92,75,299,0.5907628460333639,DESCRIPTIVE_SMALL_N
100,ALS_FM,10,100_299,10_49,pa,15,92,75,299,0.6522808736650761,DESCRIPTIVE_SMALL_N
100,ALS_FM,10,100_299,50_PLUS,mse,46,697,566,18807,0.6762657830728456,DESCRIPTIVE
100,ALS_FM,10,100_299,50_PLUS,pa,39,697,566,18807,0.5970542889873693,DESCRIPTIVE
100,ALS_FM,10,300_PLUS,0,mse,68,509,396,5206,0.7199586337358033,DESCRIPTIVE
100,ALS_FM,10,300_PLUS,0,pa,48,509,396,5206,0.6058726617209641,DESCRIPTIVE
100,ALS_FM,10,300_PLUS,1_9,mse,66,655,547,13602,0.7159846324249285,DESCRIPTIVE
100,ALS_FM,10,300_PLUS,1_9,pa,43,655,547,13602,0.6416594940558361,DESCRIPTIVE
100,ALS_FM,10,300_PLUS,10_49,mse,85,743,513,6510,0.7005235465037319,DESCRIPTIVE
100,ALS_FM,10,300_PLUS,10_49,pa,69,743,513,6510,0.564325141230759,DESCRIPTIVE
100,ALS_FM,10,300_PLUS,50_PLUS,mse,107,2253,1638,45123,0.5876908531011393,DESCRIPTIVE
100,ALS_FM,10,300_PLUS,50_PLUS,pa,92,2253,1638,45123,0.6190428659207022,DESCRIPTIVE
100,ALS_FM,30,0,0,mse,0,0,0,0,,NO_DATA
100,ALS_FM,30,0,0,pa,0,0,0,0,,NO_DATA
100,ALS_FM,30,0,1_9,mse,0,0,0,0,,NO_DATA
100,ALS_FM,30,0,1_9,pa,0,0,0,0,,NO_DATA
100,ALS_FM,30,0,10_49,mse,0,0,0,0,,NO_DATA
100,ALS_FM,30,0,10_49,pa,0,0,0,0,,NO_DATA
100,ALS_FM,30,0,50_PLUS,mse,0,0,0,0,,NO_DATA
100,ALS_FM,30,0,50_PLUS,pa,0,0,0,0,,NO_DATA
100,ALS_FM,30,1_9,0,mse,0,0,0,0,,NO_DATA
100,ALS_FM,30,1_9,0,pa,0,0,0,0,,NO_DATA
100,ALS_FM,30,1_9,1_9,mse,0,0,0,0,,NO_DATA
100,ALS_FM,30,1_9,1_9,pa,0,0,0,0,,NO_DATA
100,ALS_FM,30,1_9,10_49,mse,0,0,0,0,,NO_DATA
100,ALS_FM,30,1_9,10_49,pa,0,0,0,0,,NO_DATA
100,ALS_FM,30,1_9,50_PLUS,mse,0,0,0,0,,NO_DATA
100,ALS_FM,30,1_9,50_PLUS,pa,0,0,0,0,,NO_DATA
100,ALS_FM,30,10_29,0,mse,0,0,0,0,,NO_DATA
100,ALS_FM,30,10_29,0,pa,0,0,0,0,,NO_DATA
100,ALS_FM,30,10_29,1_9,mse,0,0,0,0,,NO_DATA
100,ALS_FM,30,10_29,1_9,pa,0,0,0,0,,NO_DATA
100,ALS_FM,30,10_29,10_49,mse,0,0,0,0,,NO_DATA
100,ALS_FM,30,10_29,10_49,pa,0,0,0,0,,NO_DATA
100,ALS_FM,30,10_29,50_PLUS,mse,0,0,0,0,,NO_DATA
100,ALS_FM,30,10_29,50_PLUS,pa,0,0,0,0,,NO_DATA
100,ALS_FM,30,30_99,0,mse,9,30,25,77,0.6773332562596716,DESCRIPTIVE_SMALL_N
100,ALS_FM,30,30_99,0,pa,5,30,25,77,0.735,DESCRIPTIVE_SMALL_N
100,ALS_FM,30,30_99,1_9,mse,7,14,14,10,1.5958547398056389,DESCRIPTIVE_SMALL_N
100,ALS_FM,30,30_99,1_9,pa,3,14,14,10,0.37777777777777777,DESCRIPTIVE_SMALL_N
100,ALS_FM,30,30_99,10_49,mse,12,35,33,98,0.7782433000830316,DESCRIPTIVE_SMALL_N
100,ALS_FM,30,30_99,10_49,pa,6,35,33,98,0.5673441734417345,DESCRIPTIVE_SMALL_N
100,ALS_FM,30,30_99,50_PLUS,mse,24,457,365,8907,0.5868413801943803,DESCRIPTIVE_SMALL_N
100,ALS_FM,30,30_99,50_PLUS,pa,22,457,365,8907,0.6391581996053337,DESCRIPTIVE_SMALL_N
100,ALS_FM,30,100_299,0,mse,18,66,59,271,0.6282645583086145,DESCRIPTIVE_SMALL_N
100,ALS_FM,30,100_299,0,pa,8,66,59,271,0.6243961352657005,DESCRIPTIVE_SMALL_N
100,ALS_FM,30,100_299,1_9,mse,15,71,67,275,1.1962753862869613,DESCRIPTIVE_SMALL_N
100,ALS_FM,30,100_299,1_9,pa,7,71,67,275,0.49715949217074495,DESCRIPTIVE_SMALL_N
100,ALS_FM,30,100_299,10_49,mse,20,92,75,299,0.5832086675905936,DESCRIPTIVE_SMALL_N
100,ALS_FM,30,100_299,10_49,pa,15,92,75,299,0.6565864292206317,DESCRIPTIVE_SMALL_N
100,ALS_FM,30,100_299,50_PLUS,mse,46,697,566,18807,0.6031166319900758,DESCRIPTIVE
100,ALS_FM,30,100_299,50_PLUS,pa,39,697,566,18807,0.6148665474487324,DESCRIPTIVE
100,ALS_FM,30,300_PLUS,0,mse,68,509,396,5206,0.7169267546508142,DESCRIPTIVE
100,ALS_FM,30,300_PLUS,0,pa,48,509,396,5206,0.5781116450763276,DESCRIPTIVE
100,ALS_FM,30,300_PLUS,1_9,mse,66,655,547,13602,0.6712087939556713,DESCRIPTIVE
100,ALS_FM,30,300_PLUS,1_9,pa,43,655,547,13602,0.6412000408984031,DESCRIPTIVE
100,ALS_FM,30,300_PLUS,10_49,mse,85,743,513,6510,0.6824687211808783,DESCRIPTIVE
100,ALS_FM,30,300_PLUS,10_49,pa,69,743,513,6510,0.5838006097047351,DESCRIPTIVE
100,ALS_FM,30,300_PLUS,50_PLUS,mse,107,2253,1638,45123,0.5647936362649099,DESCRIPTIVE
100,ALS_FM,30,300_PLUS,50_PLUS,pa,92,2253,1638,45123,0.6313698168798149,DESCRIPTIVE
100,RIDGE,0,0,0,mse,38,207,173,2304,1.7327097335238897,DESCRIPTIVE
100,RIDGE,0,0,0,pa,17,207,173,2304,0.6111058022599211,DESCRIPTIVE_SMALL_N
100,RIDGE,0,0,1_9,mse,34,487,446,35482,1.337759501650453,DESCRIPTIVE
100,RIDGE,0,0,1_9,pa,14,487,446,35482,0.5569715282153804,DESCRIPTIVE_SMALL_N
100,RIDGE,0,0,10_49,mse,47,832,638,51867,1.0946088392314244,DESCRIPTIVE
100,RIDGE,0,0,10_49,pa,32,832,638,51867,0.5959446919557363,DESCRIPTIVE
100,RIDGE,0,0,50_PLUS,mse,84,11603,3293,2564251,1.010389653438354,DESCRIPTIVE
100,RIDGE,0,0,50_PLUS,pa,84,11603,3293,2564251,0.5785578968013539,DESCRIPTIVE
100,RIDGE,0,1_9,0,mse,0,0,0,0,,NO_DATA
100,RIDGE,0,1_9,0,pa,0,0,0,0,,NO_DATA
100,RIDGE,0,1_9,1_9,mse,0,0,0,0,,NO_DATA
100,RIDGE,0,1_9,1_9,pa,0,0,0,0,,NO_DATA
100,RIDGE,0,1_9,10_49,mse,0,0,0,0,,NO_DATA
100,RIDGE,0,1_9,10_49,pa,0,0,0,0,,NO_DATA
100,RIDGE,0,1_9,50_PLUS,mse,1,143,143,8012,0.9042141731724339,DESCRIPTIVE_SMALL_N
100,RIDGE,0,1_9,50_PLUS,pa,1,143,143,8012,0.585247129306041,DESCRIPTIVE_SMALL_N
100,RIDGE,0,10_29,0,mse,0,0,0,0,,NO_DATA
100,RIDGE,0,10_29,0,pa,0,0,0,0,,NO_DATA
100,RIDGE,0,10_29,1_9,mse,0,0,0,0,,NO_DATA
100,RIDGE,0,10_29,1_9,pa,0,0,0,0,,NO_DATA
100,RIDGE,0,10_29,10_49,mse,0,0,0,0,,NO_DATA
100,RIDGE,0,10_29,10_49,pa,0,0,0,0,,NO_DATA
100,RIDGE,0,10_29,50_PLUS,mse,3,66,62,761,0.5144159351326251,DESCRIPTIVE_SMALL_N
100,RIDGE,0,10_29,50_PLUS,pa,3,66,62,761,0.4272683397683397,DESCRIPTIVE_SMALL_N
100,RIDGE,0,30_99,0,mse,9,30,25,77,0.8744527493526708,DESCRIPTIVE_SMALL_N
100,RIDGE,0,30_99,0,pa,5,30,25,77,0.7318749999999999,DESCRIPTIVE_SMALL_N
100,RIDGE,0,30_99,1_9,mse,7,14,14,10,1.2072789402305495,DESCRIPTIVE_SMALL_N
100,RIDGE,0,30_99,1_9,pa,3,14,14,10,0.4666666666666666,DESCRIPTIVE_SMALL_N
100,RIDGE,0,30_99,10_49,mse,12,35,33,98,0.844100520608407,DESCRIPTIVE_SMALL_N
100,RIDGE,0,30_99,10_49,pa,6,35,33,98,0.42086720867208677,DESCRIPTIVE_SMALL_N
100,RIDGE,0,30_99,50_PLUS,mse,24,457,365,8907,0.8496479384771126,DESCRIPTIVE_SMALL_N
100,RIDGE,0,30_99,50_PLUS,pa,22,457,365,8907,0.5217615833000222,DESCRIPTIVE_SMALL_N
100,RIDGE,0,100_299,0,mse,18,66,59,271,0.8463513254123256,DESCRIPTIVE_SMALL_N
100,RIDGE,0,100_299,0,pa,8,66,59,271,0.6503623188405797,DESCRIPTIVE_SMALL_N
100,RIDGE,0,100_299,1_9,mse,15,71,67,275,1.4442466228869122,DESCRIPTIVE_SMALL_N
100,RIDGE,0,100_299,1_9,pa,7,71,67,275,0.4545121794934248,DESCRIPTIVE_SMALL_N
100,RIDGE,0,100_299,10_49,mse,20,92,75,299,0.7765648516893849,DESCRIPTIVE_SMALL_N
100,RIDGE,0,100_299,10_49,pa,15,92,75,299,0.5619019825039763,DESCRIPTIVE_SMALL_N
100,RIDGE,0,100_299,50_PLUS,mse,46,697,566,18807,0.7502505579072394,DESCRIPTIVE
100,RIDGE,0,100_299,50_PLUS,pa,39,697,566,18807,0.5904123536926602,DESCRIPTIVE
100,RIDGE,0,300_PLUS,0,mse,68,509,396,5206,0.8236063955022911,DESCRIPTIVE
100,RIDGE,0,300_PLUS,0,pa,48,509,396,5206,0.5756079619550988,DESCRIPTIVE
100,RIDGE,0,300_PLUS,1_9,mse,66,655,547,13602,0.8731251586372764,DESCRIPTIVE
100,RIDGE,0,300_PLUS,1_9,pa,43,655,547,13602,0.5424270246735188,DESCRIPTIVE
100,RIDGE,0,300_PLUS,10_49,mse,85,743,513,6510,0.9821433167428774,DESCRIPTIVE
100,RIDGE,0,300_PLUS,10_49,pa,69,743,513,6510,0.5566026759601392,DESCRIPTIVE
100,RIDGE,0,300_PLUS,50_PLUS,mse,107,2253,1638,45123,0.7941984760070474,DESCRIPTIVE
100,RIDGE,0,300_PLUS,50_PLUS,pa,92,2253,1638,45123,0.584517362626476,DESCRIPTIVE
100,RIDGE,1,0,0,mse,0,0,0,0,,NO_DATA
100,RIDGE,1,0,0,pa,0,0,0,0,,NO_DATA
100,RIDGE,1,0,1_9,mse,0,0,0,0,,NO_DATA
100,RIDGE,1,0,1_9,pa,0,0,0,0,,NO_DATA
100,RIDGE,1,0,10_49,mse,0,0,0,0,,NO_DATA
100,RIDGE,1,0,10_49,pa,0,0,0,0,,NO_DATA
100,RIDGE,1,0,50_PLUS,mse,0,0,0,0,,NO_DATA
100,RIDGE,1,0,50_PLUS,pa,0,0,0,0,,NO_DATA
100,RIDGE,1,1_9,0,mse,0,0,0,0,,NO_DATA
100,RIDGE,1,1_9,0,pa,0,0,0,0,,NO_DATA
100,RIDGE,1,1_9,1_9,mse,0,0,0,0,,NO_DATA
100,RIDGE,1,1_9,1_9,pa,0,0,0,0,,NO_DATA
100,RIDGE,1,1_9,10_49,mse,0,0,0,0,,NO_DATA
100,RIDGE,1,1_9,10_49,pa,0,0,0,0,,NO_DATA
100,RIDGE,1,1_9,50_PLUS,mse,1,143,143,8012,0.9260977880261312,DESCRIPTIVE_SMALL_N
100,RIDGE,1,1_9,50_PLUS,pa,1,143,143,8012,0.5946080878681977,DESCRIPTIVE_SMALL_N
100,RIDGE,1,10_29,0,mse,0,0,0,0,,NO_DATA
100,RIDGE,1,10_29,0,pa,0,0,0,0,,NO_DATA
100,RIDGE,1,10_29,1_9,mse,0,0,0,0,,NO_DATA
100,RIDGE,1,10_29,1_9,pa,0,0,0,0,,NO_DATA
100,RIDGE,1,10_29,10_49,mse,0,0,0,0,,NO_DATA
100,RIDGE,1,10_29,10_49,pa,0,0,0,0,,NO_DATA
100,RIDGE,1,10_29,50_PLUS,mse,3,66,62,761,0.6043362124952184,DESCRIPTIVE_SMALL_N
100,RIDGE,1,10_29,50_PLUS,pa,3,66,62,761,0.31741205491205493,DESCRIPTIVE_SMALL_N
100,RIDGE,1,30_99,0,mse,9,30,25,77,0.7528297666655686,DESCRIPTIVE_SMALL_N
100,RIDGE,1,30_99,0,pa,5,30,25,77,0.7162499999999999,DESCRIPTIVE_SMALL_N
100,RIDGE,1,30_99,1_9,mse,7,14,14,10,1.677822568927122,DESCRIPTIVE_SMALL_N
100,RIDGE,1,30_99,1_9,pa,3,14,14,10,0.4666666666666666,DESCRIPTIVE_SMALL_N
100,RIDGE,1,30_99,10_49,mse,12,35,33,98,1.0236255100207683,DESCRIPTIVE_SMALL_N
100,RIDGE,1,30_99,10_49,pa,6,35,33,98,0.43644986449864503,DESCRIPTIVE_SMALL_N
100,RIDGE,1,30_99,50_PLUS,mse,24,457,365,8907,0.9984272555447083,DESCRIPTIVE_SMALL_N
100,RIDGE,1,30_99,50_PLUS,pa,22,457,365,8907,0.5175102497235629,DESCRIPTIVE_SMALL_N
100,RIDGE,1,100_299,0,mse,18,66,59,271,0.844067174803225,DESCRIPTIVE_SMALL_N
100,RIDGE,1,100_299,0,pa,8,66,59,271,0.6452294685990339,DESCRIPTIVE_SMALL_N
100,RIDGE,1,100_299,1_9,mse,15,71,67,275,1.2385474857453014,DESCRIPTIVE_SMALL_N
100,RIDGE,1,100_299,1_9,pa,7,71,67,275,0.48984390203444966,DESCRIPTIVE_SMALL_N
100,RIDGE,1,100_299,10_49,mse,20,92,75,299,0.7742103508898253,DESCRIPTIVE_SMALL_N
100,RIDGE,1,100_299,10_49,pa,15,92,75,299,0.5301119063849125,DESCRIPTIVE_SMALL_N
100,RIDGE,1,100_299,50_PLUS,mse,46,697,566,18807,0.8068999883882237,DESCRIPTIVE
100,RIDGE,1,100_299,50_PLUS,pa,39,697,566,18807,0.5754793866296696,DESCRIPTIVE
100,RIDGE,1,300_PLUS,0,mse,68,509,396,5206,0.7732491550040022,DESCRIPTIVE
100,RIDGE,1,300_PLUS,0,pa,48,509,396,5206,0.5556748173661775,DESCRIPTIVE
100,RIDGE,1,300_PLUS,1_9,mse,66,655,547,13602,0.8078568222606247,DESCRIPTIVE
100,RIDGE,1,300_PLUS,1_9,pa,43,655,547,13602,0.542035975787383,DESCRIPTIVE
100,RIDGE,1,300_PLUS,10_49,mse,85,743,513,6510,0.9104175414470473,DESCRIPTIVE
100,RIDGE,1,300_PLUS,10_49,pa,69,743,513,6510,0.5374512527132733,DESCRIPTIVE
100,RIDGE,1,300_PLUS,50_PLUS,mse,107,2253,1638,45123,0.7355070356643829,DESCRIPTIVE
100,RIDGE,1,300_PLUS,50_PLUS,pa,92,2253,1638,45123,0.5607528613987934,DESCRIPTIVE
100,RIDGE,5,0,0,mse,0,0,0,0,,NO_DATA
100,RIDGE,5,0,0,pa,0,0,0,0,,NO_DATA
100,RIDGE,5,0,1_9,mse,0,0,0,0,,NO_DATA
100,RIDGE,5,0,1_9,pa,0,0,0,0,,NO_DATA
100,RIDGE,5,0,10_49,mse,0,0,0,0,,NO_DATA
100,RIDGE,5,0,10_49,pa,0,0,0,0,,NO_DATA
100,RIDGE,5,0,50_PLUS,mse,0,0,0,0,,NO_DATA
100,RIDGE,5,0,50_PLUS,pa,0,0,0,0,,NO_DATA
100,RIDGE,5,1_9,0,mse,0,0,0,0,,NO_DATA
100,RIDGE,5,1_9,0,pa,0,0,0,0,,NO_DATA
100,RIDGE,5,1_9,1_9,mse,0,0,0,0,,NO_DATA
100,RIDGE,5,1_9,1_9,pa,0,0,0,0,,NO_DATA
100,RIDGE,5,1_9,10_49,mse,0,0,0,0,,NO_DATA
100,RIDGE,5,1_9,10_49,pa,0,0,0,0,,NO_DATA
100,RIDGE,5,1_9,50_PLUS,mse,0,0,0,0,,NO_DATA
100,RIDGE,5,1_9,50_PLUS,pa,0,0,0,0,,NO_DATA
100,RIDGE,5,10_29,0,mse,0,0,0,0,,NO_DATA
100,RIDGE,5,10_29,0,pa,0,0,0,0,,NO_DATA
100,RIDGE,5,10_29,1_9,mse,0,0,0,0,,NO_DATA
100,RIDGE,5,10_29,1_9,pa,0,0,0,0,,NO_DATA
100,RIDGE,5,10_29,10_49,mse,0,0,0,0,,NO_DATA
100,RIDGE,5,10_29,10_49,pa,0,0,0,0,,NO_DATA
100,RIDGE,5,10_29,50_PLUS,mse,3,66,62,761,0.4771695817163975,DESCRIPTIVE_SMALL_N
100,RIDGE,5,10_29,50_PLUS,pa,3,66,62,761,0.34836979836979837,DESCRIPTIVE_SMALL_N
100,RIDGE,5,30_99,0,mse,9,30,25,77,0.8051034854816517,DESCRIPTIVE_SMALL_N
100,RIDGE,5,30_99,0,pa,5,30,25,77,0.685625,DESCRIPTIVE_SMALL_N
100,RIDGE,5,30_99,1_9,mse,7,14,14,10,1.3770349901851353,DESCRIPTIVE_SMALL_N
100,RIDGE,5,30_99,1_9,pa,3,14,14,10,0.4666666666666666,DESCRIPTIVE_SMALL_N
100,RIDGE,5,30_99,10_49,mse,12,35,33,98,0.8706175881838973,DESCRIPTIVE_SMALL_N
100,RIDGE,5,30_99,10_49,pa,6,35,33,98,0.41531165311653123,DESCRIPTIVE_SMALL_N
100,RIDGE,5,30_99,50_PLUS,mse,24,457,365,8907,0.8625398407166465,DESCRIPTIVE_SMALL_N
100,RIDGE,5,30_99,50_PLUS,pa,22,457,365,8907,0.5320918837594654,DESCRIPTIVE_SMALL_N
100,RIDGE,5,100_299,0,mse,18,66,59,271,0.8266535725993724,DESCRIPTIVE_SMALL_N
100,RIDGE,5,100_299,0,pa,8,66,59,271,0.6023550724637681,DESCRIPTIVE_SMALL_N
100,RIDGE,5,100_299,1_9,mse,15,71,67,275,1.2867529857237014,DESCRIPTIVE_SMALL_N
100,RIDGE,5,100_299,1_9,pa,7,71,67,275,0.49597455557695624,DESCRIPTIVE_SMALL_N
100,RIDGE,5,100_299,10_49,mse,20,92,75,299,0.7207955899560583,DESCRIPTIVE_SMALL_N
100,RIDGE,5,100_299,10_49,pa,15,92,75,299,0.5339623097023404,DESCRIPTIVE_SMALL_N
100,RIDGE,5,100_299,50_PLUS,mse,46,697,566,18807,0.747239484944418,DESCRIPTIVE
100,RIDGE,5,100_299,50_PLUS,pa,39,697,566,18807,0.6064220247825758,DESCRIPTIVE
100,RIDGE,5,300_PLUS,0,mse,68,509,396,5206,0.7254968092156336,DESCRIPTIVE
100,RIDGE,5,300_PLUS,0,pa,48,509,396,5206,0.607102139570678,DESCRIPTIVE
100,RIDGE,5,300_PLUS,1_9,mse,66,655,547,13602,0.7729028961878486,DESCRIPTIVE
100,RIDGE,5,300_PLUS,1_9,pa,43,655,547,13602,0.5327719711313709,DESCRIPTIVE
100,RIDGE,5,300_PLUS,10_49,mse,85,743,513,6510,0.8717178446490605,DESCRIPTIVE
100,RIDGE,5,300_PLUS,10_49,pa,69,743,513,6510,0.584548621253932,DESCRIPTIVE
100,RIDGE,5,300_PLUS,50_PLUS,mse,107,2253,1638,45123,0.7137851444381118,DESCRIPTIVE
100,RIDGE,5,300_PLUS,50_PLUS,pa,92,2253,1638,45123,0.5696964545387307,DESCRIPTIVE
100,RIDGE,10,0,0,mse,0,0,0,0,,NO_DATA
100,RIDGE,10,0,0,pa,0,0,0,0,,NO_DATA
100,RIDGE,10,0,1_9,mse,0,0,0,0,,NO_DATA
100,RIDGE,10,0,1_9,pa,0,0,0,0,,NO_DATA
100,RIDGE,10,0,10_49,mse,0,0,0,0,,NO_DATA
100,RIDGE,10,0,10_49,pa,0,0,0,0,,NO_DATA
100,RIDGE,10,0,50_PLUS,mse,0,0,0,0,,NO_DATA
100,RIDGE,10,0,50_PLUS,pa,0,0,0,0,,NO_DATA
100,RIDGE,10,1_9,0,mse,0,0,0,0,,NO_DATA
100,RIDGE,10,1_9,0,pa,0,0,0,0,,NO_DATA
100,RIDGE,10,1_9,1_9,mse,0,0,0,0,,NO_DATA
100,RIDGE,10,1_9,1_9,pa,0,0,0,0,,NO_DATA
100,RIDGE,10,1_9,10_49,mse,0,0,0,0,,NO_DATA
100,RIDGE,10,1_9,10_49,pa,0,0,0,0,,NO_DATA
100,RIDGE,10,1_9,50_PLUS,mse,0,0,0,0,,NO_DATA
100,RIDGE,10,1_9,50_PLUS,pa,0,0,0,0,,NO_DATA
100,RIDGE,10,10_29,0,mse,0,0,0,0,,NO_DATA
100,RIDGE,10,10_29,0,pa,0,0,0,0,,NO_DATA
100,RIDGE,10,10_29,1_9,mse,0,0,0,0,,NO_DATA
100,RIDGE,10,10_29,1_9,pa,0,0,0,0,,NO_DATA
100,RIDGE,10,10_29,10_49,mse,0,0,0,0,,NO_DATA
100,RIDGE,10,10_29,10_49,pa,0,0,0,0,,NO_DATA
100,RIDGE,10,10_29,50_PLUS,mse,3,66,62,761,0.4666892486008884,DESCRIPTIVE_SMALL_N
100,RIDGE,10,10_29,50_PLUS,pa,3,66,62,761,0.4529440154440154,DESCRIPTIVE_SMALL_N
100,RIDGE,10,30_99,0,mse,9,30,25,77,0.8093798458524195,DESCRIPTIVE_SMALL_N
100,RIDGE,10,30_99,0,pa,5,30,25,77,0.7224999999999999,DESCRIPTIVE_SMALL_N
100,RIDGE,10,30_99,1_9,mse,7,14,14,10,1.3969608433537404,DESCRIPTIVE_SMALL_N
100,RIDGE,10,30_99,1_9,pa,3,14,14,10,0.4666666666666666,DESCRIPTIVE_SMALL_N
100,RIDGE,10,30_99,10_49,mse,12,35,33,98,0.8893851160920357,DESCRIPTIVE_SMALL_N
100,RIDGE,10,30_99,10_49,pa,6,35,33,98,0.44864498644986456,DESCRIPTIVE_SMALL_N
100,RIDGE,10,30_99,50_PLUS,mse,24,457,365,8907,0.8122514800848625,DESCRIPTIVE_SMALL_N
100,RIDGE,10,30_99,50_PLUS,pa,22,457,365,8907,0.5230782973299749,DESCRIPTIVE_SMALL_N
100,RIDGE,10,100_299,0,mse,18,66,59,271,0.8265792371988024,DESCRIPTIVE_SMALL_N
100,RIDGE,10,100_299,0,pa,8,66,59,271,0.6005434782608696,DESCRIPTIVE_SMALL_N
100,RIDGE,10,100_299,1_9,mse,15,71,67,275,1.2173969660855366,DESCRIPTIVE_SMALL_N
100,RIDGE,10,100_299,1_9,pa,7,71,67,275,0.5107145043004008,DESCRIPTIVE_SMALL_N
100,RIDGE,10,100_299,10_49,mse,20,92,75,299,0.6949882574914407,DESCRIPTIVE_SMALL_N
100,RIDGE,10,100_299,10_49,pa,15,92,75,299,0.5411460463531016,DESCRIPTIVE_SMALL_N
100,RIDGE,10,100_299,50_PLUS,mse,46,697,566,18807,0.7227737996317979,DESCRIPTIVE
100,RIDGE,10,100_299,50_PLUS,pa,39,697,566,18807,0.6051832524238323,DESCRIPTIVE
100,RIDGE,10,300_PLUS,0,mse,68,509,396,5206,0.7173961059350997,DESCRIPTIVE
100,RIDGE,10,300_PLUS,0,pa,48,509,396,5206,0.6011625836778752,DESCRIPTIVE
100,RIDGE,10,300_PLUS,1_9,mse,66,655,547,13602,0.7475593510541566,DESCRIPTIVE
100,RIDGE,10,300_PLUS,1_9,pa,43,655,547,13602,0.5558591006849207,DESCRIPTIVE
100,RIDGE,10,300_PLUS,10_49,mse,85,743,513,6510,0.8705454347277589,DESCRIPTIVE
100,RIDGE,10,300_PLUS,10_49,pa,69,743,513,6510,0.5675642253337246,DESCRIPTIVE
100,RIDGE,10,300_PLUS,50_PLUS,mse,107,2253,1638,45123,0.7063395690658955,DESCRIPTIVE
100,RIDGE,10,300_PLUS,50_PLUS,pa,92,2253,1638,45123,0.5740279650547585,DESCRIPTIVE
100,RIDGE,30,0,0,mse,0,0,0,0,,NO_DATA
100,RIDGE,30,0,0,pa,0,0,0,0,,NO_DATA
100,RIDGE,30,0,1_9,mse,0,0,0,0,,NO_DATA
100,RIDGE,30,0,1_9,pa,0,0,0,0,,NO_DATA
100,RIDGE,30,0,10_49,mse,0,0,0,0,,NO_DATA
100,RIDGE,30,0,10_49,pa,0,0,0,0,,NO_DATA
100,RIDGE,30,0,50_PLUS,mse,0,0,0,0,,NO_DATA
100,RIDGE,30,0,50_PLUS,pa,0,0,0,0,,NO_DATA
100,RIDGE,30,1_9,0,mse,0,0,0,0,,NO_DATA
100,RIDGE,30,1_9,0,pa,0,0,0,0,,NO_DATA
100,RIDGE,30,1_9,1_9,mse,0,0,0,0,,NO_DATA
100,RIDGE,30,1_9,1_9,pa,0,0,0,0,,NO_DATA
100,RIDGE,30,1_9,10_49,mse,0,0,0,0,,NO_DATA
100,RIDGE,30,1_9,10_49,pa,0,0,0,0,,NO_DATA
100,RIDGE,30,1_9,50_PLUS,mse,0,0,0,0,,NO_DATA
100,RIDGE,30,1_9,50_PLUS,pa,0,0,0,0,,NO_DATA
100,RIDGE,30,10_29,0,mse,0,0,0,0,,NO_DATA
100,RIDGE,30,10_29,0,pa,0,0,0,0,,NO_DATA
100,RIDGE,30,10_29,1_9,mse,0,0,0,0,,NO_DATA
100,RIDGE,30,10_29,1_9,pa,0,0,0,0,,NO_DATA
100,RIDGE,30,10_29,10_49,mse,0,0,0,0,,NO_DATA
100,RIDGE,30,10_29,10_49,pa,0,0,0,0,,NO_DATA
100,RIDGE,30,10_29,50_PLUS,mse,0,0,0,0,,NO_DATA
100,RIDGE,30,10_29,50_PLUS,pa,0,0,0,0,,NO_DATA
100,RIDGE,30,30_99,0,mse,9,30,25,77,0.8067161828631225,DESCRIPTIVE_SMALL_N
100,RIDGE,30,30_99,0,pa,5,30,25,77,0.765625,DESCRIPTIVE_SMALL_N
100,RIDGE,30,30_99,1_9,mse,7,14,14,10,1.4553578810453929,DESCRIPTIVE_SMALL_N
100,RIDGE,30,30_99,1_9,pa,3,14,14,10,0.4666666666666666,DESCRIPTIVE_SMALL_N
100,RIDGE,30,30_99,10_49,mse,12,35,33,98,0.8769233539483619,DESCRIPTIVE_SMALL_N
100,RIDGE,30,30_99,10_49,pa,6,35,33,98,0.4466124661246613,DESCRIPTIVE_SMALL_N
100,RIDGE,30,30_99,50_PLUS,mse,24,457,365,8907,0.7720600318497008,DESCRIPTIVE_SMALL_N
100,RIDGE,30,30_99,50_PLUS,pa,22,457,365,8907,0.5624630004511527,DESCRIPTIVE_SMALL_N
100,RIDGE,30,100_299,0,mse,18,66,59,271,0.7925203190678212,DESCRIPTIVE_SMALL_N
100,RIDGE,30,100_299,0,pa,8,66,59,271,0.6056763285024155,DESCRIPTIVE_SMALL_N
100,RIDGE,30,100_299,1_9,mse,15,71,67,275,1.1966715036621385,DESCRIPTIVE_SMALL_N
100,RIDGE,30,100_299,1_9,pa,7,71,67,275,0.4937597161528145,DESCRIPTIVE_SMALL_N
100,RIDGE,30,100_299,10_49,mse,20,92,75,299,0.6984846889288555,DESCRIPTIVE_SMALL_N
100,RIDGE,30,100_299,10_49,pa,15,92,75,299,0.6555823960463532,DESCRIPTIVE_SMALL_N
100,RIDGE,30,100_299,50_PLUS,mse,46,697,566,18807,0.7199476378466152,DESCRIPTIVE
100,RIDGE,30,100_299,50_PLUS,pa,39,697,566,18807,0.5875737041758351,DESCRIPTIVE
100,RIDGE,30,300_PLUS,0,mse,68,509,396,5206,0.7196011519272218,DESCRIPTIVE
100,RIDGE,30,300_PLUS,0,pa,48,509,396,5206,0.58507584025628,DESCRIPTIVE
100,RIDGE,30,300_PLUS,1_9,mse,66,655,547,13602,0.7349364909464188,DESCRIPTIVE
100,RIDGE,30,300_PLUS,1_9,pa,43,655,547,13602,0.5245806542010588,DESCRIPTIVE
100,RIDGE,30,300_PLUS,10_49,mse,85,743,513,6510,0.8562784708612154,DESCRIPTIVE
100,RIDGE,30,300_PLUS,10_49,pa,69,743,513,6510,0.568703715992757,DESCRIPTIVE
100,RIDGE,30,300_PLUS,50_PLUS,mse,107,2253,1638,45123,0.7044333325902563,DESCRIPTIVE
100,RIDGE,30,300_PLUS,50_PLUS,pa,92,2253,1638,45123,0.5887242121020391,DESCRIPTIVE
100,GBT,0,0,0,mse,38,207,173,2304,1.6997775081548518,DESCRIPTIVE
100,GBT,0,0,0,pa,17,207,173,2304,0.6692067103735431,DESCRIPTIVE_SMALL_N
100,GBT,0,0,1_9,mse,34,487,446,35482,1.2857128631411896,DESCRIPTIVE
100,GBT,0,0,1_9,pa,14,487,446,35482,0.5243645752565451,DESCRIPTIVE_SMALL_N
100,GBT,0,0,10_49,mse,47,832,638,51867,1.0259740900409495,DESCRIPTIVE
100,GBT,0,0,10_49,pa,32,832,638,51867,0.6339841098126949,DESCRIPTIVE
100,GBT,0,0,50_PLUS,mse,84,11603,3293,2564251,0.9745457874632024,DESCRIPTIVE
100,GBT,0,0,50_PLUS,pa,84,11603,3293,2564251,0.5910103674622503,DESCRIPTIVE
100,GBT,0,1_9,0,mse,0,0,0,0,,NO_DATA
100,GBT,0,1_9,0,pa,0,0,0,0,,NO_DATA
100,GBT,0,1_9,1_9,mse,0,0,0,0,,NO_DATA
100,GBT,0,1_9,1_9,pa,0,0,0,0,,NO_DATA
100,GBT,0,1_9,10_49,mse,0,0,0,0,,NO_DATA
100,GBT,0,1_9,10_49,pa,0,0,0,0,,NO_DATA
100,GBT,0,1_9,50_PLUS,mse,1,143,143,8012,0.9174402771382821,DESCRIPTIVE_SMALL_N
100,GBT,0,1_9,50_PLUS,pa,1,143,143,8012,0.5732651023464803,DESCRIPTIVE_SMALL_N
100,GBT,0,10_29,0,mse,0,0,0,0,,NO_DATA
100,GBT,0,10_29,0,pa,0,0,0,0,,NO_DATA
100,GBT,0,10_29,1_9,mse,0,0,0,0,,NO_DATA
100,GBT,0,10_29,1_9,pa,0,0,0,0,,NO_DATA
100,GBT,0,10_29,10_49,mse,0,0,0,0,,NO_DATA
100,GBT,0,10_29,10_49,pa,0,0,0,0,,NO_DATA
100,GBT,0,10_29,50_PLUS,mse,3,66,62,761,0.4663173253997974,DESCRIPTIVE_SMALL_N
100,GBT,0,10_29,50_PLUS,pa,3,66,62,761,0.4541988416988416,DESCRIPTIVE_SMALL_N
100,GBT,0,30_99,0,mse,9,30,25,77,0.7720071827485209,DESCRIPTIVE_SMALL_N
100,GBT,0,30_99,0,pa,5,30,25,77,0.7075,DESCRIPTIVE_SMALL_N
100,GBT,0,30_99,1_9,mse,7,14,14,10,1.3644004820432283,DESCRIPTIVE_SMALL_N
100,GBT,0,30_99,1_9,pa,3,14,14,10,0.4666666666666666,DESCRIPTIVE_SMALL_N
100,GBT,0,30_99,10_49,mse,12,35,33,98,0.7646994074359522,DESCRIPTIVE_SMALL_N
100,GBT,0,30_99,10_49,pa,6,35,33,98,0.44403794037940375,DESCRIPTIVE_SMALL_N
100,GBT,0,30_99,50_PLUS,mse,24,457,365,8907,0.8263766546617606,DESCRIPTIVE_SMALL_N
100,GBT,0,30_99,50_PLUS,pa,22,457,365,8907,0.5156445380220225,DESCRIPTIVE_SMALL_N
100,GBT,0,100_299,0,mse,18,66,59,271,0.8099410873093195,DESCRIPTIVE_SMALL_N
100,GBT,0,100_299,0,pa,8,66,59,271,0.6195652173913043,DESCRIPTIVE_SMALL_N
100,GBT,0,100_299,1_9,mse,15,71,67,275,1.405978878093126,DESCRIPTIVE_SMALL_N
100,GBT,0,100_299,1_9,pa,7,71,67,275,0.5457450526467781,DESCRIPTIVE_SMALL_N
100,GBT,0,100_299,10_49,mse,20,92,75,299,0.819293658000481,DESCRIPTIVE_SMALL_N
100,GBT,0,100_299,10_49,pa,15,92,75,299,0.5978663940013633,DESCRIPTIVE_SMALL_N
100,GBT,0,100_299,50_PLUS,mse,46,697,566,18807,0.7260399128969143,DESCRIPTIVE
100,GBT,0,100_299,50_PLUS,pa,39,697,566,18807,0.5782602837656061,DESCRIPTIVE
100,GBT,0,300_PLUS,0,mse,68,509,396,5206,0.8025393131262856,DESCRIPTIVE
100,GBT,0,300_PLUS,0,pa,48,509,396,5206,0.627072036243416,DESCRIPTIVE
100,GBT,0,300_PLUS,1_9,mse,66,655,547,13602,0.835614312626934,DESCRIPTIVE
100,GBT,0,300_PLUS,1_9,pa,43,655,547,13602,0.5869532494540372,DESCRIPTIVE
100,GBT,0,300_PLUS,10_49,mse,85,743,513,6510,0.9829665820143515,DESCRIPTIVE
100,GBT,0,300_PLUS,10_49,pa,69,743,513,6510,0.531220299254575,DESCRIPTIVE
100,GBT,0,300_PLUS,50_PLUS,mse,107,2253,1638,45123,0.7939891501602628,DESCRIPTIVE
100,GBT,0,300_PLUS,50_PLUS,pa,92,2253,1638,45123,0.5899095083603129,DESCRIPTIVE
100,GBT,1,0,0,mse,0,0,0,0,,NO_DATA
100,GBT,1,0,0,pa,0,0,0,0,,NO_DATA
100,GBT,1,0,1_9,mse,0,0,0,0,,NO_DATA
100,GBT,1,0,1_9,pa,0,0,0,0,,NO_DATA
100,GBT,1,0,10_49,mse,0,0,0,0,,NO_DATA
100,GBT,1,0,10_49,pa,0,0,0,0,,NO_DATA
100,GBT,1,0,50_PLUS,mse,0,0,0,0,,NO_DATA
100,GBT,1,0,50_PLUS,pa,0,0,0,0,,NO_DATA
100,GBT,1,1_9,0,mse,0,0,0,0,,NO_DATA
100,GBT,1,1_9,0,pa,0,0,0,0,,NO_DATA
100,GBT,1,1_9,1_9,mse,0,0,0,0,,NO_DATA
100,GBT,1,1_9,1_9,pa,0,0,0,0,,NO_DATA
100,GBT,1,1_9,10_49,mse,0,0,0,0,,NO_DATA
100,GBT,1,1_9,10_49,pa,0,0,0,0,,NO_DATA
100,GBT,1,1_9,50_PLUS,mse,1,143,143,8012,0.9085761831096122,DESCRIPTIVE_SMALL_N
100,GBT,1,1_9,50_PLUS,pa,1,143,143,8012,0.5924862705941089,DESCRIPTIVE_SMALL_N
100,GBT,1,10_29,0,mse,0,0,0,0,,NO_DATA
100,GBT,1,10_29,0,pa,0,0,0,0,,NO_DATA
100,GBT,1,10_29,1_9,mse,0,0,0,0,,NO_DATA
100,GBT,1,10_29,1_9,pa,0,0,0,0,,NO_DATA
100,GBT,1,10_29,10_49,mse,0,0,0,0,,NO_DATA
100,GBT,1,10_29,10_49,pa,0,0,0,0,,NO_DATA
100,GBT,1,10_29,50_PLUS,mse,3,66,62,761,0.4773130724726083,DESCRIPTIVE_SMALL_N
100,GBT,1,10_29,50_PLUS,pa,3,66,62,761,0.5862773487773487,DESCRIPTIVE_SMALL_N
100,GBT,1,30_99,0,mse,9,30,25,77,0.6529109037000116,DESCRIPTIVE_SMALL_N
100,GBT,1,30_99,0,pa,5,30,25,77,0.72875,DESCRIPTIVE_SMALL_N
100,GBT,1,30_99,1_9,mse,7,14,14,10,1.9286938642748261,DESCRIPTIVE_SMALL_N
100,GBT,1,30_99,1_9,pa,3,14,14,10,0.6333333333333333,DESCRIPTIVE_SMALL_N
100,GBT,1,30_99,10_49,mse,12,35,33,98,0.9407629572638704,DESCRIPTIVE_SMALL_N
100,GBT,1,30_99,10_49,pa,6,35,33,98,0.35203252032520327,DESCRIPTIVE_SMALL_N
100,GBT,1,30_99,50_PLUS,mse,24,457,365,8907,1.058519937908278,DESCRIPTIVE_SMALL_N
100,GBT,1,30_99,50_PLUS,pa,22,457,365,8907,0.5253999792752231,DESCRIPTIVE_SMALL_N
100,GBT,1,100_299,0,mse,18,66,59,271,0.9144802311495724,DESCRIPTIVE_SMALL_N
100,GBT,1,100_299,0,pa,8,66,59,271,0.43870772946859904,DESCRIPTIVE_SMALL_N
100,GBT,1,100_299,1_9,mse,15,71,67,275,1.4032085749742493,DESCRIPTIVE_SMALL_N
100,GBT,1,100_299,1_9,pa,7,71,67,275,0.45513035351745035,DESCRIPTIVE_SMALL_N
100,GBT,1,100_299,10_49,mse,20,92,75,299,0.7449219846555085,DESCRIPTIVE_SMALL_N
100,GBT,1,100_299,10_49,pa,15,92,75,299,0.6098885196546239,DESCRIPTIVE_SMALL_N
100,GBT,1,100_299,50_PLUS,mse,46,697,566,18807,0.7769821082781125,DESCRIPTIVE
100,GBT,1,100_299,50_PLUS,pa,39,697,566,18807,0.6160745383014944,DESCRIPTIVE
100,GBT,1,300_PLUS,0,mse,68,509,396,5206,0.7221604178356889,DESCRIPTIVE
100,GBT,1,300_PLUS,0,pa,48,509,396,5206,0.637908348147718,DESCRIPTIVE
100,GBT,1,300_PLUS,1_9,mse,66,655,547,13602,0.7451269492574687,DESCRIPTIVE
100,GBT,1,300_PLUS,1_9,pa,43,655,547,13602,0.605057725414576,DESCRIPTIVE
100,GBT,1,300_PLUS,10_49,mse,85,743,513,6510,0.8604898017809985,DESCRIPTIVE
100,GBT,1,300_PLUS,10_49,pa,69,743,513,6510,0.5113388280085623,DESCRIPTIVE
100,GBT,1,300_PLUS,50_PLUS,mse,107,2253,1638,45123,0.7273245491063828,DESCRIPTIVE
100,GBT,1,300_PLUS,50_PLUS,pa,92,2253,1638,45123,0.5454439092134225,DESCRIPTIVE
100,GBT,5,0,0,mse,0,0,0,0,,NO_DATA
100,GBT,5,0,0,pa,0,0,0,0,,NO_DATA
100,GBT,5,0,1_9,mse,0,0,0,0,,NO_DATA
100,GBT,5,0,1_9,pa,0,0,0,0,,NO_DATA
100,GBT,5,0,10_49,mse,0,0,0,0,,NO_DATA
100,GBT,5,0,10_49,pa,0,0,0,0,,NO_DATA
100,GBT,5,0,50_PLUS,mse,0,0,0,0,,NO_DATA
100,GBT,5,0,50_PLUS,pa,0,0,0,0,,NO_DATA
100,GBT,5,1_9,0,mse,0,0,0,0,,NO_DATA
100,GBT,5,1_9,0,pa,0,0,0,0,,NO_DATA
100,GBT,5,1_9,1_9,mse,0,0,0,0,,NO_DATA
100,GBT,5,1_9,1_9,pa,0,0,0,0,,NO_DATA
100,GBT,5,1_9,10_49,mse,0,0,0,0,,NO_DATA
100,GBT,5,1_9,10_49,pa,0,0,0,0,,NO_DATA
100,GBT,5,1_9,50_PLUS,mse,0,0,0,0,,NO_DATA
100,GBT,5,1_9,50_PLUS,pa,0,0,0,0,,NO_DATA
100,GBT,5,10_29,0,mse,0,0,0,0,,NO_DATA
100,GBT,5,10_29,0,pa,0,0,0,0,,NO_DATA
100,GBT,5,10_29,1_9,mse,0,0,0,0,,NO_DATA
100,GBT,5,10_29,1_9,pa,0,0,0,0,,NO_DATA
100,GBT,5,10_29,10_49,mse,0,0,0,0,,NO_DATA
100,GBT,5,10_29,10_49,pa,0,0,0,0,,NO_DATA
100,GBT,5,10_29,50_PLUS,mse,3,66,62,761,0.42259454846405925,DESCRIPTIVE_SMALL_N
100,GBT,5,10_29,50_PLUS,pa,3,66,62,761,0.38075396825396823,DESCRIPTIVE_SMALL_N
100,GBT,5,30_99,0,mse,9,30,25,77,0.6289937765719176,DESCRIPTIVE_SMALL_N
100,GBT,5,30_99,0,pa,5,30,25,77,0.7381249999999999,DESCRIPTIVE_SMALL_N
100,GBT,5,30_99,1_9,mse,7,14,14,10,1.6337599815168666,DESCRIPTIVE_SMALL_N
100,GBT,5,30_99,1_9,pa,3,14,14,10,0.35555555555555557,DESCRIPTIVE_SMALL_N
100,GBT,5,30_99,10_49,mse,12,35,33,98,0.7962911486986347,DESCRIPTIVE_SMALL_N
100,GBT,5,30_99,10_49,pa,6,35,33,98,0.5239837398373984,DESCRIPTIVE_SMALL_N
100,GBT,5,30_99,50_PLUS,mse,24,457,365,8907,0.818561421280155,DESCRIPTIVE_SMALL_N
100,GBT,5,30_99,50_PLUS,pa,22,457,365,8907,0.5285375251616439,DESCRIPTIVE_SMALL_N
100,GBT,5,100_299,0,mse,18,66,59,271,1.036391564065839,DESCRIPTIVE_SMALL_N
100,GBT,5,100_299,0,pa,8,66,59,271,0.4752415458937198,DESCRIPTIVE_SMALL_N
100,GBT,5,100_299,1_9,mse,15,71,67,275,1.3071481507656886,DESCRIPTIVE_SMALL_N
100,GBT,5,100_299,1_9,pa,7,71,67,275,0.5871739788093876,DESCRIPTIVE_SMALL_N
100,GBT,5,100_299,10_49,mse,20,92,75,299,0.6545458981559028,DESCRIPTIVE_SMALL_N
100,GBT,5,100_299,10_49,pa,15,92,75,299,0.6001741081572369,DESCRIPTIVE_SMALL_N
100,GBT,5,100_299,50_PLUS,mse,46,697,566,18807,0.7049161862832947,DESCRIPTIVE
100,GBT,5,100_299,50_PLUS,pa,39,697,566,18807,0.6204294486280038,DESCRIPTIVE
100,GBT,5,300_PLUS,0,mse,68,509,396,5206,0.6201561475919123,DESCRIPTIVE
100,GBT,5,300_PLUS,0,pa,48,509,396,5206,0.6351422193459128,DESCRIPTIVE
100,GBT,5,300_PLUS,1_9,mse,66,655,547,13602,0.7662034405672207,DESCRIPTIVE
100,GBT,5,300_PLUS,1_9,pa,43,655,547,13602,0.5739968344308287,DESCRIPTIVE
100,GBT,5,300_PLUS,10_49,mse,85,743,513,6510,0.7945955193567802,DESCRIPTIVE
100,GBT,5,300_PLUS,10_49,pa,69,743,513,6510,0.5260681012534753,DESCRIPTIVE
100,GBT,5,300_PLUS,50_PLUS,mse,107,2253,1638,45123,0.6947662187368797,DESCRIPTIVE
100,GBT,5,300_PLUS,50_PLUS,pa,92,2253,1638,45123,0.5689292278784049,DESCRIPTIVE
100,GBT,10,0,0,mse,0,0,0,0,,NO_DATA
100,GBT,10,0,0,pa,0,0,0,0,,NO_DATA
100,GBT,10,0,1_9,mse,0,0,0,0,,NO_DATA
100,GBT,10,0,1_9,pa,0,0,0,0,,NO_DATA
100,GBT,10,0,10_49,mse,0,0,0,0,,NO_DATA
100,GBT,10,0,10_49,pa,0,0,0,0,,NO_DATA
100,GBT,10,0,50_PLUS,mse,0,0,0,0,,NO_DATA
100,GBT,10,0,50_PLUS,pa,0,0,0,0,,NO_DATA
100,GBT,10,1_9,0,mse,0,0,0,0,,NO_DATA
100,GBT,10,1_9,0,pa,0,0,0,0,,NO_DATA
100,GBT,10,1_9,1_9,mse,0,0,0,0,,NO_DATA
100,GBT,10,1_9,1_9,pa,0,0,0,0,,NO_DATA
100,GBT,10,1_9,10_49,mse,0,0,0,0,,NO_DATA
100,GBT,10,1_9,10_49,pa,0,0,0,0,,NO_DATA
100,GBT,10,1_9,50_PLUS,mse,0,0,0,0,,NO_DATA
100,GBT,10,1_9,50_PLUS,pa,0,0,0,0,,NO_DATA
100,GBT,10,10_29,0,mse,0,0,0,0,,NO_DATA
100,GBT,10,10_29,0,pa,0,0,0,0,,NO_DATA
100,GBT,10,10_29,1_9,mse,0,0,0,0,,NO_DATA
100,GBT,10,10_29,1_9,pa,0,0,0,0,,NO_DATA
100,GBT,10,10_29,10_49,mse,0,0,0,0,,NO_DATA
100,GBT,10,10_29,10_49,pa,0,0,0,0,,NO_DATA
100,GBT,10,10_29,50_PLUS,mse,3,66,62,761,0.43876728923417696,DESCRIPTIVE_SMALL_N
100,GBT,10,10_29,50_PLUS,pa,3,66,62,761,0.5828238953238952,DESCRIPTIVE_SMALL_N
100,GBT,10,30_99,0,mse,9,30,25,77,0.8288369432710179,DESCRIPTIVE_SMALL_N
100,GBT,10,30_99,0,pa,5,30,25,77,0.698125,DESCRIPTIVE_SMALL_N
100,GBT,10,30_99,1_9,mse,7,14,14,10,1.488667425057794,DESCRIPTIVE_SMALL_N
100,GBT,10,30_99,1_9,pa,3,14,14,10,0.35555555555555557,DESCRIPTIVE_SMALL_N
100,GBT,10,30_99,10_49,mse,12,35,33,98,0.767191984689283,DESCRIPTIVE_SMALL_N
100,GBT,10,30_99,10_49,pa,6,35,33,98,0.5573170731707318,DESCRIPTIVE_SMALL_N
100,GBT,10,30_99,50_PLUS,mse,24,457,365,8907,0.8044036073204971,DESCRIPTIVE_SMALL_N
100,GBT,10,30_99,50_PLUS,pa,22,457,365,8907,0.5499490669112702,DESCRIPTIVE_SMALL_N
100,GBT,10,100_299,0,mse,18,66,59,271,0.991090386576379,DESCRIPTIVE_SMALL_N
100,GBT,10,100_299,0,pa,8,66,59,271,0.5655193236714976,DESCRIPTIVE_SMALL_N
100,GBT,10,100_299,1_9,mse,15,71,67,275,1.1881107427172648,DESCRIPTIVE_SMALL_N
100,GBT,10,100_299,1_9,pa,7,71,67,275,0.5727539777052156,DESCRIPTIVE_SMALL_N
100,GBT,10,100_299,10_49,mse,20,92,75,299,0.6287412858538858,DESCRIPTIVE_SMALL_N
100,GBT,10,100_299,10_49,pa,15,92,75,299,0.6469021245171551,DESCRIPTIVE_SMALL_N
100,GBT,10,100_299,50_PLUS,mse,46,697,566,18807,0.6822462133667262,DESCRIPTIVE
100,GBT,10,100_299,50_PLUS,pa,39,697,566,18807,0.6030082587608153,DESCRIPTIVE
100,GBT,10,300_PLUS,0,mse,68,509,396,5206,0.675999393243786,DESCRIPTIVE
100,GBT,10,300_PLUS,0,pa,48,509,396,5206,0.633098948156084,DESCRIPTIVE
100,GBT,10,300_PLUS,1_9,mse,66,655,547,13602,0.7144726239534871,DESCRIPTIVE
100,GBT,10,300_PLUS,1_9,pa,43,655,547,13602,0.581263785459035,DESCRIPTIVE
100,GBT,10,300_PLUS,10_49,mse,85,743,513,6510,0.764371949877094,DESCRIPTIVE
100,GBT,10,300_PLUS,10_49,pa,69,743,513,6510,0.5293984708140959,DESCRIPTIVE
100,GBT,10,300_PLUS,50_PLUS,mse,107,2253,1638,45123,0.6744890904556603,DESCRIPTIVE
100,GBT,10,300_PLUS,50_PLUS,pa,92,2253,1638,45123,0.5701874293025974,DESCRIPTIVE
100,GBT,30,0,0,mse,0,0,0,0,,NO_DATA
100,GBT,30,0,0,pa,0,0,0,0,,NO_DATA
100,GBT,30,0,1_9,mse,0,0,0,0,,NO_DATA
100,GBT,30,0,1_9,pa,0,0,0,0,,NO_DATA
100,GBT,30,0,10_49,mse,0,0,0,0,,NO_DATA
100,GBT,30,0,10_49,pa,0,0,0,0,,NO_DATA
100,GBT,30,0,50_PLUS,mse,0,0,0,0,,NO_DATA
100,GBT,30,0,50_PLUS,pa,0,0,0,0,,NO_DATA
100,GBT,30,1_9,0,mse,0,0,0,0,,NO_DATA
100,GBT,30,1_9,0,pa,0,0,0,0,,NO_DATA
100,GBT,30,1_9,1_9,mse,0,0,0,0,,NO_DATA
100,GBT,30,1_9,1_9,pa,0,0,0,0,,NO_DATA
100,GBT,30,1_9,10_49,mse,0,0,0,0,,NO_DATA
100,GBT,30,1_9,10_49,pa,0,0,0,0,,NO_DATA
100,GBT,30,1_9,50_PLUS,mse,0,0,0,0,,NO_DATA
100,GBT,30,1_9,50_PLUS,pa,0,0,0,0,,NO_DATA
100,GBT,30,10_29,0,mse,0,0,0,0,,NO_DATA
100,GBT,30,10_29,0,pa,0,0,0,0,,NO_DATA
100,GBT,30,10_29,1_9,mse,0,0,0,0,,NO_DATA
100,GBT,30,10_29,1_9,pa,0,0,0,0,,NO_DATA
100,GBT,30,10_29,10_49,mse,0,0,0,0,,NO_DATA
100,GBT,30,10_29,10_49,pa,0,0,0,0,,NO_DATA
100,GBT,30,10_29,50_PLUS,mse,0,0,0,0,,NO_DATA
100,GBT,30,10_29,50_PLUS,pa,0,0,0,0,,NO_DATA
100,GBT,30,30_99,0,mse,9,30,25,77,0.7179361949299272,DESCRIPTIVE_SMALL_N
100,GBT,30,30_99,0,pa,5,30,25,77,0.75625,DESCRIPTIVE_SMALL_N
100,GBT,30,30_99,1_9,mse,7,14,14,10,1.5312413423285685,DESCRIPTIVE_SMALL_N
100,GBT,30,30_99,1_9,pa,3,14,14,10,0.4666666666666666,DESCRIPTIVE_SMALL_N
100,GBT,30,30_99,10_49,mse,12,35,33,98,0.6397173935789808,DESCRIPTIVE_SMALL_N
100,GBT,30,30_99,10_49,pa,6,35,33,98,0.5329268292682927,DESCRIPTIVE_SMALL_N
100,GBT,30,30_99,50_PLUS,mse,24,457,365,8907,0.6610487977653764,DESCRIPTIVE_SMALL_N
100,GBT,30,30_99,50_PLUS,pa,22,457,365,8907,0.531098825932776,DESCRIPTIVE_SMALL_N
100,GBT,30,100_299,0,mse,18,66,59,271,0.9253358376015515,DESCRIPTIVE_SMALL_N
100,GBT,30,100_299,0,pa,8,66,59,271,0.5948067632850242,DESCRIPTIVE_SMALL_N
100,GBT,30,100_299,1_9,mse,15,71,67,275,1.1681853115424232,DESCRIPTIVE_SMALL_N
100,GBT,30,100_299,1_9,pa,7,71,67,275,0.5195768847306732,DESCRIPTIVE_SMALL_N
100,GBT,30,100_299,10_49,mse,20,92,75,299,0.5932081704546281,DESCRIPTIVE_SMALL_N
100,GBT,30,100_299,10_49,pa,15,92,75,299,0.5919870483980915,DESCRIPTIVE_SMALL_N
100,GBT,30,100_299,50_PLUS,mse,46,697,566,18807,0.6302871364496999,DESCRIPTIVE
100,GBT,30,100_299,50_PLUS,pa,39,697,566,18807,0.6025462290851636,DESCRIPTIVE
100,GBT,30,300_PLUS,0,mse,68,509,396,5206,0.6769017835370272,DESCRIPTIVE
100,GBT,30,300_PLUS,0,pa,48,509,396,5206,0.6158122781655009,DESCRIPTIVE
100,GBT,30,300_PLUS,1_9,mse,66,655,547,13602,0.6918994938353275,DESCRIPTIVE
100,GBT,30,300_PLUS,1_9,pa,43,655,547,13602,0.5933114677286525,DESCRIPTIVE
100,GBT,30,300_PLUS,10_49,mse,85,743,513,6510,0.7689880121697159,DESCRIPTIVE
100,GBT,30,300_PLUS,10_49,pa,69,743,513,6510,0.5328667385405947,DESCRIPTIVE
100,GBT,30,300_PLUS,50_PLUS,mse,107,2253,1638,45123,0.645318352112283,DESCRIPTIVE
100,GBT,30,300_PLUS,50_PLUS,pa,92,2253,1638,45123,0.5920933465042203,DESCRIPTIVE
