k,method,activity,support,metric,users,mean,users_total,users_valid,observations_total,observations_valid,movies_total,movies_valid,comparable_pairs_total,comparable_pairs_valid,reference_pairs_total,reference_pairs_valid,status
1,ALS,0,1_9,mse,0,,0,0,0,0,0,0,0,0,0,0,NO_DATA
1,ALS,0,1_9,pa,0,,0,0,0,0,0,0,0,0,0,0,NO_DATA
1,ALS,0,1_9,als_mae,0,,0,0,0,0,0,0,0,0,0,0,NO_DATA
1,ALS,0,1_9,als_order,0,,0,0,0,0,0,0,0,0,0,0,NO_DATA
1,ALS,0,10_49,mse,0,,0,0,0,0,0,0,0,0,0,0,NO_DATA
1,ALS,0,10_49,pa,0,,0,0,0,0,0,0,0,0,0,0,NO_DATA
1,ALS,0,10_49,als_mae,0,,0,0,0,0,0,0,0,0,0,0,NO_DATA
1,ALS,0,10_49,als_order,0,,0,0,0,0,0,0,0,0,0,0,NO_DATA
1,ALS,0,50_PLUS,mse,0,,0,0,0,0,0,0,0,0,0,0,NO_DATA
1,ALS,0,50_PLUS,pa,0,,0,0,0,0,0,0,0,0,0,0,NO_DATA
1,ALS,0,50_PLUS,als_mae,0,,0,0,0,0,0,0,0,0,0,0,NO_DATA
1,ALS,0,50_PLUS,als_order,0,,0,0,0,0,0,0,0,0,0,0,NO_DATA
1,ALS,1_9,1_9,mse,0,,0,0,0,0,0,0,0,0,0,0,NO_DATA
1,ALS,1_9,1_9,pa,0,,0,0,0,0,0,0,0,0,0,0,NO_DATA
1,ALS,1_9,1_9,als_mae,0,,0,0,0,0,0,0,0,0,0,0,NO_DATA
1,ALS,1_9,1_9,als_order,0,,0,0,0,0,0,0,0,0,0,0,NO_DATA
1,ALS,1_9,10_49,mse,0,,0,0,0,0,0,0,0,0,0,0,NO_DATA
1,ALS,1_9,10_49,pa,0,,0,0,0,0,0,0,0,0,0,0,NO_DATA
1,ALS,1_9,10_49,als_mae,0,,0,0,0,0,0,0,0,0,0,0,NO_DATA
1,ALS,1_9,10_49,als_order,0,,0,0,0,0,0,0,0,0,0,0,NO_DATA
1,ALS,1_9,50_PLUS,mse,1,1.0800168652062432,1,1,21,21,21,21,140,140,210,210,DESCRIPTIVE_SMALL_N
1,ALS,1_9,50_PLUS,pa,1,0.6357142857142857,1,1,21,21,21,21,140,140,210,210,DESCRIPTIVE_SMALL_N
1,ALS,1_9,50_PLUS,als_mae,1,0.0,1,1,21,21,21,21,140,140,210,210,DESCRIPTIVE_SMALL_N
1,ALS,1_9,50_PLUS,als_order,1,1.0,1,1,21,21,21,21,140,140,210,210,DESCRIPTIVE_SMALL_N
1,ALS,10_29,1_9,mse,0,,0,0,0,0,0,0,0,0,0,0,NO_DATA
1,ALS,10_29,1_9,pa,0,,0,0,0,0,0,0,0,0,0,0,NO_DATA
1,ALS,10_29,1_9,als_mae,0,,0,0,0,0,0,0,0,0,0,0,NO_DATA
1,ALS,10_29,1_9,als_order,0,,0,0,0,0,0,0,0,0,0,0,NO_DATA
1,ALS,10_29,10_49,mse,0,,0,0,0,0,0,0,0,0,0,0,NO_DATA
1,ALS,10_29,10_49,pa,0,,0,0,0,0,0,0,0,0,0,0,NO_DATA
1,ALS,10_29,10_49,als_mae,0,,0,0,0,0,0,0,0,0,0,0,NO_DATA
1,ALS,10_29,10_49,als_order,0,,0,0,0,0,0,0,0,0,0,0,NO_DATA
1,ALS,10_29,50_PLUS,mse,2,1.3581693546128184,2,2,4,4,3,3,3,3,3,3,DESCRIPTIVE_SMALL_N
1,ALS,10_29,50_PLUS,pa,1,0.0,2,1,4,3,3,3,3,3,3,3,DESCRIPTIVE_SMALL_N
1,ALS,10_29,50_PLUS,als_mae,2,0.0,2,2,4,4,3,3,3,3,3,3,DESCRIPTIVE_SMALL_N
1,ALS,10_29,50_PLUS,als_order,1,1.0,2,1,4,3,3,3,3,3,3,3,DESCRIPTIVE_SMALL_N
1,ALS,30_99,1_9,mse,0,,0,0,0,0,0,0,0,0,0,0,NO_DATA
1,ALS,30_99,1_9,pa,0,,0,0,0,0,0,0,0,0,0,0,NO_DATA
1,ALS,30_99,1_9,als_mae,0,,0,0,0,0,0,0,0,0,0,0,NO_DATA
1,ALS,30_99,1_9,als_order,0,,0,0,0,0,0,0,0,0,0,0,NO_DATA
1,ALS,30_99,10_49,mse,0,,0,0,0,0,0,0,0,0,0,0,NO_DATA
1,ALS,30_99,10_49,pa,0,,0,0,0,0,0,0,0,0,0,0,NO_DATA
1,ALS,30_99,10_49,als_mae,0,,0,0,0,0,0,0,0,0,0,0,NO_DATA
1,ALS,30_99,10_49,als_order,0,,0,0,0,0,0,0,0,0,0,0,NO_DATA
1,ALS,30_99,50_PLUS,mse,18,1.7192531891067024,18,18,55,55,45,45,122,122,150,150,DESCRIPTIVE_SMALL_N
1,ALS,30_99,50_PLUS,pa,10,0.7147061347061346,18,10,55,47,45,42,122,122,150,150,DESCRIPTIVE_SMALL_N
1,ALS,30_99,50_PLUS,als_mae,18,0.0,18,18,55,55,45,45,122,122,150,150,DESCRIPTIVE_SMALL_N
1,ALS,30_99,50_PLUS,als_order,10,1.0,18,10,55,47,45,42,122,122,150,150,DESCRIPTIVE_SMALL_N
1,ALS,100_299,1_9,mse,5,2.5009033510207277,5,5,6,6,6,6,0,0,1,1,DESCRIPTIVE_SMALL_N
1,ALS,100_299,1_9,pa,0,,5,0,6,0,6,0,0,0,1,0,NO_DATA
1,ALS,100_299,1_9,als_mae,5,0.0,5,5,6,6,6,6,0,0,1,1,DESCRIPTIVE_SMALL_N
1,ALS,100_299,1_9,als_order,1,1.0,5,1,6,2,6,2,0,0,1,1,DESCRIPTIVE_SMALL_N
1,ALS,100_299,10_49,mse,6,1.0196953015852137,6,6,6,6,6,6,0,0,0,0,DESCRIPTIVE_SMALL_N
1,ALS,100_299,10_49,pa,0,,6,0,6,0,6,0,0,0,0,0,NO_DATA
1,ALS,100_299,10_49,als_mae,6,0.0,6,6,6,6,6,6,0,0,0,0,DESCRIPTIVE_SMALL_N
1,ALS,100_299,10_49,als_order,0,,6,0,6,0,6,0,0,0,0,0,NO_DATA
1,ALS,100_299,50_PLUS,mse,24,1.5617115039385456,24,24,73,73,64,64,266,266,342,342,DESCRIPTIVE_SMALL_N
1,ALS,100_299,50_PLUS,pa,10,0.5798880597014925,24,10,73,57,64,51,266,266,342,340,DESCRIPTIVE_SMALL_N
1,ALS,100_299,50_PLUS,als_mae,24,0.0,24,24,73,73,64,64,266,266,342,342,DESCRIPTIVE_SMALL_N
1,ALS,100_299,50_PLUS,als_order,12,1.0,24,12,73,61,64,55,266,266,342,342,DESCRIPTIVE_SMALL_N
1,ALS,300_PLUS,1_9,mse,25,2.4177107280004857,25,25,55,55,49,49,125,125,153,153,DESCRIPTIVE_SMALL_N
1,ALS,300_PLUS,1_9,pa,8,0.5514508928571429,25,8,55,38,49,37,125,125,153,153,DESCRIPTIVE_SMALL_N
1,ALS,300_PLUS,1_9,als_mae,25,0.0,25,25,55,55,49,49,125,125,153,153,DESCRIPTIVE_SMALL_N
1,ALS,300_PLUS,1_9,als_order,8,1.0,25,8,55,38,49,37,125,125,153,153,DESCRIPTIVE_SMALL_N
1,ALS,300_PLUS,10_49,mse,29,2.0532648079712623,29,29,46,46,37,37,23,23,30,30,DESCRIPTIVE_SMALL_N
1,ALS,300_PLUS,10_49,pa,7,0.5964285714285714,29,7,46,22,37,20,23,23,30,28,DESCRIPTIVE_SMALL_N
1,ALS,300_PLUS,10_49,als_mae,29,0.0,29,29,46,46,37,37,23,23,30,30,DESCRIPTIVE_SMALL_N
1,ALS,300_PLUS,10_49,als_order,9,1.0,29,9,46,26,37,24,23,23,30,30,DESCRIPTIVE_SMALL_N
1,ALS,300_PLUS,50_PLUS,mse,65,1.3111199947973726,65,65,216,216,159,159,442,442,599,599,DESCRIPTIVE
1,ALS,300_PLUS,50_PLUS,pa,33,0.648346190964933,65,33,216,174,159,140,442,442,599,585,DESCRIPTIVE
1,ALS,300_PLUS,50_PLUS,als_mae,65,0.0,65,65,216,216,159,159,442,442,599,599,DESCRIPTIVE
1,ALS,300_PLUS,50_PLUS,als_order,40,1.0,65,40,216,191,159,150,442,442,599,599,DESCRIPTIVE
1,BASE__RIDGE,0,1_9,mse,0,,0,0,0,0,0,0,0,0,0,0,NO_DATA
1,BASE__RIDGE,0,1_9,pa,0,,0,0,0,0,0,0,0,0,0,0,NO_DATA
1,BASE__RIDGE,0,1_9,als_mae,0,,0,0,0,0,0,0,0,0,0,0,NO_DATA
1,BASE__RIDGE,0,1_9,als_order,0,,0,0,0,0,0,0,0,0,0,0,NO_DATA
1,BASE__RIDGE,0,10_49,mse,0,,0,0,0,0,0,0,0,0,0,0,NO_DATA
1,BASE__RIDGE,0,10_49,pa,0,,0,0,0,0,0,0,0,0,0,0,NO_DATA
1,BASE__RIDGE,0,10_49,als_mae,0,,0,0,0,0,0,0,0,0,0,0,NO_DATA
1,BASE__RIDGE,0,10_49,als_order,0,,0,0,0,0,0,0,0,0,0,0,NO_DATA
1,BASE__RIDGE,0,50_PLUS,mse,0,,0,0,0,0,0,0,0,0,0,0,NO_DATA
1,BASE__RIDGE,0,50_PLUS,pa,0,,0,0,0,0,0,0,0,0,0,0,NO_DATA
1,BASE__RIDGE,0,50_PLUS,als_mae,0,,0,0,0,0,0,0,0,0,0,0,NO_DATA
1,BASE__RIDGE,0,50_PLUS,als_order,0,,0,0,0,0,0,0,0,0,0,0,NO_DATA
1,BASE__RIDGE,1_9,1_9,mse,0,,0,0,0,0,0,0,0,0,0,0,NO_DATA
1,BASE__RIDGE,1_9,1_9,pa,0,,0,0,0,0,0,0,0,0,0,0,NO_DATA
1,BASE__RIDGE,1_9,1_9,als_mae,0,,0,0,0,0,0,0,0,0,0,0,NO_DATA
1,BASE__RIDGE,1_9,1_9,als_order,0,,0,0,0,0,0,0,0,0,0,0,NO_DATA
1,BASE__RIDGE,1_9,10_49,mse,0,,0,0,0,0,0,0,0,0,0,0,NO_DATA
1,BASE__RIDGE,1_9,10_49,pa,0,,0,0,0,0,0,0,0,0,0,0,NO_DATA
1,BASE__RIDGE,1_9,10_49,als_mae,0,,0,0,0,0,0,0,0,0,0,0,NO_DATA
1,BASE__RIDGE,1_9,10_49,als_order,0,,0,0,0,0,0,0,0,0,0,0,NO_DATA
1,BASE__RIDGE,1_9,50_PLUS,mse,1,0.7930266775359065,1,1,21,21,21,21,140,140,210,210,DESCRIPTIVE_SMALL_N
1,BASE__RIDGE,1_9,50_PLUS,pa,1,0.6214285714285714,1,1,21,21,21,21,140,140,210,210,DESCRIPTIVE_SMALL_N
1,BASE__RIDGE,1_9,50_PLUS,als_mae,1,0.3694394100792503,1,1,21,21,21,21,140,140,210,210,DESCRIPTIVE_SMALL_N
1,BASE__RIDGE,1_9,50_PLUS,als_order,1,0.7,1,1,21,21,21,21,140,140,210,210,DESCRIPTIVE_SMALL_N
1,BASE__RIDGE,10_29,1_9,mse,0,,0,0,0,0,0,0,0,0,0,0,NO_DATA
1,BASE__RIDGE,10_29,1_9,pa,0,,0,0,0,0,0,0,0,0,0,0,NO_DATA
1,BASE__RIDGE,10_29,1_9,als_mae,0,,0,0,0,0,0,0,0,0,0,0,NO_DATA
1,BASE__RIDGE,10_29,1_9,als_order,0,,0,0,0,0,0,0,0,0,0,0,NO_DATA
1,BASE__RIDGE,10_29,10_49,mse,0,,0,0,0,0,0,0,0,0,0,0,NO_DATA
1,BASE__RIDGE,10_29,10_49,pa,0,,0,0,0,0,0,0,0,0,0,0,NO_DATA
1,BASE__RIDGE,10_29,10_49,als_mae,0,,0,0,0,0,0,0,0,0,0,0,NO_DATA
1,BASE__RIDGE,10_29,10_49,als_order,0,,0,0,0,0,0,0,0,0,0,0,NO_DATA
1,BASE__RIDGE,10_29,50_PLUS,mse,2,0.5351131000587619,2,2,4,4,3,3,3,3,3,3,DESCRIPTIVE_SMALL_N
1,BASE__RIDGE,10_29,50_PLUS,pa,1,1.0,2,1,4,3,3,3,3,3,3,3,DESCRIPTIVE_SMALL_N
1,BASE__RIDGE,10_29,50_PLUS,als_mae,2,0.4524527405183465,2,2,4,4,3,3,3,3,3,3,DESCRIPTIVE_SMALL_N
1,BASE__RIDGE,10_29,50_PLUS,als_order,1,0.0,2,1,4,3,3,3,3,3,3,3,DESCRIPTIVE_SMALL_N
1,BASE__RIDGE,30_99,1_9,mse,0,,0,0,0,0,0,0,0,0,0,0,NO_DATA
1,BASE__RIDGE,30_99,1_9,pa,0,,0,0,0,0,0,0,0,0,0,0,NO_DATA
1,BASE__RIDGE,30_99,1_9,als_mae,0,,0,0,0,0,0,0,0,0,0,0,NO_DATA
1,BASE__RIDGE,30_99,1_9,als_order,0,,0,0,0,0,0,0,0,0,0,0,NO_DATA
1,BASE__RIDGE,30_99,10_49,mse,0,,0,0,0,0,0,0,0,0,0,0,NO_DATA
1,BASE__RIDGE,30_99,10_49,pa,0,,0,0,0,0,0,0,0,0,0,0,NO_DATA
1,BASE__RIDGE,30_99,10_49,als_mae,0,,0,0,0,0,0,0,0,0,0,0,NO_DATA
1,BASE__RIDGE,30_99,10_49,als_order,0,,0,0,0,0,0,0,0,0,0,0,NO_DATA
1,BASE__RIDGE,30_99,50_PLUS,mse,18,1.0782120971358733,18,18,55,55,45,45,122,122,150,150,DESCRIPTIVE_SMALL_N
1,BASE__RIDGE,30_99,50_PLUS,pa,10,0.7473273273273273,18,10,55,47,45,42,122,122,150,150,DESCRIPTIVE_SMALL_N
1,BASE__RIDGE,30_99,50_PLUS,als_mae,18,0.6903643617330257,18,18,55,55,45,45,122,122,150,150,DESCRIPTIVE_SMALL_N
1,BASE__RIDGE,30_99,50_PLUS,als_order,10,0.5612271062271061,18,10,55,47,45,42,122,122,150,150,DESCRIPTIVE_SMALL_N
1,BASE__RIDGE,100_299,1_9,mse,5,0.9449748333658645,5,5,6,6,6,6,0,0,1,1,DESCRIPTIVE_SMALL_N
1,BASE__RIDGE,100_299,1_9,pa,0,,5,0,6,0,6,0,0,0,1,0,NO_DATA
1,BASE__RIDGE,100_299,1_9,als_mae,5,0.6836396989089415,5,5,6,6,6,6,0,0,1,1,DESCRIPTIVE_SMALL_N
1,BASE__RIDGE,100_299,1_9,als_order,1,0.0,5,1,6,2,6,2,0,0,1,1,DESCRIPTIVE_SMALL_N
1,BASE__RIDGE,100_299,10_49,mse,6,0.4819951486230742,6,6,6,6,6,6,0,0,0,0,DESCRIPTIVE_SMALL_N
1,BASE__RIDGE,100_299,10_49,pa,0,,6,0,6,0,6,0,0,0,0,0,NO_DATA
1,BASE__RIDGE,100_299,10_49,als_mae,6,0.7042841256899233,6,6,6,6,6,6,0,0,0,0,DESCRIPTIVE_SMALL_N
1,BASE__RIDGE,100_299,10_49,als_order,0,,6,0,6,0,6,0,0,0,0,0,NO_DATA
1,BASE__RIDGE,100_299,50_PLUS,mse,24,0.7512917569496066,24,24,73,73,64,64,266,266,342,342,DESCRIPTIVE_SMALL_N
1,BASE__RIDGE,100_299,50_PLUS,pa,10,0.5093034825870647,24,10,73,57,64,51,266,266,342,340,DESCRIPTIVE_SMALL_N
1,BASE__RIDGE,100_299,50_PLUS,als_mae,24,0.6587807030069391,24,24,73,73,64,64,266,266,342,342,DESCRIPTIVE_SMALL_N
1,BASE__RIDGE,100_299,50_PLUS,als_order,12,0.6869625042999656,24,12,73,61,64,55,266,266,342,342,DESCRIPTIVE_SMALL_N
1,BASE__RIDGE,300_PLUS,1_9,mse,25,0.8310208762247021,25,25,55,55,49,49,125,125,153,153,DESCRIPTIVE_SMALL_N
1,BASE__RIDGE,300_PLUS,1_9,pa,8,0.5058035714285714,25,8,55,38,49,37,125,125,153,153,DESCRIPTIVE_SMALL_N
1,BASE__RIDGE,300_PLUS,1_9,als_mae,25,1.2140557724254932,25,25,55,55,49,49,125,125,153,153,DESCRIPTIVE_SMALL_N
1,BASE__RIDGE,300_PLUS,1_9,als_order,8,0.6748066748066748,25,8,55,38,49,37,125,125,153,153,DESCRIPTIVE_SMALL_N
1,BASE__RIDGE,300_PLUS,10_49,mse,29,0.9901616857767435,29,29,46,46,37,37,23,23,30,30,DESCRIPTIVE_SMALL_N
1,BASE__RIDGE,300_PLUS,10_49,pa,7,0.7142857142857143,29,7,46,22,37,20,23,23,30,28,DESCRIPTIVE_SMALL_N
1,BASE__RIDGE,300_PLUS,10_49,als_mae,29,0.8999414265631921,29,29,46,46,37,37,23,23,30,30,DESCRIPTIVE_SMALL_N
1,BASE__RIDGE,300_PLUS,10_49,als_order,9,0.4851851851851852,29,9,46,26,37,24,23,23,30,30,DESCRIPTIVE_SMALL_N
1,BASE__RIDGE,300_PLUS,50_PLUS,mse,65,0.8340151857680739,65,65,216,216,159,159,442,442,599,599,DESCRIPTIVE
1,BASE__RIDGE,300_PLUS,50_PLUS,pa,33,0.5768500098226854,65,33,216,174,159,140,442,442,599,585,DESCRIPTIVE
1,BASE__RIDGE,300_PLUS,50_PLUS,als_mae,65,0.8380088815501551,65,65,216,216,159,159,442,442,599,599,DESCRIPTIVE
1,BASE__RIDGE,300_PLUS,50_PLUS,als_order,40,0.5727453102453103,65,40,216,191,159,150,442,442,599,599,DESCRIPTIVE
1,BASE__GBT,0,1_9,mse,0,,0,0,0,0,0,0,0,0,0,0,NO_DATA
1,BASE__GBT,0,1_9,pa,0,,0,0,0,0,0,0,0,0,0,0,NO_DATA
1,BASE__GBT,0,1_9,als_mae,0,,0,0,0,0,0,0,0,0,0,0,NO_DATA
1,BASE__GBT,0,1_9,als_order,0,,0,0,0,0,0,0,0,0,0,0,NO_DATA
1,BASE__GBT,0,10_49,mse,0,,0,0,0,0,0,0,0,0,0,0,NO_DATA
1,BASE__GBT,0,10_49,pa,0,,0,0,0,0,0,0,0,0,0,0,NO_DATA
1,BASE__GBT,0,10_49,als_mae,0,,0,0,0,0,0,0,0,0,0,0,NO_DATA
1,BASE__GBT,0,10_49,als_order,0,,0,0,0,0,0,0,0,0,0,0,NO_DATA
1,BASE__GBT,0,50_PLUS,mse,0,,0,0,0,0,0,0,0,0,0,0,NO_DATA
1,BASE__GBT,0,50_PLUS,pa,0,,0,0,0,0,0,0,0,0,0,0,NO_DATA
1,BASE__GBT,0,50_PLUS,als_mae,0,,0,0,0,0,0,0,0,0,0,0,NO_DATA
1,BASE__GBT,0,50_PLUS,als_order,0,,0,0,0,0,0,0,0,0,0,0,NO_DATA
1,BASE__GBT,1_9,1_9,mse,0,,0,0,0,0,0,0,0,0,0,0,NO_DATA
1,BASE__GBT,1_9,1_9,pa,0,,0,0,0,0,0,0,0,0,0,0,NO_DATA
1,BASE__GBT,1_9,1_9,als_mae,0,,0,0,0,0,0,0,0,0,0,0,NO_DATA
1,BASE__GBT,1_9,1_9,als_order,0,,0,0,0,0,0,0,0,0,0,0,NO_DATA
1,BASE__GBT,1_9,10_49,mse,0,,0,0,0,0,0,0,0,0,0,0,NO_DATA
1,BASE__GBT,1_9,10_49,pa,0,,0,0,0,0,0,0,0,0,0,0,NO_DATA
1,BASE__GBT,1_9,10_49,als_mae,0,,0,0,0,0,0,0,0,0,0,0,NO_DATA
1,BASE__GBT,1_9,10_49,als_order,0,,0,0,0,0,0,0,0,0,0,0,NO_DATA
1,BASE__GBT,1_9,50_PLUS,mse,1,0.7694334530770162,1,1,21,21,21,21,140,140,210,210,DESCRIPTIVE_SMALL_N
1,BASE__GBT,1_9,50_PLUS,pa,1,0.6285714285714286,1,1,21,21,21,21,140,140,210,210,DESCRIPTIVE_SMALL_N
1,BASE__GBT,1_9,50_PLUS,als_mae,1,0.49061066081852106,1,1,21,21,21,21,140,140,210,210,DESCRIPTIVE_SMALL_N
1,BASE__GBT,1_9,50_PLUS,als_order,1,0.6857142857142857,1,1,21,21,21,21,140,140,210,210,DESCRIPTIVE_SMALL_N
1,BASE__GBT,10_29,1_9,mse,0,,0,0,0,0,0,0,0,0,0,0,NO_DATA
1,BASE__GBT,10_29,1_9,pa,0,,0,0,0,0,0,0,0,0,0,0,NO_DATA
1,BASE__GBT,10_29,1_9,als_mae,0,,0,0,0,0,0,0,0,0,0,0,NO_DATA
1,BASE__GBT,10_29,1_9,als_order,0,,0,0,0,0,0,0,0,0,0,0,NO_DATA
1,BASE__GBT,10_29,10_49,mse,0,,0,0,0,0,0,0,0,0,0,0,NO_DATA
1,BASE__GBT,10_29,10_49,pa,0,,0,0,0,0,0,0,0,0,0,0,NO_DATA
1,BASE__GBT,10_29,10_49,als_mae,0,,0,0,0,0,0,0,0,0,0,0,NO_DATA
1,BASE__GBT,10_29,10_49,als_order,0,,0,0,0,0,0,0,0,0,0,0,NO_DATA
1,BASE__GBT,10_29,50_PLUS,mse,2,0.6145894219334678,2,2,4,4,3,3,3,3,3,3,DESCRIPTIVE_SMALL_N
1,BASE__GBT,10_29,50_PLUS,pa,1,0.6666666666666666,2,1,4,3,3,3,3,3,3,3,DESCRIPTIVE_SMALL_N
1,BASE__GBT,10_29,50_PLUS,als_mae,2,0.4330520819567888,2,2,4,4,3,3,3,3,3,3,DESCRIPTIVE_SMALL_N
1,BASE__GBT,10_29,50_PLUS,als_order,1,0.3333333333333333,2,1,4,3,3,3,3,3,3,3,DESCRIPTIVE_SMALL_N
1,BASE__GBT,30_99,1_9,mse,0,,0,0,0,0,0,0,0,0,0,0,NO_DATA
1,BASE__GBT,30_99,1_9,pa,0,,0,0,0,0,0,0,0,0,0,0,NO_DATA
1,BASE__GBT,30_99,1_9,als_mae,0,,0,0,0,0,0,0,0,0,0,0,NO_DATA
1,BASE__GBT,30_99,1_9,als_order,0,,0,0,0,0,0,0,0,0,0,0,NO_DATA
1,BASE__GBT,30_99,10_49,mse,0,,0,0,0,0,0,0,0,0,0,0,NO_DATA
1,BASE__GBT,30_99,10_49,pa,0,,0,0,0,0,0,0,0,0,0,0,NO_DATA
1,BASE__GBT,30_99,10_49,als_mae,0,,0,0,0,0,0,0,0,0,0,0,NO_DATA
1,BASE__GBT,30_99,10_49,als_order,0,,0,0,0,0,0,0,0,0,0,0,NO_DATA
1,BASE__GBT,30_99,50_PLUS,mse,18,1.0054108972632774,18,18,55,55,45,45,122,122,150,150,DESCRIPTIVE_SMALL_N
1,BASE__GBT,30_99,50_PLUS,pa,10,0.7021621621621621,18,10,55,47,45,42,122,122,150,150,DESCRIPTIVE_SMALL_N
1,BASE__GBT,30_99,50_PLUS,als_mae,18,0.7246688178176837,18,18,55,55,45,45,122,122,150,150,DESCRIPTIVE_SMALL_N
1,BASE__GBT,30_99,50_PLUS,als_order,10,0.5576373626373626,18,10,55,47,45,42,122,122,150,150,DESCRIPTIVE_SMALL_N
1,BASE__GBT,100_299,1_9,mse,5,0.9442930080170852,5,5,6,6,6,6,0,0,1,1,DESCRIPTIVE_SMALL_N
1,BASE__GBT,100_299,1_9,pa,0,,5,0,6,0,6,0,0,0,1,0,NO_DATA
1,BASE__GBT,100_299,1_9,als_mae,5,0.855529273987609,5,5,6,6,6,6,0,0,1,1,DESCRIPTIVE_SMALL_N
1,BASE__GBT,100_299,1_9,als_order,1,1.0,5,1,6,2,6,2,0,0,1,1,DESCRIPTIVE_SMALL_N
1,BASE__GBT,100_299,10_49,mse,6,0.5657200846865021,6,6,6,6,6,6,0,0,0,0,DESCRIPTIVE_SMALL_N
1,BASE__GBT,100_299,10_49,pa,0,,6,0,6,0,6,0,0,0,0,0,NO_DATA
1,BASE__GBT,100_299,10_49,als_mae,6,0.8551311202405403,6,6,6,6,6,6,0,0,0,0,DESCRIPTIVE_SMALL_N
1,BASE__GBT,100_299,10_49,als_order,0,,6,0,6,0,6,0,0,0,0,0,NO_DATA
1,BASE__GBT,100_299,50_PLUS,mse,24,0.659398772060884,24,24,73,73,64,64,266,266,342,342,DESCRIPTIVE_SMALL_N
1,BASE__GBT,100_299,50_PLUS,pa,10,0.5750808457711443,24,10,73,57,64,51,266,266,342,340,DESCRIPTIVE_SMALL_N
1,BASE__GBT,100_299,50_PLUS,als_mae,24,0.6508792413743937,24,24,73,73,64,64,266,266,342,342,DESCRIPTIVE_SMALL_N
1,BASE__GBT,100_299,50_PLUS,als_order,12,0.6454678362573099,24,12,73,61,64,55,266,266,342,342,DESCRIPTIVE_SMALL_N
1,BASE__GBT,300_PLUS,1_9,mse,25,0.8025486398208502,25,25,55,55,49,49,125,125,153,153,DESCRIPTIVE_SMALL_N
1,BASE__GBT,300_PLUS,1_9,pa,8,0.3875,25,8,55,38,49,37,125,125,153,153,DESCRIPTIVE_SMALL_N
1,BASE__GBT,300_PLUS,1_9,als_mae,25,1.2459321764679046,25,25,55,55,49,49,125,125,153,153,DESCRIPTIVE_SMALL_N
1,BASE__GBT,300_PLUS,1_9,als_order,8,0.7122761497761498,25,8,55,38,49,37,125,125,153,153,DESCRIPTIVE_SMALL_N
1,BASE__GBT,300_PLUS,10_49,mse,29,0.9264511801014592,29,29,46,46,37,37,23,23,30,30,DESCRIPTIVE_SMALL_N
1,BASE__GBT,300_PLUS,10_49,pa,7,0.7214285714285714,29,7,46,22,37,20,23,23,30,28,DESCRIPTIVE_SMALL_N
1,BASE__GBT,300_PLUS,10_49,als_mae,29,0.8938470705210309,29,29,46,46,37,37,23,23,30,30,DESCRIPTIVE_SMALL_N
1,BASE__GBT,300_PLUS,10_49,als_order,9,0.5888888888888889,29,9,46,26,37,24,23,23,30,30,DESCRIPTIVE_SMALL_N
1,BASE__GBT,300_PLUS,50_PLUS,mse,65,0.8020642720854663,65,65,216,216,159,159,442,442,599,599,DESCRIPTIVE
1,BASE__GBT,300_PLUS,50_PLUS,pa,33,0.6463426791640619,65,33,216,174,159,140,442,442,599,585,DESCRIPTIVE
1,BASE__GBT,300_PLUS,50_PLUS,als_mae,65,0.8735560295410046,65,65,216,216,159,159,442,442,599,599,DESCRIPTIVE
1,BASE__GBT,300_PLUS,50_PLUS,als_order,40,0.5272465728715728,65,40,216,191,159,150,442,442,599,599,DESCRIPTIVE
1,BASE__FM,0,1_9,mse,0,,0,0,0,0,0,0,0,0,0,0,NO_DATA
1,BASE__FM,0,1_9,pa,0,,0,0,0,0,0,0,0,0,0,0,NO_DATA
1,BASE__FM,0,1_9,als_mae,0,,0,0,0,0,0,0,0,0,0,0,NO_DATA
1,BASE__FM,0,1_9,als_order,0,,0,0,0,0,0,0,0,0,0,0,NO_DATA
1,BASE__FM,0,10_49,mse,0,,0,0,0,0,0,0,0,0,0,0,NO_DATA
1,BASE__FM,0,10_49,pa,0,,0,0,0,0,0,0,0,0,0,0,NO_DATA
1,BASE__FM,0,10_49,als_mae,0,,0,0,0,0,0,0,0,0,0,0,NO_DATA
1,BASE__FM,0,10_49,als_order,0,,0,0,0,0,0,0,0,0,0,0,NO_DATA
1,BASE__FM,0,50_PLUS,mse,0,,0,0,0,0,0,0,0,0,0,0,NO_DATA
1,BASE__FM,0,50_PLUS,pa,0,,0,0,0,0,0,0,0,0,0,0,NO_DATA
1,BASE__FM,0,50_PLUS,als_mae,0,,0,0,0,0,0,0,0,0,0,0,NO_DATA
1,BASE__FM,0,50_PLUS,als_order,0,,0,0,0,0,0,0,0,0,0,0,NO_DATA
1,BASE__FM,1_9,1_9,mse,0,,0,0,0,0,0,0,0,0,0,0,NO_DATA
1,BASE__FM,1_9,1_9,pa,0,,0,0,0,0,0,0,0,0,0,0,NO_DATA
1,BASE__FM,1_9,1_9,als_mae,0,,0,0,0,0,0,0,0,0,0,0,NO_DATA
1,BASE__FM,1_9,1_9,als_order,0,,0,0,0,0,0,0,0,0,0,0,NO_DATA
1,BASE__FM,1_9,10_49,mse,0,,0,0,0,0,0,0,0,0,0,0,NO_DATA
1,BASE__FM,1_9,10_49,pa,0,,0,0,0,0,0,0,0,0,0,0,NO_DATA
1,BASE__FM,1_9,10_49,als_mae,0,,0,0,0,0,0,0,0,0,0,0,NO_DATA
1,BASE__FM,1_9,10_49,als_order,0,,0,0,0,0,0,0,0,0,0,0,NO_DATA
1,BASE__FM,1_9,50_PLUS,mse,1,0.7388426687474556,1,1,21,21,21,21,140,140,210,210,DESCRIPTIVE_SMALL_N
1,BASE__FM,1_9,50_PLUS,pa,1,0.6142857142857143,1,1,21,21,21,21,140,140,210,210,DESCRIPTIVE_SMALL_N
1,BASE__FM,1_9,50_PLUS,als_mae,1,0.5012309578394655,1,1,21,21,21,21,140,140,210,210,DESCRIPTIVE_SMALL_N
1,BASE__FM,1_9,50_PLUS,als_order,1,0.7,1,1,21,21,21,21,140,140,210,210,DESCRIPTIVE_SMALL_N
1,BASE__FM,10_29,1_9,mse,0,,0,0,0,0,0,0,0,0,0,0,NO_DATA
1,BASE__FM,10_29,1_9,pa,0,,0,0,0,0,0,0,0,0,0,0,NO_DATA
1,BASE__FM,10_29,1_9,als_mae,0,,0,0,0,0,0,0,0,0,0,0,NO_DATA
1,BASE__FM,10_29,1_9,als_order,0,,0,0,0,0,0,0,0,0,0,0,NO_DATA
1,BASE__FM,10_29,10_49,mse,0,,0,0,0,0,0,0,0,0,0,0,NO_DATA
1,BASE__FM,10_29,10_49,pa,0,,0,0,0,0,0,0,0,0,0,0,NO_DATA
1,BASE__FM,10_29,10_49,als_mae,0,,0,0,0,0,0,0,0,0,0,0,NO_DATA
1,BASE__FM,10_29,10_49,als_order,0,,0,0,0,0,0,0,0,0,0,0,NO_DATA
1,BASE__FM,10_29,50_PLUS,mse,2,0.5883091656279393,2,2,4,4,3,3,3,3,3,3,DESCRIPTIVE_SMALL_N
1,BASE__FM,10_29,50_PLUS,pa,1,0.6666666666666666,2,1,4,3,3,3,3,3,3,3,DESCRIPTIVE_SMALL_N
1,BASE__FM,10_29,50_PLUS,als_mae,2,0.4379792531859442,2,2,4,4,3,3,3,3,3,3,DESCRIPTIVE_SMALL_N
1,BASE__FM,10_29,50_PLUS,als_order,1,0.3333333333333333,2,1,4,3,3,3,3,3,3,3,DESCRIPTIVE_SMALL_N
1,BASE__FM,30_99,1_9,mse,0,,0,0,0,0,0,0,0,0,0,0,NO_DATA
1,BASE__FM,30_99,1_9,pa,0,,0,0,0,0,0,0,0,0,0,0,NO_DATA
1,BASE__FM,30_99,1_9,als_mae,0,,0,0,0,0,0,0,0,0,0,0,NO_DATA
1,BASE__FM,30_99,1_9,als_order,0,,0,0,0,0,0,0,0,0,0,0,NO_DATA
1,BASE__FM,30_99,10_49,mse,0,,0,0,0,0,0,0,0,0,0,0,NO_DATA
1,BASE__FM,30_99,10_49,pa,0,,0,0,0,0,0,0,0,0,0,0,NO_DATA
1,BASE__FM,30_99,10_49,als_mae,0,,0,0,0,0,0,0,0,0,0,0,NO_DATA
1,BASE__FM,30_99,10_49,als_order,0,,0,0,0,0,0,0,0,0,0,0,NO_DATA
1,BASE__FM,30_99,50_PLUS,mse,18,0.9547391614645796,18,18,55,55,45,45,122,122,150,150,DESCRIPTIVE_SMALL_N
1,BASE__FM,30_99,50_PLUS,pa,10,0.7611411411411411,18,10,55,47,45,42,122,122,150,150,DESCRIPTIVE_SMALL_N
1,BASE__FM,30_99,50_PLUS,als_mae,18,0.7100371930506412,18,18,55,55,45,45,122,122,150,150,DESCRIPTIVE_SMALL_N
1,BASE__FM,30_99,50_PLUS,als_order,10,0.6062087912087912,18,10,55,47,45,42,122,122,150,150,DESCRIPTIVE_SMALL_N
1,BASE__FM,100_299,1_9,mse,5,1.0109348279663726,5,5,6,6,6,6,0,0,1,1,DESCRIPTIVE_SMALL_N
1,BASE__FM,100_299,1_9,pa,0,,5,0,6,0,6,0,0,0,1,0,NO_DATA
1,BASE__FM,100_299,1_9,als_mae,5,0.8177711466301494,5,5,6,6,6,6,0,0,1,1,DESCRIPTIVE_SMALL_N
1,BASE__FM,100_299,1_9,als_order,1,0.0,5,1,6,2,6,2,0,0,1,1,DESCRIPTIVE_SMALL_N
1,BASE__FM,100_299,10_49,mse,6,0.49164507820040226,6,6,6,6,6,6,0,0,0,0,DESCRIPTIVE_SMALL_N
1,BASE__FM,100_299,10_49,pa,0,,6,0,6,0,6,0,0,0,0,0,NO_DATA
1,BASE__FM,100_299,10_49,als_mae,6,0.8504683530411628,6,6,6,6,6,6,0,0,0,0,DESCRIPTIVE_SMALL_N
1,BASE__FM,100_299,10_49,als_order,0,,6,0,6,0,6,0,0,0,0,0,NO_DATA
1,BASE__FM,100_299,50_PLUS,mse,24,0.661446460624494,24,24,73,73,64,64,266,266,342,342,DESCRIPTIVE_SMALL_N
1,BASE__FM,100_299,50_PLUS,pa,10,0.5129850746268656,24,10,73,57,64,51,266,266,342,340,DESCRIPTIVE_SMALL_N
1,BASE__FM,100_299,50_PLUS,als_mae,24,0.6649869439488186,24,24,73,73,64,64,266,266,342,342,DESCRIPTIVE_SMALL_N
1,BASE__FM,100_299,50_PLUS,als_order,12,0.5474142873523679,24,12,73,61,64,55,266,266,342,342,DESCRIPTIVE_SMALL_N
1,BASE__FM,300_PLUS,1_9,mse,25,0.955734734511196,25,25,55,55,49,49,125,125,153,153,DESCRIPTIVE_SMALL_N
1,BASE__FM,300_PLUS,1_9,pa,8,0.2925595238095238,25,8,55,38,49,37,125,125,153,153,DESCRIPTIVE_SMALL_N
1,BASE__FM,300_PLUS,1_9,als_mae,25,1.2275769329769903,25,25,55,55,49,49,125,125,153,153,DESCRIPTIVE_SMALL_N
1,BASE__FM,300_PLUS,1_9,als_order,8,0.5710724460724461,25,8,55,38,49,37,125,125,153,153,DESCRIPTIVE_SMALL_N
1,BASE__FM,300_PLUS,10_49,mse,29,1.024010591957574,29,29,46,46,37,37,23,23,30,30,DESCRIPTIVE_SMALL_N
1,BASE__FM,300_PLUS,10_49,pa,7,0.5714285714285714,29,7,46,22,37,20,23,23,30,28,DESCRIPTIVE_SMALL_N
1,BASE__FM,300_PLUS,10_49,als_mae,29,0.953721886496152,29,29,46,46,37,37,23,23,30,30,DESCRIPTIVE_SMALL_N
1,BASE__FM,300_PLUS,10_49,als_order,9,0.49259259259259264,29,9,46,26,37,24,23,23,30,30,DESCRIPTIVE_SMALL_N
1,BASE__FM,300_PLUS,50_PLUS,mse,65,0.806600547329239,65,65,216,216,159,159,442,442,599,599,DESCRIPTIVE
1,BASE__FM,300_PLUS,50_PLUS,pa,33,0.58547480037944,65,33,216,174,159,140,442,442,599,585,DESCRIPTIVE
1,BASE__FM,300_PLUS,50_PLUS,als_mae,65,0.8446916397001502,65,65,216,216,159,159,442,442,599,599,DESCRIPTIVE
1,BASE__FM,300_PLUS,50_PLUS,als_order,40,0.5843488455988456,65,40,216,191,159,150,442,442,599,599,DESCRIPTIVE
1,SUPPORT__RIDGE,0,1_9,mse,0,,0,0,0,0,0,0,0,0,0,0,NO_DATA
1,SUPPORT__RIDGE,0,1_9,pa,0,,0,0,0,0,0,0,0,0,0,0,NO_DATA
1,SUPPORT__RIDGE,0,1_9,als_mae,0,,0,0,0,0,0,0,0,0,0,0,NO_DATA
1,SUPPORT__RIDGE,0,1_9,als_order,0,,0,0,0,0,0,0,0,0,0,0,NO_DATA
1,SUPPORT__RIDGE,0,10_49,mse,0,,0,0,0,0,0,0,0,0,0,0,NO_DATA
1,SUPPORT__RIDGE,0,10_49,pa,0,,0,0,0,0,0,0,0,0,0,0,NO_DATA
1,SUPPORT__RIDGE,0,10_49,als_mae,0,,0,0,0,0,0,0,0,0,0,0,NO_DATA
1,SUPPORT__RIDGE,0,10_49,als_order,0,,0,0,0,0,0,0,0,0,0,0,NO_DATA
1,SUPPORT__RIDGE,0,50_PLUS,mse,0,,0,0,0,0,0,0,0,0,0,0,NO_DATA
1,SUPPORT__RIDGE,0,50_PLUS,pa,0,,0,0,0,0,0,0,0,0,0,0,NO_DATA
1,SUPPORT__RIDGE,0,50_PLUS,als_mae,0,,0,0,0,0,0,0,0,0,0,0,NO_DATA
1,SUPPORT__RIDGE,0,50_PLUS,als_order,0,,0,0,0,0,0,0,0,0,0,0,NO_DATA
1,SUPPORT__RIDGE,1_9,1_9,mse,0,,0,0,0,0,0,0,0,0,0,0,NO_DATA
1,SUPPORT__RIDGE,1_9,1_9,pa,0,,0,0,0,0,0,0,0,0,0,0,NO_DATA
1,SUPPORT__RIDGE,1_9,1_9,als_mae,0,,0,0,0,0,0,0,0,0,0,0,NO_DATA
1,SUPPORT__RIDGE,1_9,1_9,als_order,0,,0,0,0,0,0,0,0,0,0,0,NO_DATA
1,SUPPORT__RIDGE,1_9,10_49,mse,0,,0,0,0,0,0,0,0,0,0,0,NO_DATA
1,SUPPORT__RIDGE,1_9,10_49,pa,0,,0,0,0,0,0,0,0,0,0,0,NO_DATA
1,SUPPORT__RIDGE,1_9,10_49,als_mae,0,,0,0,0,0,0,0,0,0,0,0,NO_DATA
1,SUPPORT__RIDGE,1_9,10_49,als_order,0,,0,0,0,0,0,0,0,0,0,0,NO_DATA
1,SUPPORT__RIDGE,1_9,50_PLUS,mse,1,0.7937830884551768,1,1,21,21,21,21,140,140,210,210,DESCRIPTIVE_SMALL_N
1,SUPPORT__RIDGE,1_9,50_PLUS,pa,1,0.6142857142857143,1,1,21,21,21,21,140,140,210,210,DESCRIPTIVE_SMALL_N
1,SUPPORT__RIDGE,1_9,50_PLUS,als_mae,1,0.3971552432645155,1,1,21,21,21,21,140,140,210,210,DESCRIPTIVE_SMALL_N
1,SUPPORT__RIDGE,1_9,50_PLUS,als_order,1,0.7,1,1,21,21,21,21,140,140,210,210,DESCRIPTIVE_SMALL_N
1,SUPPORT__RIDGE,10_29,1_9,mse,0,,0,0,0,0,0,0,0,0,0,0,NO_DATA
1,SUPPORT__RIDGE,10_29,1_9,pa,0,,0,0,0,0,0,0,0,0,0,0,NO_DATA
1,SUPPORT__RIDGE,10_29,1_9,als_mae,0,,0,0,0,0,0,0,0,0,0,0,NO_DATA
1,SUPPORT__RIDGE,10_29,1_9,als_order,0,,0,0,0,0,0,0,0,0,0,0,NO_DATA
1,SUPPORT__RIDGE,10_29,10_49,mse,0,,0,0,0,0,0,0,0,0,0,0,NO_DATA
1,SUPPORT__RIDGE,10_29,10_49,pa,0,,0,0,0,0,0,0,0,0,0,0,NO_DATA
1,SUPPORT__RIDGE,10_29,10_49,als_mae,0,,0,0,0,0,0,0,0,0,0,0,NO_DATA
1,SUPPORT__RIDGE,10_29,10_49,als_order,0,,0,0,0,0,0,0,0,0,0,0,NO_DATA
1,SUPPORT__RIDGE,10_29,50_PLUS,mse,2,0.5193236900037266,2,2,4,4,3,3,3,3,3,3,DESCRIPTIVE_SMALL_N
1,SUPPORT__RIDGE,10_29,50_PLUS,pa,1,1.0,2,1,4,3,3,3,3,3,3,3,DESCRIPTIVE_SMALL_N
1,SUPPORT__RIDGE,10_29,50_PLUS,als_mae,2,0.46678897482812853,2,2,4,4,3,3,3,3,3,3,DESCRIPTIVE_SMALL_N
1,SUPPORT__RIDGE,10_29,50_PLUS,als_order,1,0.0,2,1,4,3,3,3,3,3,3,3,DESCRIPTIVE_SMALL_N
1,SUPPORT__RIDGE,30_99,1_9,mse,0,,0,0,0,0,0,0,0,0,0,0,NO_DATA
1,SUPPORT__RIDGE,30_99,1_9,pa,0,,0,0,0,0,0,0,0,0,0,0,NO_DATA
1,SUPPORT__RIDGE,30_99,1_9,als_mae,0,,0,0,0,0,0,0,0,0,0,0,NO_DATA
1,SUPPORT__RIDGE,30_99,1_9,als_order,0,,0,0,0,0,0,0,0,0,0,0,NO_DATA
1,SUPPORT__RIDGE,30_99,10_49,mse,0,,0,0,0,0,0,0,0,0,0,0,NO_DATA
1,SUPPORT__RIDGE,30_99,10_49,pa,0,,0,0,0,0,0,0,0,0,0,0,NO_DATA
1,SUPPORT__RIDGE,30_99,10_49,als_mae,0,,0,0,0,0,0,0,0,0,0,0,NO_DATA
1,SUPPORT__RIDGE,30_99,10_49,als_order,0,,0,0,0,0,0,0,0,0,0,0,NO_DATA
1,SUPPORT__RIDGE,30_99,50_PLUS,mse,18,1.0741424446128558,18,18,55,55,45,45,122,122,150,150,DESCRIPTIVE_SMALL_N
1,SUPPORT__RIDGE,30_99,50_PLUS,pa,10,0.7597897897897898,18,10,55,47,45,42,122,122,150,150,DESCRIPTIVE_SMALL_N
1,SUPPORT__RIDGE,30_99,50_PLUS,als_mae,18,0.7112738881877476,18,18,55,55,45,45,122,122,150,150,DESCRIPTIVE_SMALL_N
1,SUPPORT__RIDGE,30_99,50_PLUS,als_order,10,0.6034615384615385,18,10,55,47,45,42,122,122,150,150,DESCRIPTIVE_SMALL_N
1,SUPPORT__RIDGE,100_299,1_9,mse,5,0.9488906015515438,5,5,6,6,6,6,0,0,1,1,DESCRIPTIVE_SMALL_N
1,SUPPORT__RIDGE,100_299,1_9,pa,0,,5,0,6,0,6,0,0,0,1,0,NO_DATA
1,SUPPORT__RIDGE,100_299,1_9,als_mae,5,0.7220130811328251,5,5,6,6,6,6,0,0,1,1,DESCRIPTIVE_SMALL_N
1,SUPPORT__RIDGE,100_299,1_9,als_order,1,0.0,5,1,6,2,6,2,0,0,1,1,DESCRIPTIVE_SMALL_N
1,SUPPORT__RIDGE,100_299,10_49,mse,6,0.48366109146286457,6,6,6,6,6,6,0,0,0,0,DESCRIPTIVE_SMALL_N
1,SUPPORT__RIDGE,100_299,10_49,pa,0,,6,0,6,0,6,0,0,0,0,0,NO_DATA
1,SUPPORT__RIDGE,100_299,10_49,als_mae,6,0.7316683610491058,6,6,6,6,6,6,0,0,0,0,DESCRIPTIVE_SMALL_N
1,SUPPORT__RIDGE,100_299,10_49,als_order,0,,6,0,6,0,6,0,0,0,0,0,NO_DATA
1,SUPPORT__RIDGE,100_299,50_PLUS,mse,24,0.7376727297774218,24,24,73,73,64,64,266,266,342,342,DESCRIPTIVE_SMALL_N
1,SUPPORT__RIDGE,100_299,50_PLUS,pa,10,0.5118905472636816,24,10,73,57,64,51,266,266,342,340,DESCRIPTIVE_SMALL_N
1,SUPPORT__RIDGE,100_299,50_PLUS,als_mae,24,0.6721424308137811,24,24,73,73,64,64,266,266,342,342,DESCRIPTIVE_SMALL_N
1,SUPPORT__RIDGE,100_299,50_PLUS,als_order,12,0.6884818254787296,24,12,73,61,64,55,266,266,342,342,DESCRIPTIVE_SMALL_N
1,SUPPORT__RIDGE,300_PLUS,1_9,mse,25,0.8313495591301843,25,25,55,55,49,49,125,125,153,153,DESCRIPTIVE_SMALL_N
1,SUPPORT__RIDGE,300_PLUS,1_9,pa,8,0.5084077380952381,25,8,55,38,49,37,125,125,153,153,DESCRIPTIVE_SMALL_N
1,SUPPORT__RIDGE,300_PLUS,1_9,als_mae,25,1.2417565880184211,25,25,55,55,49,49,125,125,153,153,DESCRIPTIVE_SMALL_N
1,SUPPORT__RIDGE,300_PLUS,1_9,als_order,8,0.67249185999186,25,8,55,38,49,37,125,125,153,153,DESCRIPTIVE_SMALL_N
1,SUPPORT__RIDGE,300_PLUS,10_49,mse,29,0.9880973269225902,29,29,46,46,37,37,23,23,30,30,DESCRIPTIVE_SMALL_N
1,SUPPORT__RIDGE,300_PLUS,10_49,pa,7,0.7142857142857143,29,7,46,22,37,20,23,23,30,28,DESCRIPTIVE_SMALL_N
1,SUPPORT__RIDGE,300_PLUS,10_49,als_mae,29,0.931475764284389,29,29,46,46,37,37,23,23,30,30,DESCRIPTIVE_SMALL_N
1,SUPPORT__RIDGE,300_PLUS,10_49,als_order,9,0.5962962962962963,29,9,46,26,37,24,23,23,30,30,DESCRIPTIVE_SMALL_N
1,SUPPORT__RIDGE,300_PLUS,50_PLUS,mse,65,0.8456987099681896,65,65,216,216,159,159,442,442,599,599,DESCRIPTIVE
1,SUPPORT__RIDGE,300_PLUS,50_PLUS,pa,33,0.5767736486469294,65,33,216,174,159,140,442,442,599,585,DESCRIPTIVE
1,SUPPORT__RIDGE,300_PLUS,50_PLUS,als_mae,65,0.8619716348765383,65,65,216,216,159,159,442,442,599,599,DESCRIPTIVE
1,SUPPORT__RIDGE,300_PLUS,50_PLUS,als_order,40,0.5822718253968254,65,40,216,191,159,150,442,442,599,599,DESCRIPTIVE
1,SUPPORT__GBT,0,1_9,mse,0,,0,0,0,0,0,0,0,0,0,0,NO_DATA
1,SUPPORT__GBT,0,1_9,pa,0,,0,0,0,0,0,0,0,0,0,0,NO_DATA
1,SUPPORT__GBT,0,1_9,als_mae,0,,0,0,0,0,0,0,0,0,0,0,NO_DATA
1,SUPPORT__GBT,0,1_9,als_order,0,,0,0,0,0,0,0,0,0,0,0,NO_DATA
1,SUPPORT__GBT,0,10_49,mse,0,,0,0,0,0,0,0,0,0,0,0,NO_DATA
1,SUPPORT__GBT,0,10_49,pa,0,,0,0,0,0,0,0,0,0,0,0,NO_DATA
1,SUPPORT__GBT,0,10_49,als_mae,0,,0,0,0,0,0,0,0,0,0,0,NO_DATA
1,SUPPORT__GBT,0,10_49,als_order,0,,0,0,0,0,0,0,0,0,0,0,NO_DATA
1,SUPPORT__GBT,0,50_PLUS,mse,0,,0,0,0,0,0,0,0,0,0,0,NO_DATA
1,SUPPORT__GBT,0,50_PLUS,pa,0,,0,0,0,0,0,0,0,0,0,0,NO_DATA
1,SUPPORT__GBT,0,50_PLUS,als_mae,0,,0,0,0,0,0,0,0,0,0,0,NO_DATA
1,SUPPORT__GBT,0,50_PLUS,als_order,0,,0,0,0,0,0,0,0,0,0,0,NO_DATA
1,SUPPORT__GBT,1_9,1_9,mse,0,,0,0,0,0,0,0,0,0,0,0,NO_DATA
1,SUPPORT__GBT,1_9,1_9,pa,0,,0,0,0,0,0,0,0,0,0,0,NO_DATA
1,SUPPORT__GBT,1_9,1_9,als_mae,0,,0,0,0,0,0,0,0,0,0,0,NO_DATA
1,SUPPORT__GBT,1_9,1_9,als_order,0,,0,0,0,0,0,0,0,0,0,0,NO_DATA
1,SUPPORT__GBT,1_9,10_49,mse,0,,0,0,0,0,0,0,0,0,0,0,NO_DATA
1,SUPPORT__GBT,1_9,10_49,pa,0,,0,0,0,0,0,0,0,0,0,0,NO_DATA
1,SUPPORT__GBT,1_9,10_49,als_mae,0,,0,0,0,0,0,0,0,0,0,0,NO_DATA
1,SUPPORT__GBT,1_9,10_49,als_order,0,,0,0,0,0,0,0,0,0,0,0,NO_DATA
1,SUPPORT__GBT,1_9,50_PLUS,mse,1,0.7277347003140425,1,1,21,21,21,21,140,140,210,210,DESCRIPTIVE_SMALL_N
1,SUPPORT__GBT,1_9,50_PLUS,pa,1,0.6928571428571428,1,1,21,21,21,21,140,140,210,210,DESCRIPTIVE_SMALL_N
1,SUPPORT__GBT,1_9,50_PLUS,als_mae,1,0.4592481681632686,1,1,21,21,21,21,140,140,210,210,DESCRIPTIVE_SMALL_N
1,SUPPORT__GBT,1_9,50_PLUS,als_order,1,0.7571428571428571,1,1,21,21,21,21,140,140,210,210,DESCRIPTIVE_SMALL_N
1,SUPPORT__GBT,10_29,1_9,mse,0,,0,0,0,0,0,0,0,0,0,0,NO_DATA
1,SUPPORT__GBT,10_29,1_9,pa,0,,0,0,0,0,0,0,0,0,0,0,NO_DATA
1,SUPPORT__GBT,10_29,1_9,als_mae,0,,0,0,0,0,0,0,0,0,0,0,NO_DATA
1,SUPPORT__GBT,10_29,1_9,als_order,0,,0,0,0,0,0,0,0,0,0,0,NO_DATA
1,SUPPORT__GBT,10_29,10_49,mse,0,,0,0,0,0,0,0,0,0,0,0,NO_DATA
1,SUPPORT__GBT,10_29,10_49,pa,0,,0,0,0,0,0,0,0,0,0,0,NO_DATA
1,SUPPORT__GBT,10_29,10_49,als_mae,0,,0,0,0,0,0,0,0,0,0,0,NO_DATA
1,SUPPORT__GBT,10_29,10_49,als_order,0,,0,0,0,0,0,0,0,0,0,0,NO_DATA
1,SUPPORT__GBT,10_29,50_PLUS,mse,2,0.7159387083801483,2,2,4,4,3,3,3,3,3,3,DESCRIPTIVE_SMALL_N
1,SUPPORT__GBT,10_29,50_PLUS,pa,1,0.6666666666666666,2,1,4,3,3,3,3,3,3,3,DESCRIPTIVE_SMALL_N
1,SUPPORT__GBT,10_29,50_PLUS,als_mae,2,0.33951731474796376,2,2,4,4,3,3,3,3,3,3,DESCRIPTIVE_SMALL_N
1,SUPPORT__GBT,10_29,50_PLUS,als_order,1,0.3333333333333333,2,1,4,3,3,3,3,3,3,3,DESCRIPTIVE_SMALL_N
1,SUPPORT__GBT,30_99,1_9,mse,0,,0,0,0,0,0,0,0,0,0,0,NO_DATA
1,SUPPORT__GBT,30_99,1_9,pa,0,,0,0,0,0,0,0,0,0,0,0,NO_DATA
1,SUPPORT__GBT,30_99,1_9,als_mae,0,,0,0,0,0,0,0,0,0,0,0,NO_DATA
1,SUPPORT__GBT,30_99,1_9,als_order,0,,0,0,0,0,0,0,0,0,0,0,NO_DATA
1,SUPPORT__GBT,30_99,10_49,mse,0,,0,0,0,0,0,0,0,0,0,0,NO_DATA
1,SUPPORT__GBT,30_99,10_49,pa,0,,0,0,0,0,0,0,0,0,0,0,NO_DATA
1,SUPPORT__GBT,30_99,10_49,als_mae,0,,0,0,0,0,0,0,0,0,0,0,NO_DATA
1,SUPPORT__GBT,30_99,10_49,als_order,0,,0,0,0,0,0,0,0,0,0,0,NO_DATA
1,SUPPORT__GBT,30_99,50_PLUS,mse,18,1.0830327546567904,18,18,55,55,45,45,122,122,150,150,DESCRIPTIVE_SMALL_N
1,SUPPORT__GBT,30_99,50_PLUS,pa,10,0.5565293865293865,18,10,55,47,45,42,122,122,150,150,DESCRIPTIVE_SMALL_N
1,SUPPORT__GBT,30_99,50_PLUS,als_mae,18,0.7056149061869404,18,18,55,55,45,45,122,122,150,150,DESCRIPTIVE_SMALL_N
1,SUPPORT__GBT,30_99,50_PLUS,als_order,10,0.5608791208791208,18,10,55,47,45,42,122,122,150,150,DESCRIPTIVE_SMALL_N
1,SUPPORT__GBT,100_299,1_9,mse,5,0.9892580000455931,5,5,6,6,6,6,0,0,1,1,DESCRIPTIVE_SMALL_N
1,SUPPORT__GBT,100_299,1_9,pa,0,,5,0,6,0,6,0,0,0,1,0,NO_DATA
1,SUPPORT__GBT,100_299,1_9,als_mae,5,0.7130218030408497,5,5,6,6,6,6,0,0,1,1,DESCRIPTIVE_SMALL_N
1,SUPPORT__GBT,100_299,1_9,als_order,1,1.0,5,1,6,2,6,2,0,0,1,1,DESCRIPTIVE_SMALL_N
1,SUPPORT__GBT,100_299,10_49,mse,6,0.5087720006884994,6,6,6,6,6,6,0,0,0,0,DESCRIPTIVE_SMALL_N
1,SUPPORT__GBT,100_299,10_49,pa,0,,6,0,6,0,6,0,0,0,0,0,NO_DATA
1,SUPPORT__GBT,100_299,10_49,als_mae,6,0.7424341258092646,6,6,6,6,6,6,0,0,0,0,DESCRIPTIVE_SMALL_N
1,SUPPORT__GBT,100_299,10_49,als_order,0,,6,0,6,0,6,0,0,0,0,0,NO_DATA
1,SUPPORT__GBT,100_299,50_PLUS,mse,24,0.7414501577368059,24,24,73,73,64,64,266,266,342,342,DESCRIPTIVE_SMALL_N
1,SUPPORT__GBT,100_299,50_PLUS,pa,10,0.7015796019900498,24,10,73,57,64,51,266,266,342,340,DESCRIPTIVE_SMALL_N
1,SUPPORT__GBT,100_299,50_PLUS,als_mae,24,0.6704635925702226,24,24,73,73,64,64,266,266,342,342,DESCRIPTIVE_SMALL_N
1,SUPPORT__GBT,100_299,50_PLUS,als_order,12,0.7168902648778809,24,12,73,61,64,55,266,266,342,342,DESCRIPTIVE_SMALL_N
1,SUPPORT__GBT,300_PLUS,1_9,mse,25,0.7231957031730033,25,25,55,55,49,49,125,125,153,153,DESCRIPTIVE_SMALL_N
1,SUPPORT__GBT,300_PLUS,1_9,pa,8,0.5196428571428571,25,8,55,38,49,37,125,125,153,153,DESCRIPTIVE_SMALL_N
1,SUPPORT__GBT,300_PLUS,1_9,als_mae,25,1.3289649687063851,25,25,55,55,49,49,125,125,153,153,DESCRIPTIVE_SMALL_N
1,SUPPORT__GBT,300_PLUS,1_9,als_order,8,0.6771214896214897,25,8,55,38,49,37,125,125,153,153,DESCRIPTIVE_SMALL_N
1,SUPPORT__GBT,300_PLUS,10_49,mse,29,0.8700629792808374,29,29,46,46,37,37,23,23,30,30,DESCRIPTIVE_SMALL_N
1,SUPPORT__GBT,300_PLUS,10_49,pa,7,0.7214285714285715,29,7,46,22,37,20,23,23,30,28,DESCRIPTIVE_SMALL_N
1,SUPPORT__GBT,300_PLUS,10_49,als_mae,29,0.9356955471866021,29,29,46,46,37,37,23,23,30,30,DESCRIPTIVE_SMALL_N
1,SUPPORT__GBT,300_PLUS,10_49,als_order,9,0.5148148148148148,29,9,46,26,37,24,23,23,30,30,DESCRIPTIVE_SMALL_N
1,SUPPORT__GBT,300_PLUS,50_PLUS,mse,65,0.892910427766,65,65,216,216,159,159,442,442,599,599,DESCRIPTIVE
1,SUPPORT__GBT,300_PLUS,50_PLUS,pa,33,0.5992756927242532,65,33,216,174,159,140,442,442,599,585,DESCRIPTIVE
1,SUPPORT__GBT,300_PLUS,50_PLUS,als_mae,65,0.8900477447088945,65,65,216,216,159,159,442,442,599,599,DESCRIPTIVE
1,SUPPORT__GBT,300_PLUS,50_PLUS,als_order,40,0.5657765151515152,65,40,216,191,159,150,442,442,599,599,DESCRIPTIVE
1,SUPPORT__FM,0,1_9,mse,0,,0,0,0,0,0,0,0,0,0,0,NO_DATA
1,SUPPORT__FM,0,1_9,pa,0,,0,0,0,0,0,0,0,0,0,0,NO_DATA
1,SUPPORT__FM,0,1_9,als_mae,0,,0,0,0,0,0,0,0,0,0,0,NO_DATA
1,SUPPORT__FM,0,1_9,als_order,0,,0,0,0,0,0,0,0,0,0,0,NO_DATA
1,SUPPORT__FM,0,10_49,mse,0,,0,0,0,0,0,0,0,0,0,0,NO_DATA
1,SUPPORT__FM,0,10_49,pa,0,,0,0,0,0,0,0,0,0,0,0,NO_DATA
1,SUPPORT__FM,0,10_49,als_mae,0,,0,0,0,0,0,0,0,0,0,0,NO_DATA
1,SUPPORT__FM,0,10_49,als_order,0,,0,0,0,0,0,0,0,0,0,0,NO_DATA
1,SUPPORT__FM,0,50_PLUS,mse,0,,0,0,0,0,0,0,0,0,0,0,NO_DATA
1,SUPPORT__FM,0,50_PLUS,pa,0,,0,0,0,0,0,0,0,0,0,0,NO_DATA
1,SUPPORT__FM,0,50_PLUS,als_mae,0,,0,0,0,0,0,0,0,0,0,0,NO_DATA
1,SUPPORT__FM,0,50_PLUS,als_order,0,,0,0,0,0,0,0,0,0,0,0,NO_DATA
1,SUPPORT__FM,1_9,1_9,mse,0,,0,0,0,0,0,0,0,0,0,0,NO_DATA
1,SUPPORT__FM,1_9,1_9,pa,0,,0,0,0,0,0,0,0,0,0,0,NO_DATA
1,SUPPORT__FM,1_9,1_9,als_mae,0,,0,0,0,0,0,0,0,0,0,0,NO_DATA
1,SUPPORT__FM,1_9,1_9,als_order,0,,0,0,0,0,0,0,0,0,0,0,NO_DATA
1,SUPPORT__FM,1_9,10_49,mse,0,,0,0,0,0,0,0,0,0,0,0,NO_DATA
1,SUPPORT__FM,1_9,10_49,pa,0,,0,0,0,0,0,0,0,0,0,0,NO_DATA
1,SUPPORT__FM,1_9,10_49,als_mae,0,,0,0,0,0,0,0,0,0,0,0,NO_DATA
1,SUPPORT__FM,1_9,10_49,als_order,0,,0,0,0,0,0,0,0,0,0,0,NO_DATA
1,SUPPORT__FM,1_9,50_PLUS,mse,1,0.744846002113889,1,1,21,21,21,21,140,140,210,210,DESCRIPTIVE_SMALL_N
1,SUPPORT__FM,1_9,50_PLUS,pa,1,0.6142857142857143,1,1,21,21,21,21,140,140,210,210,DESCRIPTIVE_SMALL_N
1,SUPPORT__FM,1_9,50_PLUS,als_mae,1,0.511066774752403,1,1,21,21,21,21,140,140,210,210,DESCRIPTIVE_SMALL_N
1,SUPPORT__FM,1_9,50_PLUS,als_order,1,0.6952380952380952,1,1,21,21,21,21,140,140,210,210,DESCRIPTIVE_SMALL_N
1,SUPPORT__FM,10_29,1_9,mse,0,,0,0,0,0,0,0,0,0,0,0,NO_DATA
1,SUPPORT__FM,10_29,1_9,pa,0,,0,0,0,0,0,0,0,0,0,0,NO_DATA
1,SUPPORT__FM,10_29,1_9,als_mae,0,,0,0,0,0,0,0,0,0,0,0,NO_DATA
1,SUPPORT__FM,10_29,1_9,als_order,0,,0,0,0,0,0,0,0,0,0,0,NO_DATA
1,SUPPORT__FM,10_29,10_49,mse,0,,0,0,0,0,0,0,0,0,0,0,NO_DATA
1,SUPPORT__FM,10_29,10_49,pa,0,,0,0,0,0,0,0,0,0,0,0,NO_DATA
1,SUPPORT__FM,10_29,10_49,als_mae,0,,0,0,0,0,0,0,0,0,0,0,NO_DATA
1,SUPPORT__FM,10_29,10_49,als_order,0,,0,0,0,0,0,0,0,0,0,0,NO_DATA
1,SUPPORT__FM,10_29,50_PLUS,mse,2,0.5859580291330304,2,2,4,4,3,3,3,3,3,3,DESCRIPTIVE_SMALL_N
1,SUPPORT__FM,10_29,50_PLUS,pa,1,0.6666666666666666,2,1,4,3,3,3,3,3,3,3,DESCRIPTIVE_SMALL_N
1,SUPPORT__FM,10_29,50_PLUS,als_mae,2,0.4366550113550447,2,2,4,4,3,3,3,3,3,3,DESCRIPTIVE_SMALL_N
1,SUPPORT__FM,10_29,50_PLUS,als_order,1,0.3333333333333333,2,1,4,3,3,3,3,3,3,3,DESCRIPTIVE_SMALL_N
1,SUPPORT__FM,30_99,1_9,mse,0,,0,0,0,0,0,0,0,0,0,0,NO_DATA
1,SUPPORT__FM,30_99,1_9,pa,0,,0,0,0,0,0,0,0,0,0,0,NO_DATA
1,SUPPORT__FM,30_99,1_9,als_mae,0,,0,0,0,0,0,0,0,0,0,0,NO_DATA
1,SUPPORT__FM,30_99,1_9,als_order,0,,0,0,0,0,0,0,0,0,0,0,NO_DATA
1,SUPPORT__FM,30_99,10_49,mse,0,,0,0,0,0,0,0,0,0,0,0,NO_DATA
1,SUPPORT__FM,30_99,10_49,pa,0,,0,0,0,0,0,0,0,0,0,0,NO_DATA
1,SUPPORT__FM,30_99,10_49,als_mae,0,,0,0,0,0,0,0,0,0,0,0,NO_DATA
1,SUPPORT__FM,30_99,10_49,als_order,0,,0,0,0,0,0,0,0,0,0,0,NO_DATA
1,SUPPORT__FM,30_99,50_PLUS,mse,18,0.941242954637482,18,18,55,55,45,45,122,122,150,150,DESCRIPTIVE_SMALL_N
1,SUPPORT__FM,30_99,50_PLUS,pa,10,0.7611411411411411,18,10,55,47,45,42,122,122,150,150,DESCRIPTIVE_SMALL_N
1,SUPPORT__FM,30_99,50_PLUS,als_mae,18,0.7176992560841994,18,18,55,55,45,45,122,122,150,150,DESCRIPTIVE_SMALL_N
1,SUPPORT__FM,30_99,50_PLUS,als_order,10,0.5728754578754578,18,10,55,47,45,42,122,122,150,150,DESCRIPTIVE_SMALL_N
1,SUPPORT__FM,100_299,1_9,mse,5,0.9986815827629961,5,5,6,6,6,6,0,0,1,1,DESCRIPTIVE_SMALL_N
1,SUPPORT__FM,100_299,1_9,pa,0,,5,0,6,0,6,0,0,0,1,0,NO_DATA
1,SUPPORT__FM,100_299,1_9,als_mae,5,0.8219785502520777,5,5,6,6,6,6,0,0,1,1,DESCRIPTIVE_SMALL_N
1,SUPPORT__FM,100_299,1_9,als_order,1,0.0,5,1,6,2,6,2,0,0,1,1,DESCRIPTIVE_SMALL_N
1,SUPPORT__FM,100_299,10_49,mse,6,0.4863223618869436,6,6,6,6,6,6,0,0,0,0,DESCRIPTIVE_SMALL_N
1,SUPPORT__FM,100_299,10_49,pa,0,,6,0,6,0,6,0,0,0,0,0,NO_DATA
1,SUPPORT__FM,100_299,10_49,als_mae,6,0.8680000201452779,6,6,6,6,6,6,0,0,0,0,DESCRIPTIVE_SMALL_N
1,SUPPORT__FM,100_299,10_49,als_order,0,,6,0,6,0,6,0,0,0,0,0,NO_DATA
1,SUPPORT__FM,100_299,50_PLUS,mse,24,0.6493109523489694,24,24,73,73,64,64,266,266,342,342,DESCRIPTIVE_SMALL_N
1,SUPPORT__FM,100_299,50_PLUS,pa,10,0.5121517412935324,24,10,73,57,64,51,266,266,342,340,DESCRIPTIVE_SMALL_N
1,SUPPORT__FM,100_299,50_PLUS,als_mae,24,0.6661543497654803,24,24,73,73,64,64,266,266,342,342,DESCRIPTIVE_SMALL_N
1,SUPPORT__FM,100_299,50_PLUS,als_order,12,0.5479016167870657,24,12,73,61,64,55,266,266,342,342,DESCRIPTIVE_SMALL_N
1,SUPPORT__FM,300_PLUS,1_9,mse,25,0.9603713498020002,25,25,55,55,49,49,125,125,153,153,DESCRIPTIVE_SMALL_N
1,SUPPORT__FM,300_PLUS,1_9,pa,8,0.2925595238095238,25,8,55,38,49,37,125,125,153,153,DESCRIPTIVE_SMALL_N
1,SUPPORT__FM,300_PLUS,1_9,als_mae,25,1.2300158229047464,25,25,55,55,49,49,125,125,153,153,DESCRIPTIVE_SMALL_N
1,SUPPORT__FM,300_PLUS,1_9,als_order,8,0.5710724460724461,25,8,55,38,49,37,125,125,153,153,DESCRIPTIVE_SMALL_N
1,SUPPORT__FM,300_PLUS,10_49,mse,29,1.01529022586812,29,29,46,46,37,37,23,23,30,30,DESCRIPTIVE_SMALL_N
1,SUPPORT__FM,300_PLUS,10_49,pa,7,0.5428571428571428,29,7,46,22,37,20,23,23,30,28,DESCRIPTIVE_SMALL_N
1,SUPPORT__FM,300_PLUS,10_49,als_mae,29,0.9549450708408032,29,29,46,46,37,37,23,23,30,30,DESCRIPTIVE_SMALL_N
1,SUPPORT__FM,300_PLUS,10_49,als_order,9,0.4740740740740741,29,9,46,26,37,24,23,23,30,30,DESCRIPTIVE_SMALL_N
1,SUPPORT__FM,300_PLUS,50_PLUS,mse,65,0.805086156458221,65,65,216,216,159,159,442,442,599,599,DESCRIPTIVE
1,SUPPORT__FM,300_PLUS,50_PLUS,pa,33,0.5792351631293499,65,33,216,174,159,140,442,442,599,585,DESCRIPTIVE
1,SUPPORT__FM,300_PLUS,50_PLUS,als_mae,65,0.848753549548367,65,65,216,216,159,159,442,442,599,599,DESCRIPTIVE
1,SUPPORT__FM,300_PLUS,50_PLUS,als_order,40,0.5728968253968254,65,40,216,191,159,150,442,442,599,599,DESCRIPTIVE
1,CROWD_ITEM__RIDGE,0,1_9,mse,0,,0,0,0,0,0,0,0,0,0,0,NO_DATA
1,CROWD_ITEM__RIDGE,0,1_9,pa,0,,0,0,0,0,0,0,0,0,0,0,NO_DATA
1,CROWD_ITEM__RIDGE,0,1_9,als_mae,0,,0,0,0,0,0,0,0,0,0,0,NO_DATA
1,CROWD_ITEM__RIDGE,0,1_9,als_order,0,,0,0,0,0,0,0,0,0,0,0,NO_DATA
1,CROWD_ITEM__RIDGE,0,10_49,mse,0,,0,0,0,0,0,0,0,0,0,0,NO_DATA
1,CROWD_ITEM__RIDGE,0,10_49,pa,0,,0,0,0,0,0,0,0,0,0,0,NO_DATA
1,CROWD_ITEM__RIDGE,0,10_49,als_mae,0,,0,0,0,0,0,0,0,0,0,0,NO_DATA
1,CROWD_ITEM__RIDGE,0,10_49,als_order,0,,0,0,0,0,0,0,0,0,0,0,NO_DATA
1,CROWD_ITEM__RIDGE,0,50_PLUS,mse,0,,0,0,0,0,0,0,0,0,0,0,NO_DATA
1,CROWD_ITEM__RIDGE,0,50_PLUS,pa,0,,0,0,0,0,0,0,0,0,0,0,NO_DATA
1,CROWD_ITEM__RIDGE,0,50_PLUS,als_mae,0,,0,0,0,0,0,0,0,0,0,0,NO_DATA
1,CROWD_ITEM__RIDGE,0,50_PLUS,als_order,0,,0,0,0,0,0,0,0,0,0,0,NO_DATA
1,CROWD_ITEM__RIDGE,1_9,1_9,mse,0,,0,0,0,0,0,0,0,0,0,0,NO_DATA
1,CROWD_ITEM__RIDGE,1_9,1_9,pa,0,,0,0,0,0,0,0,0,0,0,0,NO_DATA
1,CROWD_ITEM__RIDGE,1_9,1_9,als_mae,0,,0,0,0,0,0,0,0,0,0,0,NO_DATA
1,CROWD_ITEM__RIDGE,1_9,1_9,als_order,0,,0,0,0,0,0,0,0,0,0,0,NO_DATA
1,CROWD_ITEM__RIDGE,1_9,10_49,mse,0,,0,0,0,0,0,0,0,0,0,0,NO_DATA
1,CROWD_ITEM__RIDGE,1_9,10_49,pa,0,,0,0,0,0,0,0,0,0,0,0,NO_DATA
1,CROWD_ITEM__RIDGE,1_9,10_49,als_mae,0,,0,0,0,0,0,0,0,0,0,0,NO_DATA
1,CROWD_ITEM__RIDGE,1_9,10_49,als_order,0,,0,0,0,0,0,0,0,0,0,0,NO_DATA
1,CROWD_ITEM__RIDGE,1_9,50_PLUS,mse,1,0.8315635933287627,1,1,21,21,21,21,140,140,210,210,DESCRIPTIVE_SMALL_N
1,CROWD_ITEM__RIDGE,1_9,50_PLUS,pa,1,0.6071428571428571,1,1,21,21,21,21,140,140,210,210,DESCRIPTIVE_SMALL_N
1,CROWD_ITEM__RIDGE,1_9,50_PLUS,als_mae,1,0.42579981382694226,1,1,21,21,21,21,140,140,210,210,DESCRIPTIVE_SMALL_N
1,CROWD_ITEM__RIDGE,1_9,50_PLUS,als_order,1,0.7857142857142857,1,1,21,21,21,21,140,140,210,210,DESCRIPTIVE_SMALL_N
1,CROWD_ITEM__RIDGE,10_29,1_9,mse,0,,0,0,0,0,0,0,0,0,0,0,NO_DATA
1,CROWD_ITEM__RIDGE,10_29,1_9,pa,0,,0,0,0,0,0,0,0,0,0,0,NO_DATA
1,CROWD_ITEM__RIDGE,10_29,1_9,als_mae,0,,0,0,0,0,0,0,0,0,0,0,NO_DATA
1,CROWD_ITEM__RIDGE,10_29,1_9,als_order,0,,0,0,0,0,0,0,0,0,0,0,NO_DATA
1,CROWD_ITEM__RIDGE,10_29,10_49,mse,0,,0,0,0,0,0,0,0,0,0,0,NO_DATA
1,CROWD_ITEM__RIDGE,10_29,10_49,pa,0,,0,0,0,0,0,0,0,0,0,0,NO_DATA
1,CROWD_ITEM__RIDGE,10_29,10_49,als_mae,0,,0,0,0,0,0,0,0,0,0,0,NO_DATA
1,CROWD_ITEM__RIDGE,10_29,10_49,als_order,0,,0,0,0,0,0,0,0,0,0,0,NO_DATA
1,CROWD_ITEM__RIDGE,10_29,50_PLUS,mse,2,0.35210686385764006,2,2,4,4,3,3,3,3,3,3,DESCRIPTIVE_SMALL_N
1,CROWD_ITEM__RIDGE,10_29,50_PLUS,pa,1,1.0,2,1,4,3,3,3,3,3,3,3,DESCRIPTIVE_SMALL_N
1,CROWD_ITEM__RIDGE,10_29,50_PLUS,als_mae,2,0.6718609129780663,2,2,4,4,3,3,3,3,3,3,DESCRIPTIVE_SMALL_N
1,CROWD_ITEM__RIDGE,10_29,50_PLUS,als_order,1,0.0,2,1,4,3,3,3,3,3,3,3,DESCRIPTIVE_SMALL_N
1,CROWD_ITEM__RIDGE,30_99,1_9,mse,0,,0,0,0,0,0,0,0,0,0,0,NO_DATA
1,CROWD_ITEM__RIDGE,30_99,1_9,pa,0,,0,0,0,0,0,0,0,0,0,0,NO_DATA
1,CROWD_ITEM__RIDGE,30_99,1_9,als_mae,0,,0,0,0,0,0,0,0,0,0,0,NO_DATA
1,CROWD_ITEM__RIDGE,30_99,1_9,als_order,0,,0,0,0,0,0,0,0,0,0,0,NO_DATA
1,CROWD_ITEM__RIDGE,30_99,10_49,mse,0,,0,0,0,0,0,0,0,0,0,0,NO_DATA
1,CROWD_ITEM__RIDGE,30_99,10_49,pa,0,,0,0,0,0,0,0,0,0,0,0,NO_DATA
1,CROWD_ITEM__RIDGE,30_99,10_49,als_mae,0,,0,0,0,0,0,0,0,0,0,0,NO_DATA
1,CROWD_ITEM__RIDGE,30_99,10_49,als_order,0,,0,0,0,0,0,0,0,0,0,0,NO_DATA
1,CROWD_ITEM__RIDGE,30_99,50_PLUS,mse,18,1.013577154565069,18,18,55,55,45,45,122,122,150,150,DESCRIPTIVE_SMALL_N
1,CROWD_ITEM__RIDGE,30_99,50_PLUS,pa,10,0.6357443157443158,18,10,55,47,45,42,122,122,150,150,DESCRIPTIVE_SMALL_N
1,CROWD_ITEM__RIDGE,30_99,50_PLUS,als_mae,18,0.7513671821091624,18,18,55,55,45,45,122,122,150,150,DESCRIPTIVE_SMALL_N
1,CROWD_ITEM__RIDGE,30_99,50_PLUS,als_order,10,0.7256959706959707,18,10,55,47,45,42,122,122,150,150,DESCRIPTIVE_SMALL_N
1,CROWD_ITEM__RIDGE,100_299,1_9,mse,5,1.1265828080653335,5,5,6,6,6,6,0,0,1,1,DESCRIPTIVE_SMALL_N
1,CROWD_ITEM__RIDGE,100_299,1_9,pa,0,,5,0,6,0,6,0,0,0,1,0,NO_DATA
1,CROWD_ITEM__RIDGE,100_299,1_9,als_mae,5,0.6514106942650854,5,5,6,6,6,6,0,0,1,1,DESCRIPTIVE_SMALL_N
1,CROWD_ITEM__RIDGE,100_299,1_9,als_order,1,1.0,5,1,6,2,6,2,0,0,1,1,DESCRIPTIVE_SMALL_N
1,CROWD_ITEM__RIDGE,100_299,10_49,mse,6,0.5878431761012152,6,6,6,6,6,6,0,0,0,0,DESCRIPTIVE_SMALL_N
1,CROWD_ITEM__RIDGE,100_299,10_49,pa,0,,6,0,6,0,6,0,0,0,0,0,NO_DATA
1,CROWD_ITEM__RIDGE,100_299,10_49,als_mae,6,0.6716588203480982,6,6,6,6,6,6,0,0,0,0,DESCRIPTIVE_SMALL_N
1,CROWD_ITEM__RIDGE,100_299,10_49,als_order,0,,6,0,6,0,6,0,0,0,0,0,NO_DATA
1,CROWD_ITEM__RIDGE,100_299,50_PLUS,mse,24,0.6563301159069365,24,24,73,73,64,64,266,266,342,342,DESCRIPTIVE_SMALL_N
1,CROWD_ITEM__RIDGE,100_299,50_PLUS,pa,10,0.4603980099502487,24,10,73,57,64,51,266,266,342,340,DESCRIPTIVE_SMALL_N
1,CROWD_ITEM__RIDGE,100_299,50_PLUS,als_mae,24,0.682948212654288,24,24,73,73,64,64,266,266,342,342,DESCRIPTIVE_SMALL_N
1,CROWD_ITEM__RIDGE,100_299,50_PLUS,als_order,12,0.8234720788900355,24,12,73,61,64,55,266,266,342,342,DESCRIPTIVE_SMALL_N
1,CROWD_ITEM__RIDGE,300_PLUS,1_9,mse,25,0.7240041794899474,25,25,55,55,49,49,125,125,153,153,DESCRIPTIVE_SMALL_N
1,CROWD_ITEM__RIDGE,300_PLUS,1_9,pa,8,0.8058035714285714,25,8,55,38,49,37,125,125,153,153,DESCRIPTIVE_SMALL_N
1,CROWD_ITEM__RIDGE,300_PLUS,1_9,als_mae,25,1.1438618391772257,25,25,55,55,49,49,125,125,153,153,DESCRIPTIVE_SMALL_N
1,CROWD_ITEM__RIDGE,300_PLUS,1_9,als_order,8,0.6256105006105006,25,8,55,38,49,37,125,125,153,153,DESCRIPTIVE_SMALL_N
1,CROWD_ITEM__RIDGE,300_PLUS,10_49,mse,29,0.9996743162507933,29,29,46,46,37,37,23,23,30,30,DESCRIPTIVE_SMALL_N
1,CROWD_ITEM__RIDGE,300_PLUS,10_49,pa,7,0.6857142857142858,29,7,46,22,37,20,23,23,30,28,DESCRIPTIVE_SMALL_N
1,CROWD_ITEM__RIDGE,300_PLUS,10_49,als_mae,29,0.8773839585531785,29,29,46,46,37,37,23,23,30,30,DESCRIPTIVE_SMALL_N
1,CROWD_ITEM__RIDGE,300_PLUS,10_49,als_order,9,0.4666666666666667,29,9,46,26,37,24,23,23,30,30,DESCRIPTIVE_SMALL_N
1,CROWD_ITEM__RIDGE,300_PLUS,50_PLUS,mse,65,0.8188406728439952,65,65,216,216,159,159,442,442,599,599,DESCRIPTIVE
1,CROWD_ITEM__RIDGE,300_PLUS,50_PLUS,pa,33,0.6047750607075749,65,33,216,174,159,140,442,442,599,585,DESCRIPTIVE
1,CROWD_ITEM__RIDGE,300_PLUS,50_PLUS,als_mae,65,0.8754548661496545,65,65,216,216,159,159,442,442,599,599,DESCRIPTIVE
1,CROWD_ITEM__RIDGE,300_PLUS,50_PLUS,als_order,40,0.6673818542568541,65,40,216,191,159,150,442,442,599,599,DESCRIPTIVE
1,CROWD_ITEM__GBT,0,1_9,mse,0,,0,0,0,0,0,0,0,0,0,0,NO_DATA
1,CROWD_ITEM__GBT,0,1_9,pa,0,,0,0,0,0,0,0,0,0,0,0,NO_DATA
1,CROWD_ITEM__GBT,0,1_9,als_mae,0,,0,0,0,0,0,0,0,0,0,0,NO_DATA
1,CROWD_ITEM__GBT,0,1_9,als_order,0,,0,0,0,0,0,0,0,0,0,0,NO_DATA
1,CROWD_ITEM__GBT,0,10_49,mse,0,,0,0,0,0,0,0,0,0,0,0,NO_DATA
1,CROWD_ITEM__GBT,0,10_49,pa,0,,0,0,0,0,0,0,0,0,0,0,NO_DATA
1,CROWD_ITEM__GBT,0,10_49,als_mae,0,,0,0,0,0,0,0,0,0,0,0,NO_DATA
1,CROWD_ITEM__GBT,0,10_49,als_order,0,,0,0,0,0,0,0,0,0,0,0,NO_DATA
1,CROWD_ITEM__GBT,0,50_PLUS,mse,0,,0,0,0,0,0,0,0,0,0,0,NO_DATA
1,CROWD_ITEM__GBT,0,50_PLUS,pa,0,,0,0,0,0,0,0,0,0,0,0,NO_DATA
1,CROWD_ITEM__GBT,0,50_PLUS,als_mae,0,,0,0,0,0,0,0,0,0,0,0,NO_DATA
1,CROWD_ITEM__GBT,0,50_PLUS,als_order,0,,0,0,0,0,0,0,0,0,0,0,NO_DATA
1,CROWD_ITEM__GBT,1_9,1_9,mse,0,,0,0,0,0,0,0,0,0,0,0,NO_DATA
1,CROWD_ITEM__GBT,1_9,1_9,pa,0,,0,0,0,0,0,0,0,0,0,0,NO_DATA
1,CROWD_ITEM__GBT,1_9,1_9,als_mae,0,,0,0,0,0,0,0,0,0,0,0,NO_DATA
1,CROWD_ITEM__GBT,1_9,1_9,als_order,0,,0,0,0,0,0,0,0,0,0,0,NO_DATA
1,CROWD_ITEM__GBT,1_9,10_49,mse,0,,0,0,0,0,0,0,0,0,0,0,NO_DATA
1,CROWD_ITEM__GBT,1_9,10_49,pa,0,,0,0,0,0,0,0,0,0,0,0,NO_DATA
1,CROWD_ITEM__GBT,1_9,10_49,als_mae,0,,0,0,0,0,0,0,0,0,0,0,NO_DATA
1,CROWD_ITEM__GBT,1_9,10_49,als_order,0,,0,0,0,0,0,0,0,0,0,0,NO_DATA
1,CROWD_ITEM__GBT,1_9,50_PLUS,mse,1,0.7644934478351525,1,1,21,21,21,21,140,140,210,210,DESCRIPTIVE_SMALL_N
1,CROWD_ITEM__GBT,1_9,50_PLUS,pa,1,0.6571428571428571,1,1,21,21,21,21,140,140,210,210,DESCRIPTIVE_SMALL_N
1,CROWD_ITEM__GBT,1_9,50_PLUS,als_mae,1,0.45228235012871293,1,1,21,21,21,21,140,140,210,210,DESCRIPTIVE_SMALL_N
1,CROWD_ITEM__GBT,1_9,50_PLUS,als_order,1,0.8285714285714286,1,1,21,21,21,21,140,140,210,210,DESCRIPTIVE_SMALL_N
1,CROWD_ITEM__GBT,10_29,1_9,mse,0,,0,0,0,0,0,0,0,0,0,0,NO_DATA
1,CROWD_ITEM__GBT,10_29,1_9,pa,0,,0,0,0,0,0,0,0,0,0,0,NO_DATA
1,CROWD_ITEM__GBT,10_29,1_9,als_mae,0,,0,0,0,0,0,0,0,0,0,0,NO_DATA
1,CROWD_ITEM__GBT,10_29,1_9,als_order,0,,0,0,0,0,0,0,0,0,0,0,NO_DATA
1,CROWD_ITEM__GBT,10_29,10_49,mse,0,,0,0,0,0,0,0,0,0,0,0,NO_DATA
1,CROWD_ITEM__GBT,10_29,10_49,pa,0,,0,0,0,0,0,0,0,0,0,0,NO_DATA
1,CROWD_ITEM__GBT,10_29,10_49,als_mae,0,,0,0,0,0,0,0,0,0,0,0,NO_DATA
1,CROWD_ITEM__GBT,10_29,10_49,als_order,0,,0,0,0,0,0,0,0,0,0,0,NO_DATA
1,CROWD_ITEM__GBT,10_29,50_PLUS,mse,2,0.533615971125957,2,2,4,4,3,3,3,3,3,3,DESCRIPTIVE_SMALL_N
1,CROWD_ITEM__GBT,10_29,50_PLUS,pa,1,0.3333333333333333,2,1,4,3,3,3,3,3,3,3,DESCRIPTIVE_SMALL_N
1,CROWD_ITEM__GBT,10_29,50_PLUS,als_mae,2,0.579793906567936,2,2,4,4,3,3,3,3,3,3,DESCRIPTIVE_SMALL_N
1,CROWD_ITEM__GBT,10_29,50_PLUS,als_order,1,0.6666666666666666,2,1,4,3,3,3,3,3,3,3,DESCRIPTIVE_SMALL_N
1,CROWD_ITEM__GBT,30_99,1_9,mse,0,,0,0,0,0,0,0,0,0,0,0,NO_DATA
1,CROWD_ITEM__GBT,30_99,1_9,pa,0,,0,0,0,0,0,0,0,0,0,0,NO_DATA
1,CROWD_ITEM__GBT,30_99,1_9,als_mae,0,,0,0,0,0,0,0,0,0,0,0,NO_DATA
1,CROWD_ITEM__GBT,30_99,1_9,als_order,0,,0,0,0,0,0,0,0,0,0,0,NO_DATA
1,CROWD_ITEM__GBT,30_99,10_49,mse,0,,0,0,0,0,0,0,0,0,0,0,NO_DATA
1,CROWD_ITEM__GBT,30_99,10_49,pa,0,,0,0,0,0,0,0,0,0,0,0,NO_DATA
1,CROWD_ITEM__GBT,30_99,10_49,als_mae,0,,0,0,0,0,0,0,0,0,0,0,NO_DATA
1,CROWD_ITEM__GBT,30_99,10_49,als_order,0,,0,0,0,0,0,0,0,0,0,0,NO_DATA
1,CROWD_ITEM__GBT,30_99,50_PLUS,mse,18,0.9815439499802986,18,18,55,55,45,45,122,122,150,150,DESCRIPTIVE_SMALL_N
1,CROWD_ITEM__GBT,30_99,50_PLUS,pa,10,0.5270055770055769,18,10,55,47,45,42,122,122,150,150,DESCRIPTIVE_SMALL_N
1,CROWD_ITEM__GBT,30_99,50_PLUS,als_mae,18,0.8020210234481053,18,18,55,55,45,45,122,122,150,150,DESCRIPTIVE_SMALL_N
1,CROWD_ITEM__GBT,30_99,50_PLUS,als_order,10,0.6685714285714285,18,10,55,47,45,42,122,122,150,150,DESCRIPTIVE_SMALL_N
1,CROWD_ITEM__GBT,100_299,1_9,mse,5,1.379542979947183,5,5,6,6,6,6,0,0,1,1,DESCRIPTIVE_SMALL_N
1,CROWD_ITEM__GBT,100_299,1_9,pa,0,,5,0,6,0,6,0,0,0,1,0,NO_DATA
1,CROWD_ITEM__GBT,100_299,1_9,als_mae,5,0.5844373379196728,5,5,6,6,6,6,0,0,1,1,DESCRIPTIVE_SMALL_N
1,CROWD_ITEM__GBT,100_299,1_9,als_order,1,1.0,5,1,6,2,6,2,0,0,1,1,DESCRIPTIVE_SMALL_N
1,CROWD_ITEM__GBT,100_299,10_49,mse,6,0.745058196619283,6,6,6,6,6,6,0,0,0,0,DESCRIPTIVE_SMALL_N
1,CROWD_ITEM__GBT,100_299,10_49,pa,0,,6,0,6,0,6,0,0,0,0,0,NO_DATA
1,CROWD_ITEM__GBT,100_299,10_49,als_mae,6,0.755641912577921,6,6,6,6,6,6,0,0,0,0,DESCRIPTIVE_SMALL_N
1,CROWD_ITEM__GBT,100_299,10_49,als_order,0,,6,0,6,0,6,0,0,0,0,0,NO_DATA
1,CROWD_ITEM__GBT,100_299,50_PLUS,mse,24,0.6068852507038677,24,24,73,73,64,64,266,266,342,342,DESCRIPTIVE_SMALL_N
1,CROWD_ITEM__GBT,100_299,50_PLUS,pa,10,0.6118905472636815,24,10,73,57,64,51,266,266,342,340,DESCRIPTIVE_SMALL_N
1,CROWD_ITEM__GBT,100_299,50_PLUS,als_mae,24,0.6702287069828504,24,24,73,73,64,64,266,266,342,342,DESCRIPTIVE_SMALL_N
1,CROWD_ITEM__GBT,100_299,50_PLUS,als_order,12,0.7102969842907924,24,12,73,61,64,55,266,266,342,342,DESCRIPTIVE_SMALL_N
1,CROWD_ITEM__GBT,300_PLUS,1_9,mse,25,0.7196477117456677,25,25,55,55,49,49,125,125,153,153,DESCRIPTIVE_SMALL_N
1,CROWD_ITEM__GBT,300_PLUS,1_9,pa,8,0.6461309523809524,25,8,55,38,49,37,125,125,153,153,DESCRIPTIVE_SMALL_N
1,CROWD_ITEM__GBT,300_PLUS,1_9,als_mae,25,1.2118759800388288,25,25,55,55,49,49,125,125,153,153,DESCRIPTIVE_SMALL_N
1,CROWD_ITEM__GBT,300_PLUS,1_9,als_order,8,0.6347171347171348,25,8,55,38,49,37,125,125,153,153,DESCRIPTIVE_SMALL_N
1,CROWD_ITEM__GBT,300_PLUS,10_49,mse,29,0.8685728459387401,29,29,46,46,37,37,23,23,30,30,DESCRIPTIVE_SMALL_N
1,CROWD_ITEM__GBT,300_PLUS,10_49,pa,7,0.5785714285714285,29,7,46,22,37,20,23,23,30,28,DESCRIPTIVE_SMALL_N
1,CROWD_ITEM__GBT,300_PLUS,10_49,als_mae,29,0.953277283794125,29,29,46,46,37,37,23,23,30,30,DESCRIPTIVE_SMALL_N
1,CROWD_ITEM__GBT,300_PLUS,10_49,als_order,9,0.6814814814814816,29,9,46,26,37,24,23,23,30,30,DESCRIPTIVE_SMALL_N
1,CROWD_ITEM__GBT,300_PLUS,50_PLUS,mse,65,0.8388874530430228,65,65,216,216,159,159,442,442,599,599,DESCRIPTIVE
1,CROWD_ITEM__GBT,300_PLUS,50_PLUS,pa,33,0.722110731027841,65,33,216,174,159,140,442,442,599,585,DESCRIPTIVE
1,CROWD_ITEM__GBT,300_PLUS,50_PLUS,als_mae,65,0.9044505324167775,65,65,216,216,159,159,442,442,599,599,DESCRIPTIVE
1,CROWD_ITEM__GBT,300_PLUS,50_PLUS,als_order,40,0.7789953102453102,65,40,216,191,159,150,442,442,599,599,DESCRIPTIVE
1,CROWD_ITEM__FM,0,1_9,mse,0,,0,0,0,0,0,0,0,0,0,0,NO_DATA
1,CROWD_ITEM__FM,0,1_9,pa,0,,0,0,0,0,0,0,0,0,0,0,NO_DATA
1,CROWD_ITEM__FM,0,1_9,als_mae,0,,0,0,0,0,0,0,0,0,0,0,NO_DATA
1,CROWD_ITEM__FM,0,1_9,als_order,0,,0,0,0,0,0,0,0,0,0,0,NO_DATA
1,CROWD_ITEM__FM,0,10_49,mse,0,,0,0,0,0,0,0,0,0,0,0,NO_DATA
1,CROWD_ITEM__FM,0,10_49,pa,0,,0,0,0,0,0,0,0,0,0,0,NO_DATA
1,CROWD_ITEM__FM,0,10_49,als_mae,0,,0,0,0,0,0,0,0,0,0,0,NO_DATA
1,CROWD_ITEM__FM,0,10_49,als_order,0,,0,0,0,0,0,0,0,0,0,0,NO_DATA
1,CROWD_ITEM__FM,0,50_PLUS,mse,0,,0,0,0,0,0,0,0,0,0,0,NO_DATA
1,CROWD_ITEM__FM,0,50_PLUS,pa,0,,0,0,0,0,0,0,0,0,0,0,NO_DATA
1,CROWD_ITEM__FM,0,50_PLUS,als_mae,0,,0,0,0,0,0,0,0,0,0,0,NO_DATA
1,CROWD_ITEM__FM,0,50_PLUS,als_order,0,,0,0,0,0,0,0,0,0,0,0,NO_DATA
1,CROWD_ITEM__FM,1_9,1_9,mse,0,,0,0,0,0,0,0,0,0,0,0,NO_DATA
1,CROWD_ITEM__FM,1_9,1_9,pa,0,,0,0,0,0,0,0,0,0,0,0,NO_DATA
1,CROWD_ITEM__FM,1_9,1_9,als_mae,0,,0,0,0,0,0,0,0,0,0,0,NO_DATA
1,CROWD_ITEM__FM,1_9,1_9,als_order,0,,0,0,0,0,0,0,0,0,0,0,NO_DATA
1,CROWD_ITEM__FM,1_9,10_49,mse,0,,0,0,0,0,0,0,0,0,0,0,NO_DATA
1,CROWD_ITEM__FM,1_9,10_49,pa,0,,0,0,0,0,0,0,0,0,0,0,NO_DATA
1,CROWD_ITEM__FM,1_9,10_49,als_mae,0,,0,0,0,0,0,0,0,0,0,0,NO_DATA
1,CROWD_ITEM__FM,1_9,10_49,als_order,0,,0,0,0,0,0,0,0,0,0,0,NO_DATA
1,CROWD_ITEM__FM,1_9,50_PLUS,mse,1,0.7948745253247115,1,1,21,21,21,21,140,140,210,210,DESCRIPTIVE_SMALL_N
1,CROWD_ITEM__FM,1_9,50_PLUS,pa,1,0.6142857142857143,1,1,21,21,21,21,140,140,210,210,DESCRIPTIVE_SMALL_N
1,CROWD_ITEM__FM,1_9,50_PLUS,als_mae,1,0.5290428837361437,1,1,21,21,21,21,140,140,210,210,DESCRIPTIVE_SMALL_N
1,CROWD_ITEM__FM,1_9,50_PLUS,als_order,1,0.7666666666666667,1,1,21,21,21,21,140,140,210,210,DESCRIPTIVE_SMALL_N
1,CROWD_ITEM__FM,10_29,1_9,mse,0,,0,0,0,0,0,0,0,0,0,0,NO_DATA
1,CROWD_ITEM__FM,10_29,1_9,pa,0,,0,0,0,0,0,0,0,0,0,0,NO_DATA
1,CROWD_ITEM__FM,10_29,1_9,als_mae,0,,0,0,0,0,0,0,0,0,0,0,NO_DATA
1,CROWD_ITEM__FM,10_29,1_9,als_order,0,,0,0,0,0,0,0,0,0,0,0,NO_DATA
1,CROWD_ITEM__FM,10_29,10_49,mse,0,,0,0,0,0,0,0,0,0,0,0,NO_DATA
1,CROWD_ITEM__FM,10_29,10_49,pa,0,,0,0,0,0,0,0,0,0,0,0,NO_DATA
1,CROWD_ITEM__FM,10_29,10_49,als_mae,0,,0,0,0,0,0,0,0,0,0,0,NO_DATA
1,CROWD_ITEM__FM,10_29,10_49,als_order,0,,0,0,0,0,0,0,0,0,0,0,NO_DATA
1,CROWD_ITEM__FM,10_29,50_PLUS,mse,2,0.4050705451372085,2,2,4,4,3,3,3,3,3,3,DESCRIPTIVE_SMALL_N
1,CROWD_ITEM__FM,10_29,50_PLUS,pa,1,0.6666666666666666,2,1,4,3,3,3,3,3,3,3,DESCRIPTIVE_SMALL_N
1,CROWD_ITEM__FM,10_29,50_PLUS,als_mae,2,0.5996051208067886,2,2,4,4,3,3,3,3,3,3,DESCRIPTIVE_SMALL_N
1,CROWD_ITEM__FM,10_29,50_PLUS,als_order,1,0.3333333333333333,2,1,4,3,3,3,3,3,3,3,DESCRIPTIVE_SMALL_N
1,CROWD_ITEM__FM,30_99,1_9,mse,0,,0,0,0,0,0,0,0,0,0,0,NO_DATA
1,CROWD_ITEM__FM,30_99,1_9,pa,0,,0,0,0,0,0,0,0,0,0,0,NO_DATA
1,CROWD_ITEM__FM,30_99,1_9,als_mae,0,,0,0,0,0,0,0,0,0,0,0,NO_DATA
1,CROWD_ITEM__FM,30_99,1_9,als_order,0,,0,0,0,0,0,0,0,0,0,0,NO_DATA
1,CROWD_ITEM__FM,30_99,10_49,mse,0,,0,0,0,0,0,0,0,0,0,0,NO_DATA
1,CROWD_ITEM__FM,30_99,10_49,pa,0,,0,0,0,0,0,0,0,0,0,0,NO_DATA
1,CROWD_ITEM__FM,30_99,10_49,als_mae,0,,0,0,0,0,0,0,0,0,0,0,NO_DATA
1,CROWD_ITEM__FM,30_99,10_49,als_order,0,,0,0,0,0,0,0,0,0,0,0,NO_DATA
1,CROWD_ITEM__FM,30_99,50_PLUS,mse,18,0.9013715176837303,18,18,55,55,45,45,122,122,150,150,DESCRIPTIVE_SMALL_N
1,CROWD_ITEM__FM,30_99,50_PLUS,pa,10,0.6680480480480481,18,10,55,47,45,42,122,122,150,150,DESCRIPTIVE_SMALL_N
1,CROWD_ITEM__FM,30_99,50_PLUS,als_mae,18,0.7715704810960182,18,18,55,55,45,45,122,122,150,150,DESCRIPTIVE_SMALL_N
1,CROWD_ITEM__FM,30_99,50_PLUS,als_order,10,0.7280769230769231,18,10,55,47,45,42,122,122,150,150,DESCRIPTIVE_SMALL_N
1,CROWD_ITEM__FM,100_299,1_9,mse,5,1.1145098212317002,5,5,6,6,6,6,0,0,1,1,DESCRIPTIVE_SMALL_N
1,CROWD_ITEM__FM,100_299,1_9,pa,0,,5,0,6,0,6,0,0,0,1,0,NO_DATA
1,CROWD_ITEM__FM,100_299,1_9,als_mae,5,0.6705706566699343,5,5,6,6,6,6,0,0,1,1,DESCRIPTIVE_SMALL_N
1,CROWD_ITEM__FM,100_299,1_9,als_order,1,1.0,5,1,6,2,6,2,0,0,1,1,DESCRIPTIVE_SMALL_N
1,CROWD_ITEM__FM,100_299,10_49,mse,6,0.5584329144216212,6,6,6,6,6,6,0,0,0,0,DESCRIPTIVE_SMALL_N
1,CROWD_ITEM__FM,100_299,10_49,pa,0,,6,0,6,0,6,0,0,0,0,0,NO_DATA
1,CROWD_ITEM__FM,100_299,10_49,als_mae,6,0.8096275870444822,6,6,6,6,6,6,0,0,0,0,DESCRIPTIVE_SMALL_N
1,CROWD_ITEM__FM,100_299,10_49,als_order,0,,6,0,6,0,6,0,0,0,0,0,NO_DATA
1,CROWD_ITEM__FM,100_299,50_PLUS,mse,24,0.5825518933151185,24,24,73,73,64,64,266,266,342,342,DESCRIPTIVE_SMALL_N
1,CROWD_ITEM__FM,100_299,50_PLUS,pa,10,0.42088308457711443,24,10,73,57,64,51,266,266,342,340,DESCRIPTIVE_SMALL_N
1,CROWD_ITEM__FM,100_299,50_PLUS,als_mae,24,0.6898472378440644,24,24,73,73,64,64,266,266,342,342,DESCRIPTIVE_SMALL_N
1,CROWD_ITEM__FM,100_299,50_PLUS,als_order,12,0.7916809998853341,24,12,73,61,64,55,266,266,342,342,DESCRIPTIVE_SMALL_N
1,CROWD_ITEM__FM,300_PLUS,1_9,mse,25,0.8651841794948121,25,25,55,55,49,49,125,125,153,153,DESCRIPTIVE_SMALL_N
1,CROWD_ITEM__FM,300_PLUS,1_9,pa,8,0.42276785714285714,25,8,55,38,49,37,125,125,153,153,DESCRIPTIVE_SMALL_N
1,CROWD_ITEM__FM,300_PLUS,1_9,als_mae,25,1.1686566436000936,25,25,55,55,49,49,125,125,153,153,DESCRIPTIVE_SMALL_N
1,CROWD_ITEM__FM,300_PLUS,1_9,als_order,8,0.708511396011396,25,8,55,38,49,37,125,125,153,153,DESCRIPTIVE_SMALL_N
1,CROWD_ITEM__FM,300_PLUS,10_49,mse,29,1.0362619278472969,29,29,46,46,37,37,23,23,30,30,DESCRIPTIVE_SMALL_N
1,CROWD_ITEM__FM,300_PLUS,10_49,pa,7,0.5428571428571428,29,7,46,22,37,20,23,23,30,28,DESCRIPTIVE_SMALL_N
1,CROWD_ITEM__FM,300_PLUS,10_49,als_mae,29,0.9087495705452989,29,29,46,46,37,37,23,23,30,30,DESCRIPTIVE_SMALL_N
1,CROWD_ITEM__FM,300_PLUS,10_49,als_order,9,0.43703703703703706,29,9,46,26,37,24,23,23,30,30,DESCRIPTIVE_SMALL_N
1,CROWD_ITEM__FM,300_PLUS,50_PLUS,mse,65,0.7861024677855935,65,65,216,216,159,159,442,442,599,599,DESCRIPTIVE
1,CROWD_ITEM__FM,300_PLUS,50_PLUS,pa,33,0.5655519145157876,65,33,216,174,159,140,442,442,599,585,DESCRIPTIVE
1,CROWD_ITEM__FM,300_PLUS,50_PLUS,als_mae,65,0.8765559420418284,65,65,216,216,159,159,442,442,599,599,DESCRIPTIVE
1,CROWD_ITEM__FM,300_PLUS,50_PLUS,als_order,40,0.6159965728715728,65,40,216,191,159,150,442,442,599,599,DESCRIPTIVE
1,CROWD_RESPONSE__RIDGE,0,1_9,mse,0,,0,0,0,0,0,0,0,0,0,0,NO_DATA
1,CROWD_RESPONSE__RIDGE,0,1_9,pa,0,,0,0,0,0,0,0,0,0,0,0,NO_DATA
1,CROWD_RESPONSE__RIDGE,0,1_9,als_mae,0,,0,0,0,0,0,0,0,0,0,0,NO_DATA
1,CROWD_RESPONSE__RIDGE,0,1_9,als_order,0,,0,0,0,0,0,0,0,0,0,0,NO_DATA
1,CROWD_RESPONSE__RIDGE,0,10_49,mse,0,,0,0,0,0,0,0,0,0,0,0,NO_DATA
1,CROWD_RESPONSE__RIDGE,0,10_49,pa,0,,0,0,0,0,0,0,0,0,0,0,NO_DATA
1,CROWD_RESPONSE__RIDGE,0,10_49,als_mae,0,,0,0,0,0,0,0,0,0,0,0,NO_DATA
1,CROWD_RESPONSE__RIDGE,0,10_49,als_order,0,,0,0,0,0,0,0,0,0,0,0,NO_DATA
1,CROWD_RESPONSE__RIDGE,0,50_PLUS,mse,0,,0,0,0,0,0,0,0,0,0,0,NO_DATA
1,CROWD_RESPONSE__RIDGE,0,50_PLUS,pa,0,,0,0,0,0,0,0,0,0,0,0,NO_DATA
1,CROWD_RESPONSE__RIDGE,0,50_PLUS,als_mae,0,,0,0,0,0,0,0,0,0,0,0,NO_DATA
1,CROWD_RESPONSE__RIDGE,0,50_PLUS,als_order,0,,0,0,0,0,0,0,0,0,0,0,NO_DATA
1,CROWD_RESPONSE__RIDGE,1_9,1_9,mse,0,,0,0,0,0,0,0,0,0,0,0,NO_DATA
1,CROWD_RESPONSE__RIDGE,1_9,1_9,pa,0,,0,0,0,0,0,0,0,0,0,0,NO_DATA
1,CROWD_RESPONSE__RIDGE,1_9,1_9,als_mae,0,,0,0,0,0,0,0,0,0,0,0,NO_DATA
1,CROWD_RESPONSE__RIDGE,1_9,1_9,als_order,0,,0,0,0,0,0,0,0,0,0,0,NO_DATA
1,CROWD_RESPONSE__RIDGE,1_9,10_49,mse,0,,0,0,0,0,0,0,0,0,0,0,NO_DATA
1,CROWD_RESPONSE__RIDGE,1_9,10_49,pa,0,,0,0,0,0,0,0,0,0,0,0,NO_DATA
1,CROWD_RESPONSE__RIDGE,1_9,10_49,als_mae,0,,0,0,0,0,0,0,0,0,0,0,NO_DATA
1,CROWD_RESPONSE__RIDGE,1_9,10_49,als_order,0,,0,0,0,0,0,0,0,0,0,0,NO_DATA
1,CROWD_RESPONSE__RIDGE,1_9,50_PLUS,mse,1,0.8187926569300261,1,1,21,21,21,21,140,140,210,210,DESCRIPTIVE_SMALL_N
1,CROWD_RESPONSE__RIDGE,1_9,50_PLUS,pa,1,0.6357142857142857,1,1,21,21,21,21,140,140,210,210,DESCRIPTIVE_SMALL_N
1,CROWD_RESPONSE__RIDGE,1_9,50_PLUS,als_mae,1,0.5001488933518934,1,1,21,21,21,21,140,140,210,210,DESCRIPTIVE_SMALL_N
1,CROWD_RESPONSE__RIDGE,1_9,50_PLUS,als_order,1,0.7952380952380952,1,1,21,21,21,21,140,140,210,210,DESCRIPTIVE_SMALL_N
1,CROWD_RESPONSE__RIDGE,10_29,1_9,mse,0,,0,0,0,0,0,0,0,0,0,0,NO_DATA
1,CROWD_RESPONSE__RIDGE,10_29,1_9,pa,0,,0,0,0,0,0,0,0,0,0,0,NO_DATA
1,CROWD_RESPONSE__RIDGE,10_29,1_9,als_mae,0,,0,0,0,0,0,0,0,0,0,0,NO_DATA
1,CROWD_RESPONSE__RIDGE,10_29,1_9,als_order,0,,0,0,0,0,0,0,0,0,0,0,NO_DATA
1,CROWD_RESPONSE__RIDGE,10_29,10_49,mse,0,,0,0,0,0,0,0,0,0,0,0,NO_DATA
1,CROWD_RESPONSE__RIDGE,10_29,10_49,pa,0,,0,0,0,0,0,0,0,0,0,0,NO_DATA
1,CROWD_RESPONSE__RIDGE,10_29,10_49,als_mae,0,,0,0,0,0,0,0,0,0,0,0,NO_DATA
1,CROWD_RESPONSE__RIDGE,10_29,10_49,als_order,0,,0,0,0,0,0,0,0,0,0,0,NO_DATA
1,CROWD_RESPONSE__RIDGE,10_29,50_PLUS,mse,2,0.3458322940220875,2,2,4,4,3,3,3,3,3,3,DESCRIPTIVE_SMALL_N
1,CROWD_RESPONSE__RIDGE,10_29,50_PLUS,pa,1,1.0,2,1,4,3,3,3,3,3,3,3,DESCRIPTIVE_SMALL_N
1,CROWD_RESPONSE__RIDGE,10_29,50_PLUS,als_mae,2,0.7103625416952201,2,2,4,4,3,3,3,3,3,3,DESCRIPTIVE_SMALL_N
1,CROWD_RESPONSE__RIDGE,10_29,50_PLUS,als_order,1,0.0,2,1,4,3,3,3,3,3,3,3,DESCRIPTIVE_SMALL_N
1,CROWD_RESPONSE__RIDGE,30_99,1_9,mse,0,,0,0,0,0,0,0,0,0,0,0,NO_DATA
1,CROWD_RESPONSE__RIDGE,30_99,1_9,pa,0,,0,0,0,0,0,0,0,0,0,0,NO_DATA
1,CROWD_RESPONSE__RIDGE,30_99,1_9,als_mae,0,,0,0,0,0,0,0,0,0,0,0,NO_DATA
1,CROWD_RESPONSE__RIDGE,30_99,1_9,als_order,0,,0,0,0,0,0,0,0,0,0,0,NO_DATA
1,CROWD_RESPONSE__RIDGE,30_99,10_49,mse,0,,0,0,0,0,0,0,0,0,0,0,NO_DATA
1,CROWD_RESPONSE__RIDGE,30_99,10_49,pa,0,,0,0,0,0,0,0,0,0,0,0,NO_DATA
1,CROWD_RESPONSE__RIDGE,30_99,10_49,als_mae,0,,0,0,0,0,0,0,0,0,0,0,NO_DATA
1,CROWD_RESPONSE__RIDGE,30_99,10_49,als_order,0,,0,0,0,0,0,0,0,0,0,0,NO_DATA
1,CROWD_RESPONSE__RIDGE,30_99,50_PLUS,mse,18,1.0269835400160146,18,18,55,55,45,45,122,122,150,150,DESCRIPTIVE_SMALL_N
1,CROWD_RESPONSE__RIDGE,30_99,50_PLUS,pa,10,0.6462977262977263,18,10,55,47,45,42,122,122,150,150,DESCRIPTIVE_SMALL_N
1,CROWD_RESPONSE__RIDGE,30_99,50_PLUS,als_mae,18,0.805908484341464,18,18,55,55,45,45,122,122,150,150,DESCRIPTIVE_SMALL_N
1,CROWD_RESPONSE__RIDGE,30_99,50_PLUS,als_order,10,0.7172710622710623,18,10,55,47,45,42,122,122,150,150,DESCRIPTIVE_SMALL_N
1,CROWD_RESPONSE__RIDGE,100_299,1_9,mse,5,0.9284799505851579,5,5,6,6,6,6,0,0,1,1,DESCRIPTIVE_SMALL_N
1,CROWD_RESPONSE__RIDGE,100_299,1_9,pa,0,,5,0,6,0,6,0,0,0,1,0,NO_DATA
1,CROWD_RESPONSE__RIDGE,100_299,1_9,als_mae,5,0.582248534064041,5,5,6,6,6,6,0,0,1,1,DESCRIPTIVE_SMALL_N
1,CROWD_RESPONSE__RIDGE,100_299,1_9,als_order,1,1.0,5,1,6,2,6,2,0,0,1,1,DESCRIPTIVE_SMALL_N
1,CROWD_RESPONSE__RIDGE,100_299,10_49,mse,6,0.6285749346343044,6,6,6,6,6,6,0,0,0,0,DESCRIPTIVE_SMALL_N
1,CROWD_RESPONSE__RIDGE,100_299,10_49,pa,0,,6,0,6,0,6,0,0,0,0,0,NO_DATA
1,CROWD_RESPONSE__RIDGE,100_299,10_49,als_mae,6,0.6950584851483166,6,6,6,6,6,6,0,0,0,0,DESCRIPTIVE_SMALL_N
1,CROWD_RESPONSE__RIDGE,100_299,10_49,als_order,0,,6,0,6,0,6,0,0,0,0,0,NO_DATA
1,CROWD_RESPONSE__RIDGE,100_299,50_PLUS,mse,24,0.6782426057738645,24,24,73,73,64,64,266,266,342,342,DESCRIPTIVE_SMALL_N
1,CROWD_RESPONSE__RIDGE,100_299,50_PLUS,pa,10,0.4158830845771145,24,10,73,57,64,51,266,266,342,340,DESCRIPTIVE_SMALL_N
1,CROWD_RESPONSE__RIDGE,100_299,50_PLUS,als_mae,24,0.7234997886296962,24,24,73,73,64,64,266,266,342,342,DESCRIPTIVE_SMALL_N
1,CROWD_RESPONSE__RIDGE,100_299,50_PLUS,als_order,12,0.8000802660245383,24,12,73,61,64,55,266,266,342,342,DESCRIPTIVE_SMALL_N
1,CROWD_RESPONSE__RIDGE,300_PLUS,1_9,mse,25,0.749605295157574,25,25,55,55,49,49,125,125,153,153,DESCRIPTIVE_SMALL_N
1,CROWD_RESPONSE__RIDGE,300_PLUS,1_9,pa,8,0.5111607142857143,25,8,55,38,49,37,125,125,153,153,DESCRIPTIVE_SMALL_N
1,CROWD_RESPONSE__RIDGE,300_PLUS,1_9,als_mae,25,1.1268083072702084,25,25,55,55,49,49,125,125,153,153,DESCRIPTIVE_SMALL_N
1,CROWD_RESPONSE__RIDGE,300_PLUS,1_9,als_order,8,0.3630952380952381,25,8,55,38,49,37,125,125,153,153,DESCRIPTIVE_SMALL_N
1,CROWD_RESPONSE__RIDGE,300_PLUS,10_49,mse,29,1.0177346005606698,29,29,46,46,37,37,23,23,30,30,DESCRIPTIVE_SMALL_N
1,CROWD_RESPONSE__RIDGE,300_PLUS,10_49,pa,7,0.7142857142857143,29,7,46,22,37,20,23,23,30,28,DESCRIPTIVE_SMALL_N
1,CROWD_RESPONSE__RIDGE,300_PLUS,10_49,als_mae,29,0.9190391160971221,29,29,46,46,37,37,23,23,30,30,DESCRIPTIVE_SMALL_N
1,CROWD_RESPONSE__RIDGE,300_PLUS,10_49,als_order,9,0.4185185185185185,29,9,46,26,37,24,23,23,30,30,DESCRIPTIVE_SMALL_N
1,CROWD_RESPONSE__RIDGE,300_PLUS,50_PLUS,mse,65,0.9144939489304242,65,65,216,216,159,159,442,442,599,599,DESCRIPTIVE
1,CROWD_RESPONSE__RIDGE,300_PLUS,50_PLUS,pa,33,0.6244091198244875,65,33,216,174,159,140,442,442,599,585,DESCRIPTIVE
1,CROWD_RESPONSE__RIDGE,300_PLUS,50_PLUS,als_mae,65,0.932924056026533,65,65,216,216,159,159,442,442,599,599,DESCRIPTIVE
1,CROWD_RESPONSE__RIDGE,300_PLUS,50_PLUS,als_order,40,0.6481520562770562,65,40,216,191,159,150,442,442,599,599,DESCRIPTIVE
1,CROWD_RESPONSE__GBT,0,1_9,mse,0,,0,0,0,0,0,0,0,0,0,0,NO_DATA
1,CROWD_RESPONSE__GBT,0,1_9,pa,0,,0,0,0,0,0,0,0,0,0,0,NO_DATA
1,CROWD_RESPONSE__GBT,0,1_9,als_mae,0,,0,0,0,0,0,0,0,0,0,0,NO_DATA
1,CROWD_RESPONSE__GBT,0,1_9,als_order,0,,0,0,0,0,0,0,0,0,0,0,NO_DATA
1,CROWD_RESPONSE__GBT,0,10_49,mse,0,,0,0,0,0,0,0,0,0,0,0,NO_DATA
1,CROWD_RESPONSE__GBT,0,10_49,pa,0,,0,0,0,0,0,0,0,0,0,0,NO_DATA
1,CROWD_RESPONSE__GBT,0,10_49,als_mae,0,,0,0,0,0,0,0,0,0,0,0,NO_DATA
1,CROWD_RESPONSE__GBT,0,10_49,als_order,0,,0,0,0,0,0,0,0,0,0,0,NO_DATA
1,CROWD_RESPONSE__GBT,0,50_PLUS,mse,0,,0,0,0,0,0,0,0,0,0,0,NO_DATA
1,CROWD_RESPONSE__GBT,0,50_PLUS,pa,0,,0,0,0,0,0,0,0,0,0,0,NO_DATA
1,CROWD_RESPONSE__GBT,0,50_PLUS,als_mae,0,,0,0,0,0,0,0,0,0,0,0,NO_DATA
1,CROWD_RESPONSE__GBT,0,50_PLUS,als_order,0,,0,0,0,0,0,0,0,0,0,0,NO_DATA
1,CROWD_RESPONSE__GBT,1_9,1_9,mse,0,,0,0,0,0,0,0,0,0,0,0,NO_DATA
1,CROWD_RESPONSE__GBT,1_9,1_9,pa,0,,0,0,0,0,0,0,0,0,0,0,NO_DATA
1,CROWD_RESPONSE__GBT,1_9,1_9,als_mae,0,,0,0,0,0,0,0,0,0,0,0,NO_DATA
1,CROWD_RESPONSE__GBT,1_9,1_9,als_order,0,,0,0,0,0,0,0,0,0,0,0,NO_DATA
1,CROWD_RESPONSE__GBT,1_9,10_49,mse,0,,0,0,0,0,0,0,0,0,0,0,NO_DATA
1,CROWD_RESPONSE__GBT,1_9,10_49,pa,0,,0,0,0,0,0,0,0,0,0,0,NO_DATA
1,CROWD_RESPONSE__GBT,1_9,10_49,als_mae,0,,0,0,0,0,0,0,0,0,0,0,NO_DATA
1,CROWD_RESPONSE__GBT,1_9,10_49,als_order,0,,0,0,0,0,0,0,0,0,0,0,NO_DATA
1,CROWD_RESPONSE__GBT,1_9,50_PLUS,mse,1,0.7376612463889266,1,1,21,21,21,21,140,140,210,210,DESCRIPTIVE_SMALL_N
1,CROWD_RESPONSE__GBT,1_9,50_PLUS,pa,1,0.6428571428571429,1,1,21,21,21,21,140,140,210,210,DESCRIPTIVE_SMALL_N
1,CROWD_RESPONSE__GBT,1_9,50_PLUS,als_mae,1,0.5055707955006548,1,1,21,21,21,21,140,140,210,210,DESCRIPTIVE_SMALL_N
1,CROWD_RESPONSE__GBT,1_9,50_PLUS,als_order,1,0.7238095238095238,1,1,21,21,21,21,140,140,210,210,DESCRIPTIVE_SMALL_N
1,CROWD_RESPONSE__GBT,10_29,1_9,mse,0,,0,0,0,0,0,0,0,0,0,0,NO_DATA
1,CROWD_RESPONSE__GBT,10_29,1_9,pa,0,,0,0,0,0,0,0,0,0,0,0,NO_DATA
1,CROWD_RESPONSE__GBT,10_29,1_9,als_mae,0,,0,0,0,0,0,0,0,0,0,0,NO_DATA
1,CROWD_RESPONSE__GBT,10_29,1_9,als_order,0,,0,0,0,0,0,0,0,0,0,0,NO_DATA
1,CROWD_RESPONSE__GBT,10_29,10_49,mse,0,,0,0,0,0,0,0,0,0,0,0,NO_DATA
1,CROWD_RESPONSE__GBT,10_29,10_49,pa,0,,0,0,0,0,0,0,0,0,0,0,NO_DATA
1,CROWD_RESPONSE__GBT,10_29,10_49,als_mae,0,,0,0,0,0,0,0,0,0,0,0,NO_DATA
1,CROWD_RESPONSE__GBT,10_29,10_49,als_order,0,,0,0,0,0,0,0,0,0,0,0,NO_DATA
1,CROWD_RESPONSE__GBT,10_29,50_PLUS,mse,2,0.4338609413909707,2,2,4,4,3,3,3,3,3,3,DESCRIPTIVE_SMALL_N
1,CROWD_RESPONSE__GBT,10_29,50_PLUS,pa,1,1.0,2,1,4,3,3,3,3,3,3,3,DESCRIPTIVE_SMALL_N
1,CROWD_RESPONSE__GBT,10_29,50_PLUS,als_mae,2,0.7036952901647966,2,2,4,4,3,3,3,3,3,3,DESCRIPTIVE_SMALL_N
1,CROWD_RESPONSE__GBT,10_29,50_PLUS,als_order,1,0.0,2,1,4,3,3,3,3,3,3,3,DESCRIPTIVE_SMALL_N
1,CROWD_RESPONSE__GBT,30_99,1_9,mse,0,,0,0,0,0,0,0,0,0,0,0,NO_DATA
1,CROWD_RESPONSE__GBT,30_99,1_9,pa,0,,0,0,0,0,0,0,0,0,0,0,NO_DATA
1,CROWD_RESPONSE__GBT,30_99,1_9,als_mae,0,,0,0,0,0,0,0,0,0,0,0,NO_DATA
1,CROWD_RESPONSE__GBT,30_99,1_9,als_order,0,,0,0,0,0,0,0,0,0,0,0,NO_DATA
1,CROWD_RESPONSE__GBT,30_99,10_49,mse,0,,0,0,0,0,0,0,0,0,0,0,NO_DATA
1,CROWD_RESPONSE__GBT,30_99,10_49,pa,0,,0,0,0,0,0,0,0,0,0,0,NO_DATA
1,CROWD_RESPONSE__GBT,30_99,10_49,als_mae,0,,0,0,0,0,0,0,0,0,0,0,NO_DATA
1,CROWD_RESPONSE__GBT,30_99,10_49,als_order,0,,0,0,0,0,0,0,0,0,0,0,NO_DATA
1,CROWD_RESPONSE__GBT,30_99,50_PLUS,mse,18,1.049118001833437,18,18,55,55,45,45,122,122,150,150,DESCRIPTIVE_SMALL_N
1,CROWD_RESPONSE__GBT,30_99,50_PLUS,pa,10,0.6443157443157442,18,10,55,47,45,42,122,122,150,150,DESCRIPTIVE_SMALL_N
1,CROWD_RESPONSE__GBT,30_99,50_PLUS,als_mae,18,0.779189140130245,18,18,55,55,45,45,122,122,150,150,DESCRIPTIVE_SMALL_N
1,CROWD_RESPONSE__GBT,30_99,50_PLUS,als_order,10,0.5657142857142857,18,10,55,47,45,42,122,122,150,150,DESCRIPTIVE_SMALL_N
1,CROWD_RESPONSE__GBT,100_299,1_9,mse,5,0.988215791312453,5,5,6,6,6,6,0,0,1,1,DESCRIPTIVE_SMALL_N
1,CROWD_RESPONSE__GBT,100_299,1_9,pa,0,,5,0,6,0,6,0,0,0,1,0,NO_DATA
1,CROWD_RESPONSE__GBT,100_299,1_9,als_mae,5,0.5603172226625862,5,5,6,6,6,6,0,0,1,1,DESCRIPTIVE_SMALL_N
1,CROWD_RESPONSE__GBT,100_299,1_9,als_order,1,1.0,5,1,6,2,6,2,0,0,1,1,DESCRIPTIVE_SMALL_N
1,CROWD_RESPONSE__GBT,100_299,10_49,mse,6,0.5203168136501749,6,6,6,6,6,6,0,0,0,0,DESCRIPTIVE_SMALL_N
1,CROWD_RESPONSE__GBT,100_299,10_49,pa,0,,6,0,6,0,6,0,0,0,0,0,NO_DATA
1,CROWD_RESPONSE__GBT,100_299,10_49,als_mae,6,0.7718580175964597,6,6,6,6,6,6,0,0,0,0,DESCRIPTIVE_SMALL_N
1,CROWD_RESPONSE__GBT,100_299,10_49,als_order,0,,6,0,6,0,6,0,0,0,0,0,NO_DATA
1,CROWD_RESPONSE__GBT,100_299,50_PLUS,mse,24,0.5360166344216767,24,24,73,73,64,64,266,266,342,342,DESCRIPTIVE_SMALL_N
1,CROWD_RESPONSE__GBT,100_299,50_PLUS,pa,10,0.7229477611940298,24,10,73,57,64,51,266,266,342,340,DESCRIPTIVE_SMALL_N
1,CROWD_RESPONSE__GBT,100_299,50_PLUS,als_mae,24,0.6958923431874332,24,24,73,73,64,64,266,266,342,342,DESCRIPTIVE_SMALL_N
1,CROWD_RESPONSE__GBT,100_299,50_PLUS,als_order,12,0.8009689255819286,24,12,73,61,64,55,266,266,342,342,DESCRIPTIVE_SMALL_N
1,CROWD_RESPONSE__GBT,300_PLUS,1_9,mse,25,0.65731126730877,25,25,55,55,49,49,125,125,153,153,DESCRIPTIVE_SMALL_N
1,CROWD_RESPONSE__GBT,300_PLUS,1_9,pa,8,0.5819940476190476,25,8,55,38,49,37,125,125,153,153,DESCRIPTIVE_SMALL_N
1,CROWD_RESPONSE__GBT,300_PLUS,1_9,als_mae,25,1.0999922992035251,25,25,55,55,49,49,125,125,153,153,DESCRIPTIVE_SMALL_N
1,CROWD_RESPONSE__GBT,300_PLUS,1_9,als_order,8,0.4346255596255596,25,8,55,38,49,37,125,125,153,153,DESCRIPTIVE_SMALL_N
1,CROWD_RESPONSE__GBT,300_PLUS,10_49,mse,29,1.091724982784049,29,29,46,46,37,37,23,23,30,30,DESCRIPTIVE_SMALL_N
1,CROWD_RESPONSE__GBT,300_PLUS,10_49,pa,7,0.4714285714285714,29,7,46,22,37,20,23,23,30,28,DESCRIPTIVE_SMALL_N
1,CROWD_RESPONSE__GBT,300_PLUS,10_49,als_mae,29,1.0445442924104522,29,29,46,46,37,37,23,23,30,30,DESCRIPTIVE_SMALL_N
1,CROWD_RESPONSE__GBT,300_PLUS,10_49,als_order,9,0.5296296296296297,29,9,46,26,37,24,23,23,30,30,DESCRIPTIVE_SMALL_N
1,CROWD_RESPONSE__GBT,300_PLUS,50_PLUS,mse,65,0.7942826267546328,65,65,216,216,159,159,442,442,599,599,DESCRIPTIVE
1,CROWD_RESPONSE__GBT,300_PLUS,50_PLUS,pa,33,0.6889205655481101,65,33,216,174,159,140,442,442,599,585,DESCRIPTIVE
1,CROWD_RESPONSE__GBT,300_PLUS,50_PLUS,als_mae,65,0.9187210462575688,65,65,216,216,159,159,442,442,599,599,DESCRIPTIVE
1,CROWD_RESPONSE__GBT,300_PLUS,50_PLUS,als_order,40,0.7604707792207793,65,40,216,191,159,150,442,442,599,599,DESCRIPTIVE
1,CROWD_RESPONSE__FM,0,1_9,mse,0,,0,0,0,0,0,0,0,0,0,0,NO_DATA
1,CROWD_RESPONSE__FM,0,1_9,pa,0,,0,0,0,0,0,0,0,0,0,0,NO_DATA
1,CROWD_RESPONSE__FM,0,1_9,als_mae,0,,0,0,0,0,0,0,0,0,0,0,NO_DATA
1,CROWD_RESPONSE__FM,0,1_9,als_order,0,,0,0,0,0,0,0,0,0,0,0,NO_DATA
1,CROWD_RESPONSE__FM,0,10_49,mse,0,,0,0,0,0,0,0,0,0,0,0,NO_DATA
1,CROWD_RESPONSE__FM,0,10_49,pa,0,,0,0,0,0,0,0,0,0,0,0,NO_DATA
1,CROWD_RESPONSE__FM,0,10_49,als_mae,0,,0,0,0,0,0,0,0,0,0,0,NO_DATA
1,CROWD_RESPONSE__FM,0,10_49,als_order,0,,0,0,0,0,0,0,0,0,0,0,NO_DATA
1,CROWD_RESPONSE__FM,0,50_PLUS,mse,0,,0,0,0,0,0,0,0,0,0,0,NO_DATA
1,CROWD_RESPONSE__FM,0,50_PLUS,pa,0,,0,0,0,0,0,0,0,0,0,0,NO_DATA
1,CROWD_RESPONSE__FM,0,50_PLUS,als_mae,0,,0,0,0,0,0,0,0,0,0,0,NO_DATA
1,CROWD_RESPONSE__FM,0,50_PLUS,als_order,0,,0,0,0,0,0,0,0,0,0,0,NO_DATA
1,CROWD_RESPONSE__FM,1_9,1_9,mse,0,,0,0,0,0,0,0,0,0,0,0,NO_DATA
1,CROWD_RESPONSE__FM,1_9,1_9,pa,0,,0,0,0,0,0,0,0,0,0,0,NO_DATA
1,CROWD_RESPONSE__FM,1_9,1_9,als_mae,0,,0,0,0,0,0,0,0,0,0,0,NO_DATA
1,CROWD_RESPONSE__FM,1_9,1_9,als_order,0,,0,0,0,0,0,0,0,0,0,0,NO_DATA
1,CROWD_RESPONSE__FM,1_9,10_49,mse,0,,0,0,0,0,0,0,0,0,0,0,NO_DATA
1,CROWD_RESPONSE__FM,1_9,10_49,pa,0,,0,0,0,0,0,0,0,0,0,0,NO_DATA
1,CROWD_RESPONSE__FM,1_9,10_49,als_mae,0,,0,0,0,0,0,0,0,0,0,0,NO_DATA
1,CROWD_RESPONSE__FM,1_9,10_49,als_order,0,,0,0,0,0,0,0,0,0,0,0,NO_DATA
1,CROWD_RESPONSE__FM,1_9,50_PLUS,mse,1,0.8119108158364521,1,1,21,21,21,21,140,140,210,210,DESCRIPTIVE_SMALL_N
1,CROWD_RESPONSE__FM,1_9,50_PLUS,pa,1,0.65,1,1,21,21,21,21,140,140,210,210,DESCRIPTIVE_SMALL_N
1,CROWD_RESPONSE__FM,1_9,50_PLUS,als_mae,1,0.4702433898628358,1,1,21,21,21,21,140,140,210,210,DESCRIPTIVE_SMALL_N
1,CROWD_RESPONSE__FM,1_9,50_PLUS,als_order,1,0.8285714285714286,1,1,21,21,21,21,140,140,210,210,DESCRIPTIVE_SMALL_N
1,CROWD_RESPONSE__FM,10_29,1_9,mse,0,,0,0,0,0,0,0,0,0,0,0,NO_DATA
1,CROWD_RESPONSE__FM,10_29,1_9,pa,0,,0,0,0,0,0,0,0,0,0,0,NO_DATA
1,CROWD_RESPONSE__FM,10_29,1_9,als_mae,0,,0,0,0,0,0,0,0,0,0,0,NO_DATA
1,CROWD_RESPONSE__FM,10_29,1_9,als_order,0,,0,0,0,0,0,0,0,0,0,0,NO_DATA
1,CROWD_RESPONSE__FM,10_29,10_49,mse,0,,0,0,0,0,0,0,0,0,0,0,NO_DATA
1,CROWD_RESPONSE__FM,10_29,10_49,pa,0,,0,0,0,0,0,0,0,0,0,0,NO_DATA
1,CROWD_RESPONSE__FM,10_29,10_49,als_mae,0,,0,0,0,0,0,0,0,0,0,0,NO_DATA
1,CROWD_RESPONSE__FM,10_29,10_49,als_order,0,,0,0,0,0,0,0,0,0,0,0,NO_DATA
1,CROWD_RESPONSE__FM,10_29,50_PLUS,mse,2,0.36573206928454227,2,2,4,4,3,3,3,3,3,3,DESCRIPTIVE_SMALL_N
1,CROWD_RESPONSE__FM,10_29,50_PLUS,pa,1,0.6666666666666666,2,1,4,3,3,3,3,3,3,3,DESCRIPTIVE_SMALL_N
1,CROWD_RESPONSE__FM,10_29,50_PLUS,als_mae,2,0.7013941747530139,2,2,4,4,3,3,3,3,3,3,DESCRIPTIVE_SMALL_N
1,CROWD_RESPONSE__FM,10_29,50_PLUS,als_order,1,0.3333333333333333,2,1,4,3,3,3,3,3,3,3,DESCRIPTIVE_SMALL_N
1,CROWD_RESPONSE__FM,30_99,1_9,mse,0,,0,0,0,0,0,0,0,0,0,0,NO_DATA
1,CROWD_RESPONSE__FM,30_99,1_9,pa,0,,0,0,0,0,0,0,0,0,0,0,NO_DATA
1,CROWD_RESPONSE__FM,30_99,1_9,als_mae,0,,0,0,0,0,0,0,0,0,0,0,NO_DATA
1,CROWD_RESPONSE__FM,30_99,1_9,als_order,0,,0,0,0,0,0,0,0,0,0,0,NO_DATA
1,CROWD_RESPONSE__FM,30_99,10_49,mse,0,,0,0,0,0,0,0,0,0,0,0,NO_DATA
1,CROWD_RESPONSE__FM,30_99,10_49,pa,0,,0,0,0,0,0,0,0,0,0,0,NO_DATA
1,CROWD_RESPONSE__FM,30_99,10_49,als_mae,0,,0,0,0,0,0,0,0,0,0,0,NO_DATA
1,CROWD_RESPONSE__FM,30_99,10_49,als_order,0,,0,0,0,0,0,0,0,0,0,0,NO_DATA
1,CROWD_RESPONSE__FM,30_99,50_PLUS,mse,18,0.8968253398644587,18,18,55,55,45,45,122,122,150,150,DESCRIPTIVE_SMALL_N
1,CROWD_RESPONSE__FM,30_99,50_PLUS,pa,10,0.7224109824109824,18,10,55,47,45,42,122,122,150,150,DESCRIPTIVE_SMALL_N
1,CROWD_RESPONSE__FM,30_99,50_PLUS,als_mae,18,0.7716173616488462,18,18,55,55,45,45,122,122,150,150,DESCRIPTIVE_SMALL_N
1,CROWD_RESPONSE__FM,30_99,50_PLUS,als_order,10,0.681007326007326,18,10,55,47,45,42,122,122,150,150,DESCRIPTIVE_SMALL_N
1,CROWD_RESPONSE__FM,100_299,1_9,mse,5,1.0687322144828046,5,5,6,6,6,6,0,0,1,1,DESCRIPTIVE_SMALL_N
1,CROWD_RESPONSE__FM,100_299,1_9,pa,0,,5,0,6,0,6,0,0,0,1,0,NO_DATA
1,CROWD_RESPONSE__FM,100_299,1_9,als_mae,5,0.5748739736010456,5,5,6,6,6,6,0,0,1,1,DESCRIPTIVE_SMALL_N
1,CROWD_RESPONSE__FM,100_299,1_9,als_order,1,1.0,5,1,6,2,6,2,0,0,1,1,DESCRIPTIVE_SMALL_N
1,CROWD_RESPONSE__FM,100_299,10_49,mse,6,0.48570145825286,6,6,6,6,6,6,0,0,0,0,DESCRIPTIVE_SMALL_N
1,CROWD_RESPONSE__FM,100_299,10_49,pa,0,,6,0,6,0,6,0,0,0,0,0,NO_DATA
1,CROWD_RESPONSE__FM,100_299,10_49,als_mae,6,0.8485709771141036,6,6,6,6,6,6,0,0,0,0,DESCRIPTIVE_SMALL_N
1,CROWD_RESPONSE__FM,100_299,10_49,als_order,0,,6,0,6,0,6,0,0,0,0,0,NO_DATA
1,CROWD_RESPONSE__FM,100_299,50_PLUS,mse,24,0.5607416504190158,24,24,73,73,64,64,266,266,342,342,DESCRIPTIVE_SMALL_N
1,CROWD_RESPONSE__FM,100_299,50_PLUS,pa,10,0.579179104477612,24,10,73,57,64,51,266,266,342,340,DESCRIPTIVE_SMALL_N
1,CROWD_RESPONSE__FM,100_299,50_PLUS,als_mae,24,0.6650810710994517,24,24,73,73,64,64,266,266,342,342,DESCRIPTIVE_SMALL_N
1,CROWD_RESPONSE__FM,100_299,50_PLUS,als_order,12,0.7712418300653593,24,12,73,61,64,55,266,266,342,342,DESCRIPTIVE_SMALL_N
1,CROWD_RESPONSE__FM,300_PLUS,1_9,mse,25,0.698330269677749,25,25,55,55,49,49,125,125,153,153,DESCRIPTIVE_SMALL_N
1,CROWD_RESPONSE__FM,300_PLUS,1_9,pa,8,0.5505208333333333,25,8,55,38,49,37,125,125,153,153,DESCRIPTIVE_SMALL_N
1,CROWD_RESPONSE__FM,300_PLUS,1_9,als_mae,25,1.130509629543983,25,25,55,55,49,49,125,125,153,153,DESCRIPTIVE_SMALL_N
1,CROWD_RESPONSE__FM,300_PLUS,1_9,als_order,8,0.6194546194546194,25,8,55,38,49,37,125,125,153,153,DESCRIPTIVE_SMALL_N
1,CROWD_RESPONSE__FM,300_PLUS,10_49,mse,29,1.029778612921085,29,29,46,46,37,37,23,23,30,30,DESCRIPTIVE_SMALL_N
1,CROWD_RESPONSE__FM,300_PLUS,10_49,pa,7,0.48928571428571427,29,7,46,22,37,20,23,23,30,28,DESCRIPTIVE_SMALL_N
1,CROWD_RESPONSE__FM,300_PLUS,10_49,als_mae,29,0.968489419510039,29,29,46,46,37,37,23,23,30,30,DESCRIPTIVE_SMALL_N
1,CROWD_RESPONSE__FM,300_PLUS,10_49,als_order,9,0.6444444444444444,29,9,46,26,37,24,23,23,30,30,DESCRIPTIVE_SMALL_N
1,CROWD_RESPONSE__FM,300_PLUS,50_PLUS,mse,65,0.7661750366147587,65,65,216,216,159,159,442,442,599,599,DESCRIPTIVE
1,CROWD_RESPONSE__FM,300_PLUS,50_PLUS,pa,33,0.6244477856434577,65,33,216,174,159,140,442,442,599,585,DESCRIPTIVE
1,CROWD_RESPONSE__FM,300_PLUS,50_PLUS,als_mae,65,0.9133881207458358,65,65,216,216,159,159,442,442,599,599,DESCRIPTIVE
1,CROWD_RESPONSE__FM,300_PLUS,50_PLUS,als_order,40,0.67071158008658,65,40,216,191,159,150,442,442,599,599,DESCRIPTIVE
5,ALS,0,1_9,mse,0,,0,0,0,0,0,0,0,0,0,0,NO_DATA
5,ALS,0,1_9,pa,0,,0,0,0,0,0,0,0,0,0,0,NO_DATA
5,ALS,0,1_9,als_mae,0,,0,0,0,0,0,0,0,0,0,0,NO_DATA
5,ALS,0,1_9,als_order,0,,0,0,0,0,0,0,0,0,0,0,NO_DATA
5,ALS,0,10_49,mse,0,,0,0,0,0,0,0,0,0,0,0,NO_DATA
5,ALS,0,10_49,pa,0,,0,0,0,0,0,0,0,0,0,0,NO_DATA
5,ALS,0,10_49,als_mae,0,,0,0,0,0,0,0,0,0,0,0,NO_DATA
5,ALS,0,10_49,als_order,0,,0,0,0,0,0,0,0,0,0,0,NO_DATA
5,ALS,0,50_PLUS,mse,0,,0,0,0,0,0,0,0,0,0,0,NO_DATA
5,ALS,0,50_PLUS,pa,0,,0,0,0,0,0,0,0,0,0,0,NO_DATA
5,ALS,0,50_PLUS,als_mae,0,,0,0,0,0,0,0,0,0,0,0,NO_DATA
5,ALS,0,50_PLUS,als_order,0,,0,0,0,0,0,0,0,0,0,0,NO_DATA
5,ALS,1_9,1_9,mse,0,,0,0,0,0,0,0,0,0,0,0,NO_DATA
5,ALS,1_9,1_9,pa,0,,0,0,0,0,0,0,0,0,0,0,NO_DATA
5,ALS,1_9,1_9,als_mae,0,,0,0,0,0,0,0,0,0,0,0,NO_DATA
5,ALS,1_9,1_9,als_order,0,,0,0,0,0,0,0,0,0,0,0,NO_DATA
5,ALS,1_9,10_49,mse,0,,0,0,0,0,0,0,0,0,0,0,NO_DATA
5,ALS,1_9,10_49,pa,0,,0,0,0,0,0,0,0,0,0,0,NO_DATA
5,ALS,1_9,10_49,als_mae,0,,0,0,0,0,0,0,0,0,0,0,NO_DATA
5,ALS,1_9,10_49,als_order,0,,0,0,0,0,0,0,0,0,0,0,NO_DATA
5,ALS,1_9,50_PLUS,mse,0,,0,0,0,0,0,0,0,0,0,0,NO_DATA
5,ALS,1_9,50_PLUS,pa,0,,0,0,0,0,0,0,0,0,0,0,NO_DATA
5,ALS,1_9,50_PLUS,als_mae,0,,0,0,0,0,0,0,0,0,0,0,NO_DATA
5,ALS,1_9,50_PLUS,als_order,0,,0,0,0,0,0,0,0,0,0,0,NO_DATA
5,ALS,10_29,1_9,mse,0,,0,0,0,0,0,0,0,0,0,0,NO_DATA
5,ALS,10_29,1_9,pa,0,,0,0,0,0,0,0,0,0,0,0,NO_DATA
5,ALS,10_29,1_9,als_mae,0,,0,0,0,0,0,0,0,0,0,0,NO_DATA
5,ALS,10_29,1_9,als_order,0,,0,0,0,0,0,0,0,0,0,0,NO_DATA
5,ALS,10_29,10_49,mse,0,,0,0,0,0,0,0,0,0,0,0,NO_DATA
5,ALS,10_29,10_49,pa,0,,0,0,0,0,0,0,0,0,0,0,NO_DATA
5,ALS,10_29,10_49,als_mae,0,,0,0,0,0,0,0,0,0,0,0,NO_DATA
5,ALS,10_29,10_49,als_order,0,,0,0,0,0,0,0,0,0,0,0,NO_DATA
5,ALS,10_29,50_PLUS,mse,2,2.1110665478160517,2,2,4,4,3,3,3,3,3,3,DESCRIPTIVE_SMALL_N
5,ALS,10_29,50_PLUS,pa,1,0.0,2,1,4,3,3,3,3,3,3,3,DESCRIPTIVE_SMALL_N
5,ALS,10_29,50_PLUS,als_mae,2,0.0,2,2,4,4,3,3,3,3,3,3,DESCRIPTIVE_SMALL_N
5,ALS,10_29,50_PLUS,als_order,1,1.0,2,1,4,3,3,3,3,3,3,3,DESCRIPTIVE_SMALL_N
5,ALS,30_99,1_9,mse,0,,0,0,0,0,0,0,0,0,0,0,NO_DATA
5,ALS,30_99,1_9,pa,0,,0,0,0,0,0,0,0,0,0,0,NO_DATA
5,ALS,30_99,1_9,als_mae,0,,0,0,0,0,0,0,0,0,0,0,NO_DATA
5,ALS,30_99,1_9,als_order,0,,0,0,0,0,0,0,0,0,0,0,NO_DATA
5,ALS,30_99,10_49,mse,0,,0,0,0,0,0,0,0,0,0,0,NO_DATA
5,ALS,30_99,10_49,pa,0,,0,0,0,0,0,0,0,0,0,0,NO_DATA
5,ALS,30_99,10_49,als_mae,0,,0,0,0,0,0,0,0,0,0,0,NO_DATA
5,ALS,30_99,10_49,als_order,0,,0,0,0,0,0,0,0,0,0,0,NO_DATA
5,ALS,30_99,50_PLUS,mse,18,1.16190240014714,18,18,55,55,45,45,122,122,150,150,DESCRIPTIVE_SMALL_N
5,ALS,30_99,50_PLUS,pa,10,0.6272458172458173,18,10,55,47,45,42,122,122,150,150,DESCRIPTIVE_SMALL_N
5,ALS,30_99,50_PLUS,als_mae,18,0.0,18,18,55,55,45,45,122,122,150,150,DESCRIPTIVE_SMALL_N
5,ALS,30_99,50_PLUS,als_order,10,1.0,18,10,55,47,45,42,122,122,150,150,DESCRIPTIVE_SMALL_N
5,ALS,100_299,1_9,mse,5,1.311901464310278,5,5,6,6,6,6,0,0,1,1,DESCRIPTIVE_SMALL_N
5,ALS,100_299,1_9,pa,0,,5,0,6,0,6,0,0,0,1,0,NO_DATA
5,ALS,100_299,1_9,als_mae,5,0.0,5,5,6,6,6,6,0,0,1,1,DESCRIPTIVE_SMALL_N
5,ALS,100_299,1_9,als_order,1,1.0,5,1,6,2,6,2,0,0,1,1,DESCRIPTIVE_SMALL_N
5,ALS,100_299,10_49,mse,6,1.0188861206753739,6,6,6,6,6,6,0,0,0,0,DESCRIPTIVE_SMALL_N
5,ALS,100_299,10_49,pa,0,,6,0,6,0,6,0,0,0,0,0,NO_DATA
5,ALS,100_299,10_49,als_mae,6,0.0,6,6,6,6,6,6,0,0,0,0,DESCRIPTIVE_SMALL_N
5,ALS,100_299,10_49,als_order,0,,6,0,6,0,6,0,0,0,0,0,NO_DATA
5,ALS,100_299,50_PLUS,mse,24,0.8025659282008318,24,24,73,73,64,64,266,266,342,342,DESCRIPTIVE_SMALL_N
5,ALS,100_299,50_PLUS,pa,10,0.38875621890547263,24,10,73,57,64,51,266,266,342,340,DESCRIPTIVE_SMALL_N
5,ALS,100_299,50_PLUS,als_mae,24,0.0,24,24,73,73,64,64,266,266,342,342,DESCRIPTIVE_SMALL_N
5,ALS,100_299,50_PLUS,als_order,12,1.0,24,12,73,61,64,55,266,266,342,342,DESCRIPTIVE_SMALL_N
5,ALS,300_PLUS,1_9,mse,25,0.9642083101089435,25,25,55,55,49,49,125,125,153,153,DESCRIPTIVE_SMALL_N
5,ALS,300_PLUS,1_9,pa,8,0.7488467261904762,25,8,55,38,49,37,125,125,153,153,DESCRIPTIVE_SMALL_N
5,ALS,300_PLUS,1_9,als_mae,25,0.0,25,25,55,55,49,49,125,125,153,153,DESCRIPTIVE_SMALL_N
5,ALS,300_PLUS,1_9,als_order,8,1.0,25,8,55,38,49,37,125,125,153,153,DESCRIPTIVE_SMALL_N
5,ALS,300_PLUS,10_49,mse,29,1.0087684122250051,29,29,46,46,37,37,23,23,30,30,DESCRIPTIVE_SMALL_N
5,ALS,300_PLUS,10_49,pa,7,0.5678571428571428,29,7,46,22,37,20,23,23,30,28,DESCRIPTIVE_SMALL_N
5,ALS,300_PLUS,10_49,als_mae,29,0.0,29,29,46,46,37,37,23,23,30,30,DESCRIPTIVE_SMALL_N
5,ALS,300_PLUS,10_49,als_order,9,1.0,29,9,46,26,37,24,23,23,30,30,DESCRIPTIVE_SMALL_N
5,ALS,300_PLUS,50_PLUS,mse,65,0.7839849938518634,65,65,216,216,159,159,442,442,599,599,DESCRIPTIVE
5,ALS,300_PLUS,50_PLUS,pa,33,0.7526297469264643,65,33,216,174,159,140,442,442,599,585,DESCRIPTIVE
5,ALS,300_PLUS,50_PLUS,als_mae,65,0.0,65,65,216,216,159,159,442,442,599,599,DESCRIPTIVE
5,ALS,300_PLUS,50_PLUS,als_order,40,1.0,65,40,216,191,159,150,442,442,599,599,DESCRIPTIVE
5,BASE__RIDGE,0,1_9,mse,0,,0,0,0,0,0,0,0,0,0,0,NO_DATA
5,BASE__RIDGE,0,1_9,pa,0,,0,0,0,0,0,0,0,0,0,0,NO_DATA
5,BASE__RIDGE,0,1_9,als_mae,0,,0,0,0,0,0,0,0,0,0,0,NO_DATA
5,BASE__RIDGE,0,1_9,als_order,0,,0,0,0,0,0,0,0,0,0,0,NO_DATA
5,BASE__RIDGE,0,10_49,mse,0,,0,0,0,0,0,0,0,0,0,0,NO_DATA
5,BASE__RIDGE,0,10_49,pa,0,,0,0,0,0,0,0,0,0,0,0,NO_DATA
5,BASE__RIDGE,0,10_49,als_mae,0,,0,0,0,0,0,0,0,0,0,0,NO_DATA
5,BASE__RIDGE,0,10_49,als_order,0,,0,0,0,0,0,0,0,0,0,0,NO_DATA
5,BASE__RIDGE,0,50_PLUS,mse,0,,0,0,0,0,0,0,0,0,0,0,NO_DATA
5,BASE__RIDGE,0,50_PLUS,pa,0,,0,0,0,0,0,0,0,0,0,0,NO_DATA
5,BASE__RIDGE,0,50_PLUS,als_mae,0,,0,0,0,0,0,0,0,0,0,0,NO_DATA
5,BASE__RIDGE,0,50_PLUS,als_order,0,,0,0,0,0,0,0,0,0,0,0,NO_DATA
5,BASE__RIDGE,1_9,1_9,mse,0,,0,0,0,0,0,0,0,0,0,0,NO_DATA
5,BASE__RIDGE,1_9,1_9,pa,0,,0,0,0,0,0,0,0,0,0,0,NO_DATA
5,BASE__RIDGE,1_9,1_9,als_mae,0,,0,0,0,0,0,0,0,0,0,0,NO_DATA
5,BASE__RIDGE,1_9,1_9,als_order,0,,0,0,0,0,0,0,0,0,0,0,NO_DATA
5,BASE__RIDGE,1_9,10_49,mse,0,,0,0,0,0,0,0,0,0,0,0,NO_DATA
5,BASE__RIDGE,1_9,10_49,pa,0,,0,0,0,0,0,0,0,0,0,0,NO_DATA
5,BASE__RIDGE,1_9,10_49,als_mae,0,,0,0,0,0,0,0,0,0,0,0,NO_DATA
5,BASE__RIDGE,1_9,10_49,als_order,0,,0,0,0,0,0,0,0,0,0,0,NO_DATA
5,BASE__RIDGE,1_9,50_PLUS,mse,0,,0,0,0,0,0,0,0,0,0,0,NO_DATA
5,BASE__RIDGE,1_9,50_PLUS,pa,0,,0,0,0,0,0,0,0,0,0,0,NO_DATA
5,BASE__RIDGE,1_9,50_PLUS,als_mae,0,,0,0,0,0,0,0,0,0,0,0,NO_DATA
5,BASE__RIDGE,1_9,50_PLUS,als_order,0,,0,0,0,0,0,0,0,0,0,0,NO_DATA
5,BASE__RIDGE,10_29,1_9,mse,0,,0,0,0,0,0,0,0,0,0,0,NO_DATA
5,BASE__RIDGE,10_29,1_9,pa,0,,0,0,0,0,0,0,0,0,0,0,NO_DATA
5,BASE__RIDGE,10_29,1_9,als_mae,0,,0,0,0,0,0,0,0,0,0,0,NO_DATA
5,BASE__RIDGE,10_29,1_9,als_order,0,,0,0,0,0,0,0,0,0,0,0,NO_DATA
5,BASE__RIDGE,10_29,10_49,mse,0,,0,0,0,0,0,0,0,0,0,0,NO_DATA
5,BASE__RIDGE,10_29,10_49,pa,0,,0,0,0,0,0,0,0,0,0,0,NO_DATA
5,BASE__RIDGE,10_29,10_49,als_mae,0,,0,0,0,0,0,0,0,0,0,0,NO_DATA
5,BASE__RIDGE,10_29,10_49,als_order,0,,0,0,0,0,0,0,0,0,0,0,NO_DATA
5,BASE__RIDGE,10_29,50_PLUS,mse,2,0.5443654257047812,2,2,4,4,3,3,3,3,3,3,DESCRIPTIVE_SMALL_N
5,BASE__RIDGE,10_29,50_PLUS,pa,1,1.0,2,1,4,3,3,3,3,3,3,3,DESCRIPTIVE_SMALL_N
5,BASE__RIDGE,10_29,50_PLUS,als_mae,2,0.7176633511211435,2,2,4,4,3,3,3,3,3,3,DESCRIPTIVE_SMALL_N
5,BASE__RIDGE,10_29,50_PLUS,als_order,1,0.0,2,1,4,3,3,3,3,3,3,3,DESCRIPTIVE_SMALL_N
5,BASE__RIDGE,30_99,1_9,mse,0,,0,0,0,0,0,0,0,0,0,0,NO_DATA
5,BASE__RIDGE,30_99,1_9,pa,0,,0,0,0,0,0,0,0,0,0,0,NO_DATA
5,BASE__RIDGE,30_99,1_9,als_mae,0,,0,0,0,0,0,0,0,0,0,0,NO_DATA
5,BASE__RIDGE,30_99,1_9,als_order,0,,0,0,0,0,0,0,0,0,0,0,NO_DATA
5,BASE__RIDGE,30_99,10_49,mse,0,,0,0,0,0,0,0,0,0,0,0,NO_DATA
5,BASE__RIDGE,30_99,10_49,pa,0,,0,0,0,0,0,0,0,0,0,0,NO_DATA
5,BASE__RIDGE,30_99,10_49,als_mae,0,,0,0,0,0,0,0,0,0,0,0,NO_DATA
5,BASE__RIDGE,30_99,10_49,als_order,0,,0,0,0,0,0,0,0,0,0,0,NO_DATA
5,BASE__RIDGE,30_99,50_PLUS,mse,18,0.9726798156169628,18,18,55,55,45,45,122,122,150,150,DESCRIPTIVE_SMALL_N
5,BASE__RIDGE,30_99,50_PLUS,pa,10,0.75003003003003,18,10,55,47,45,42,122,122,150,150,DESCRIPTIVE_SMALL_N
5,BASE__RIDGE,30_99,50_PLUS,als_mae,18,0.4465681491365061,18,18,55,55,45,45,122,122,150,150,DESCRIPTIVE_SMALL_N
5,BASE__RIDGE,30_99,50_PLUS,als_order,10,0.6318131868131869,18,10,55,47,45,42,122,122,150,150,DESCRIPTIVE_SMALL_N
5,BASE__RIDGE,100_299,1_9,mse,5,0.9361561238007973,5,5,6,6,6,6,0,0,1,1,DESCRIPTIVE_SMALL_N
5,BASE__RIDGE,100_299,1_9,pa,0,,5,0,6,0,6,0,0,0,1,0,NO_DATA
5,BASE__RIDGE,100_299,1_9,als_mae,5,0.44271983228997785,5,5,6,6,6,6,0,0,1,1,DESCRIPTIVE_SMALL_N
5,BASE__RIDGE,100_299,1_9,als_order,1,0.0,5,1,6,2,6,2,0,0,1,1,DESCRIPTIVE_SMALL_N
5,BASE__RIDGE,100_299,10_49,mse,6,0.6332844235974687,6,6,6,6,6,6,0,0,0,0,DESCRIPTIVE_SMALL_N
5,BASE__RIDGE,100_299,10_49,pa,0,,6,0,6,0,6,0,0,0,0,0,NO_DATA
5,BASE__RIDGE,100_299,10_49,als_mae,6,0.42668403958888196,6,6,6,6,6,6,0,0,0,0,DESCRIPTIVE_SMALL_N
5,BASE__RIDGE,100_299,10_49,als_order,0,,6,0,6,0,6,0,0,0,0,0,NO_DATA
5,BASE__RIDGE,100_299,50_PLUS,mse,24,0.7101267216875747,24,24,73,73,64,64,266,266,342,342,DESCRIPTIVE_SMALL_N
5,BASE__RIDGE,100_299,50_PLUS,pa,10,0.46763681592039796,24,10,73,57,64,51,266,266,342,340,DESCRIPTIVE_SMALL_N
5,BASE__RIDGE,100_299,50_PLUS,als_mae,24,0.43147574612317424,24,24,73,73,64,64,266,266,342,342,DESCRIPTIVE_SMALL_N
5,BASE__RIDGE,100_299,50_PLUS,als_order,12,0.6852425180598556,24,12,73,61,64,55,266,266,342,342,DESCRIPTIVE_SMALL_N
5,BASE__RIDGE,300_PLUS,1_9,mse,25,0.8077988162240385,25,25,55,55,49,49,125,125,153,153,DESCRIPTIVE_SMALL_N
5,BASE__RIDGE,300_PLUS,1_9,pa,8,0.4945684523809524,25,8,55,38,49,37,125,125,153,153,DESCRIPTIVE_SMALL_N
5,BASE__RIDGE,300_PLUS,1_9,als_mae,25,0.7028892702586822,25,25,55,55,49,49,125,125,153,153,DESCRIPTIVE_SMALL_N
5,BASE__RIDGE,300_PLUS,1_9,als_order,8,0.6085419210419211,25,8,55,38,49,37,125,125,153,153,DESCRIPTIVE_SMALL_N
5,BASE__RIDGE,300_PLUS,10_49,mse,29,0.970241360281022,29,29,46,46,37,37,23,23,30,30,DESCRIPTIVE_SMALL_N
5,BASE__RIDGE,300_PLUS,10_49,pa,7,0.6857142857142858,29,7,46,22,37,20,23,23,30,28,DESCRIPTIVE_SMALL_N
5,BASE__RIDGE,300_PLUS,10_49,als_mae,29,0.4760483601585245,29,29,46,46,37,37,23,23,30,30,DESCRIPTIVE_SMALL_N
5,BASE__RIDGE,300_PLUS,10_49,als_order,9,0.6518518518518519,29,9,46,26,37,24,23,23,30,30,DESCRIPTIVE_SMALL_N
5,BASE__RIDGE,300_PLUS,50_PLUS,mse,65,0.8588287947417804,65,65,216,216,159,159,442,442,599,599,DESCRIPTIVE
5,BASE__RIDGE,300_PLUS,50_PLUS,pa,33,0.576537048236113,65,33,216,174,159,140,442,442,599,585,DESCRIPTIVE
5,BASE__RIDGE,300_PLUS,50_PLUS,als_mae,65,0.5488563262207656,65,65,216,216,159,159,442,442,599,599,DESCRIPTIVE
5,BASE__RIDGE,300_PLUS,50_PLUS,als_order,40,0.6265710678210679,65,40,216,191,159,150,442,442,599,599,DESCRIPTIVE
5,BASE__GBT,0,1_9,mse,0,,0,0,0,0,0,0,0,0,0,0,NO_DATA
5,BASE__GBT,0,1_9,pa,0,,0,0,0,0,0,0,0,0,0,0,NO_DATA
5,BASE__GBT,0,1_9,als_mae,0,,0,0,0,0,0,0,0,0,0,0,NO_DATA
5,BASE__GBT,0,1_9,als_order,0,,0,0,0,0,0,0,0,0,0,0,NO_DATA
5,BASE__GBT,0,10_49,mse,0,,0,0,0,0,0,0,0,0,0,0,NO_DATA
5,BASE__GBT,0,10_49,pa,0,,0,0,0,0,0,0,0,0,0,0,NO_DATA
5,BASE__GBT,0,10_49,als_mae,0,,0,0,0,0,0,0,0,0,0,0,NO_DATA
5,BASE__GBT,0,10_49,als_order,0,,0,0,0,0,0,0,0,0,0,0,NO_DATA
5,BASE__GBT,0,50_PLUS,mse,0,,0,0,0,0,0,0,0,0,0,0,NO_DATA
5,BASE__GBT,0,50_PLUS,pa,0,,0,0,0,0,0,0,0,0,0,0,NO_DATA
5,BASE__GBT,0,50_PLUS,als_mae,0,,0,0,0,0,0,0,0,0,0,0,NO_DATA
5,BASE__GBT,0,50_PLUS,als_order,0,,0,0,0,0,0,0,0,0,0,0,NO_DATA
5,BASE__GBT,1_9,1_9,mse,0,,0,0,0,0,0,0,0,0,0,0,NO_DATA
5,BASE__GBT,1_9,1_9,pa,0,,0,0,0,0,0,0,0,0,0,0,NO_DATA
5,BASE__GBT,1_9,1_9,als_mae,0,,0,0,0,0,0,0,0,0,0,0,NO_DATA
5,BASE__GBT,1_9,1_9,als_order,0,,0,0,0,0,0,0,0,0,0,0,NO_DATA
5,BASE__GBT,1_9,10_49,mse,0,,0,0,0,0,0,0,0,0,0,0,NO_DATA
5,BASE__GBT,1_9,10_49,pa,0,,0,0,0,0,0,0,0,0,0,0,NO_DATA
5,BASE__GBT,1_9,10_49,als_mae,0,,0,0,0,0,0,0,0,0,0,0,NO_DATA
5,BASE__GBT,1_9,10_49,als_order,0,,0,0,0,0,0,0,0,0,0,0,NO_DATA
5,BASE__GBT,1_9,50_PLUS,mse,0,,0,0,0,0,0,0,0,0,0,0,NO_DATA
5,BASE__GBT,1_9,50_PLUS,pa,0,,0,0,0,0,0,0,0,0,0,0,NO_DATA
5,BASE__GBT,1_9,50_PLUS,als_mae,0,,0,0,0,0,0,0,0,0,0,0,NO_DATA
5,BASE__GBT,1_9,50_PLUS,als_order,0,,0,0,0,0,0,0,0,0,0,0,NO_DATA
5,BASE__GBT,10_29,1_9,mse,0,,0,0,0,0,0,0,0,0,0,0,NO_DATA
5,BASE__GBT,10_29,1_9,pa,0,,0,0,0,0,0,0,0,0,0,0,NO_DATA
5,BASE__GBT,10_29,1_9,als_mae,0,,0,0,0,0,0,0,0,0,0,0,NO_DATA
5,BASE__GBT,10_29,1_9,als_order,0,,0,0,0,0,0,0,0,0,0,0,NO_DATA
5,BASE__GBT,10_29,10_49,mse,0,,0,0,0,0,0,0,0,0,0,0,NO_DATA
5,BASE__GBT,10_29,10_49,pa,0,,0,0,0,0,0,0,0,0,0,0,NO_DATA
5,BASE__GBT,10_29,10_49,als_mae,0,,0,0,0,0,0,0,0,0,0,0,NO_DATA
5,BASE__GBT,10_29,10_49,als_order,0,,0,0,0,0,0,0,0,0,0,0,NO_DATA
5,BASE__GBT,10_29,50_PLUS,mse,2,0.6868876031352614,2,2,4,4,3,3,3,3,3,3,DESCRIPTIVE_SMALL_N
5,BASE__GBT,10_29,50_PLUS,pa,1,0.6666666666666666,2,1,4,3,3,3,3,3,3,3,DESCRIPTIVE_SMALL_N
5,BASE__GBT,10_29,50_PLUS,als_mae,2,0.6718465441637077,2,2,4,4,3,3,3,3,3,3,DESCRIPTIVE_SMALL_N
5,BASE__GBT,10_29,50_PLUS,als_order,1,0.3333333333333333,2,1,4,3,3,3,3,3,3,3,DESCRIPTIVE_SMALL_N
5,BASE__GBT,30_99,1_9,mse,0,,0,0,0,0,0,0,0,0,0,0,NO_DATA
5,BASE__GBT,30_99,1_9,pa,0,,0,0,0,0,0,0,0,0,0,0,NO_DATA
5,BASE__GBT,30_99,1_9,als_mae,0,,0,0,0,0,0,0,0,0,0,0,NO_DATA
5,BASE__GBT,30_99,1_9,als_order,0,,0,0,0,0,0,0,0,0,0,0,NO_DATA
5,BASE__GBT,30_99,10_49,mse,0,,0,0,0,0,0,0,0,0,0,0,NO_DATA
5,BASE__GBT,30_99,10_49,pa,0,,0,0,0,0,0,0,0,0,0,0,NO_DATA
5,BASE__GBT,30_99,10_49,als_mae,0,,0,0,0,0,0,0,0,0,0,0,NO_DATA
5,BASE__GBT,30_99,10_49,als_order,0,,0,0,0,0,0,0,0,0,0,0,NO_DATA
5,BASE__GBT,30_99,50_PLUS,mse,18,0.9222605846914822,18,18,55,55,45,45,122,122,150,150,DESCRIPTIVE_SMALL_N
5,BASE__GBT,30_99,50_PLUS,pa,10,0.6805748605748605,18,10,55,47,45,42,122,122,150,150,DESCRIPTIVE_SMALL_N
5,BASE__GBT,30_99,50_PLUS,als_mae,18,0.4617023256629779,18,18,55,55,45,45,122,122,150,150,DESCRIPTIVE_SMALL_N
5,BASE__GBT,30_99,50_PLUS,als_order,10,0.5988644688644689,18,10,55,47,45,42,122,122,150,150,DESCRIPTIVE_SMALL_N
5,BASE__GBT,100_299,1_9,mse,5,0.9388830880653538,5,5,6,6,6,6,0,0,1,1,DESCRIPTIVE_SMALL_N
5,BASE__GBT,100_299,1_9,pa,0,,5,0,6,0,6,0,0,0,1,0,NO_DATA
5,BASE__GBT,100_299,1_9,als_mae,5,0.45457513354998175,5,5,6,6,6,6,0,0,1,1,DESCRIPTIVE_SMALL_N
5,BASE__GBT,100_299,1_9,als_order,1,1.0,5,1,6,2,6,2,0,0,1,1,DESCRIPTIVE_SMALL_N
5,BASE__GBT,100_299,10_49,mse,6,0.7228311436966147,6,6,6,6,6,6,0,0,0,0,DESCRIPTIVE_SMALL_N
5,BASE__GBT,100_299,10_49,pa,0,,6,0,6,0,6,0,0,0,0,0,NO_DATA
5,BASE__GBT,100_299,10_49,als_mae,6,0.4879912988462876,6,6,6,6,6,6,0,0,0,0,DESCRIPTIVE_SMALL_N
5,BASE__GBT,100_299,10_49,als_order,0,,6,0,6,0,6,0,0,0,0,0,NO_DATA
5,BASE__GBT,100_299,50_PLUS,mse,24,0.7005351383213493,24,24,73,73,64,64,266,266,342,342,DESCRIPTIVE_SMALL_N
5,BASE__GBT,100_299,50_PLUS,pa,10,0.6240049751243781,24,10,73,57,64,51,266,266,342,340,DESCRIPTIVE_SMALL_N
5,BASE__GBT,100_299,50_PLUS,als_mae,24,0.4183530645348113,24,24,73,73,64,64,266,266,342,342,DESCRIPTIVE_SMALL_N
5,BASE__GBT,100_299,50_PLUS,als_order,12,0.7144536177043919,24,12,73,61,64,55,266,266,342,342,DESCRIPTIVE_SMALL_N
5,BASE__GBT,300_PLUS,1_9,mse,25,0.7977649632044271,25,25,55,55,49,49,125,125,153,153,DESCRIPTIVE_SMALL_N
5,BASE__GBT,300_PLUS,1_9,pa,8,0.6298363095238095,25,8,55,38,49,37,125,125,153,153,DESCRIPTIVE_SMALL_N
5,BASE__GBT,300_PLUS,1_9,als_mae,25,0.7238253140445992,25,25,55,55,49,49,125,125,153,153,DESCRIPTIVE_SMALL_N
5,BASE__GBT,300_PLUS,1_9,als_order,8,0.7717999592999594,25,8,55,38,49,37,125,125,153,153,DESCRIPTIVE_SMALL_N
5,BASE__GBT,300_PLUS,10_49,mse,29,0.9962804144038946,29,29,46,46,37,37,23,23,30,30,DESCRIPTIVE_SMALL_N
5,BASE__GBT,300_PLUS,10_49,pa,7,0.55,29,7,46,22,37,20,23,23,30,28,DESCRIPTIVE_SMALL_N
5,BASE__GBT,300_PLUS,10_49,als_mae,29,0.43841317382387335,29,29,46,46,37,37,23,23,30,30,DESCRIPTIVE_SMALL_N
5,BASE__GBT,300_PLUS,10_49,als_order,9,0.5259259259259259,29,9,46,26,37,24,23,23,30,30,DESCRIPTIVE_SMALL_N
5,BASE__GBT,300_PLUS,50_PLUS,mse,65,0.7367679647018892,65,65,216,216,159,159,442,442,599,599,DESCRIPTIVE
5,BASE__GBT,300_PLUS,50_PLUS,pa,33,0.6226347806074561,65,33,216,174,159,140,442,442,599,585,DESCRIPTIVE
5,BASE__GBT,300_PLUS,50_PLUS,als_mae,65,0.5111559079772519,65,65,216,216,159,159,442,442,599,599,DESCRIPTIVE
5,BASE__GBT,300_PLUS,50_PLUS,als_order,40,0.6310930735930735,65,40,216,191,159,150,442,442,599,599,DESCRIPTIVE
5,BASE__FM,0,1_9,mse,0,,0,0,0,0,0,0,0,0,0,0,NO_DATA
5,BASE__FM,0,1_9,pa,0,,0,0,0,0,0,0,0,0,0,0,NO_DATA
5,BASE__FM,0,1_9,als_mae,0,,0,0,0,0,0,0,0,0,0,0,NO_DATA
5,BASE__FM,0,1_9,als_order,0,,0,0,0,0,0,0,0,0,0,0,NO_DATA
5,BASE__FM,0,10_49,mse,0,,0,0,0,0,0,0,0,0,0,0,NO_DATA
5,BASE__FM,0,10_49,pa,0,,0,0,0,0,0,0,0,0,0,0,NO_DATA
5,BASE__FM,0,10_49,als_mae,0,,0,0,0,0,0,0,0,0,0,0,NO_DATA
5,BASE__FM,0,10_49,als_order,0,,0,0,0,0,0,0,0,0,0,0,NO_DATA
5,BASE__FM,0,50_PLUS,mse,0,,0,0,0,0,0,0,0,0,0,0,NO_DATA
5,BASE__FM,0,50_PLUS,pa,0,,0,0,0,0,0,0,0,0,0,0,NO_DATA
5,BASE__FM,0,50_PLUS,als_mae,0,,0,0,0,0,0,0,0,0,0,0,NO_DATA
5,BASE__FM,0,50_PLUS,als_order,0,,0,0,0,0,0,0,0,0,0,0,NO_DATA
5,BASE__FM,1_9,1_9,mse,0,,0,0,0,0,0,0,0,0,0,0,NO_DATA
5,BASE__FM,1_9,1_9,pa,0,,0,0,0,0,0,0,0,0,0,0,NO_DATA
5,BASE__FM,1_9,1_9,als_mae,0,,0,0,0,0,0,0,0,0,0,0,NO_DATA
5,BASE__FM,1_9,1_9,als_order,0,,0,0,0,0,0,0,0,0,0,0,NO_DATA
5,BASE__FM,1_9,10_49,mse,0,,0,0,0,0,0,0,0,0,0,0,NO_DATA
5,BASE__FM,1_9,10_49,pa,0,,0,0,0,0,0,0,0,0,0,0,NO_DATA
5,BASE__FM,1_9,10_49,als_mae,0,,0,0,0,0,0,0,0,0,0,0,NO_DATA
5,BASE__FM,1_9,10_49,als_order,0,,0,0,0,0,0,0,0,0,0,0,NO_DATA
5,BASE__FM,1_9,50_PLUS,mse,0,,0,0,0,0,0,0,0,0,0,0,NO_DATA
5,BASE__FM,1_9,50_PLUS,pa,0,,0,0,0,0,0,0,0,0,0,0,NO_DATA
5,BASE__FM,1_9,50_PLUS,als_mae,0,,0,0,0,0,0,0,0,0,0,0,NO_DATA
5,BASE__FM,1_9,50_PLUS,als_order,0,,0,0,0,0,0,0,0,0,0,0,NO_DATA
5,BASE__FM,10_29,1_9,mse,0,,0,0,0,0,0,0,0,0,0,0,NO_DATA
5,BASE__FM,10_29,1_9,pa,0,,0,0,0,0,0,0,0,0,0,0,NO_DATA
5,BASE__FM,10_29,1_9,als_mae,0,,0,0,0,0,0,0,0,0,0,0,NO_DATA
5,BASE__FM,10_29,1_9,als_order,0,,0,0,0,0,0,0,0,0,0,0,NO_DATA
5,BASE__FM,10_29,10_49,mse,0,,0,0,0,0,0,0,0,0,0,0,NO_DATA
5,BASE__FM,10_29,10_49,pa,0,,0,0,0,0,0,0,0,0,0,0,NO_DATA
5,BASE__FM,10_29,10_49,als_mae,0,,0,0,0,0,0,0,0,0,0,0,NO_DATA
5,BASE__FM,10_29,10_49,als_order,0,,0,0,0,0,0,0,0,0,0,0,NO_DATA
5,BASE__FM,10_29,50_PLUS,mse,2,0.7487378000763178,2,2,4,4,3,3,3,3,3,3,DESCRIPTIVE_SMALL_N
5,BASE__FM,10_29,50_PLUS,pa,1,1.0,2,1,4,3,3,3,3,3,3,3,DESCRIPTIVE_SMALL_N
5,BASE__FM,10_29,50_PLUS,als_mae,2,0.5936876106668088,2,2,4,4,3,3,3,3,3,3,DESCRIPTIVE_SMALL_N
5,BASE__FM,10_29,50_PLUS,als_order,1,0.0,2,1,4,3,3,3,3,3,3,3,DESCRIPTIVE_SMALL_N
5,BASE__FM,30_99,1_9,mse,0,,0,0,0,0,0,0,0,0,0,0,NO_DATA
5,BASE__FM,30_99,1_9,pa,0,,0,0,0,0,0,0,0,0,0,0,NO_DATA
5,BASE__FM,30_99,1_9,als_mae,0,,0,0,0,0,0,0,0,0,0,0,NO_DATA
5,BASE__FM,30_99,1_9,als_order,0,,0,0,0,0,0,0,0,0,0,0,NO_DATA
5,BASE__FM,30_99,10_49,mse,0,,0,0,0,0,0,0,0,0,0,0,NO_DATA
5,BASE__FM,30_99,10_49,pa,0,,0,0,0,0,0,0,0,0,0,0,NO_DATA
5,BASE__FM,30_99,10_49,als_mae,0,,0,0,0,0,0,0,0,0,0,0,NO_DATA
5,BASE__FM,30_99,10_49,als_order,0,,0,0,0,0,0,0,0,0,0,0,NO_DATA
5,BASE__FM,30_99,50_PLUS,mse,18,0.8727160801908886,18,18,55,55,45,45,122,122,150,150,DESCRIPTIVE_SMALL_N
5,BASE__FM,30_99,50_PLUS,pa,10,0.7920935220935221,18,10,55,47,45,42,122,122,150,150,DESCRIPTIVE_SMALL_N
5,BASE__FM,30_99,50_PLUS,als_mae,18,0.42504935292221774,18,18,55,55,45,45,122,122,150,150,DESCRIPTIVE_SMALL_N
5,BASE__FM,30_99,50_PLUS,als_order,10,0.6374175824175825,18,10,55,47,45,42,122,122,150,150,DESCRIPTIVE_SMALL_N
5,BASE__FM,100_299,1_9,mse,5,1.1499831332973511,5,5,6,6,6,6,0,0,1,1,DESCRIPTIVE_SMALL_N
5,BASE__FM,100_299,1_9,pa,0,,5,0,6,0,6,0,0,0,1,0,NO_DATA
5,BASE__FM,100_299,1_9,als_mae,5,0.49753198803957055,5,5,6,6,6,6,0,0,1,1,DESCRIPTIVE_SMALL_N
5,BASE__FM,100_299,1_9,als_order,1,0.0,5,1,6,2,6,2,0,0,1,1,DESCRIPTIVE_SMALL_N
5,BASE__FM,100_299,10_49,mse,6,0.63497434657861,6,6,6,6,6,6,0,0,0,0,DESCRIPTIVE_SMALL_N
5,BASE__FM,100_299,10_49,pa,0,,6,0,6,0,6,0,0,0,0,0,NO_DATA
5,BASE__FM,100_299,10_49,als_mae,6,0.37122628640246763,6,6,6,6,6,6,0,0,0,0,DESCRIPTIVE_SMALL_N
5,BASE__FM,100_299,10_49,als_order,0,,6,0,6,0,6,0,0,0,0,0,NO_DATA
5,BASE__FM,100_299,50_PLUS,mse,24,0.673715268374091,24,24,73,73,64,64,266,266,342,342,DESCRIPTIVE_SMALL_N
5,BASE__FM,100_299,50_PLUS,pa,10,0.5117164179104478,24,10,73,57,64,51,266,266,342,340,DESCRIPTIVE_SMALL_N
5,BASE__FM,100_299,50_PLUS,als_mae,24,0.3964416478244966,24,24,73,73,64,64,266,266,342,342,DESCRIPTIVE_SMALL_N
5,BASE__FM,100_299,50_PLUS,als_order,12,0.5740167411994037,24,12,73,61,64,55,266,266,342,342,DESCRIPTIVE_SMALL_N
5,BASE__FM,300_PLUS,1_9,mse,25,0.8692310117668812,25,25,55,55,49,49,125,125,153,153,DESCRIPTIVE_SMALL_N
5,BASE__FM,300_PLUS,1_9,pa,8,0.5269345238095238,25,8,55,38,49,37,125,125,153,153,DESCRIPTIVE_SMALL_N
5,BASE__FM,300_PLUS,1_9,als_mae,25,0.6615916918671304,25,25,55,55,49,49,125,125,153,153,DESCRIPTIVE_SMALL_N
5,BASE__FM,300_PLUS,1_9,als_order,8,0.6256105006105006,25,8,55,38,49,37,125,125,153,153,DESCRIPTIVE_SMALL_N
5,BASE__FM,300_PLUS,10_49,mse,29,1.0066865654684118,29,29,46,46,37,37,23,23,30,30,DESCRIPTIVE_SMALL_N
5,BASE__FM,300_PLUS,10_49,pa,7,0.5428571428571428,29,7,46,22,37,20,23,23,30,28,DESCRIPTIVE_SMALL_N
5,BASE__FM,300_PLUS,10_49,als_mae,29,0.43792066447961725,29,29,46,46,37,37,23,23,30,30,DESCRIPTIVE_SMALL_N
5,BASE__FM,300_PLUS,10_49,als_order,9,0.6407407407407407,29,9,46,26,37,24,23,23,30,30,DESCRIPTIVE_SMALL_N
5,BASE__FM,300_PLUS,50_PLUS,mse,65,0.7762213622875564,65,65,216,216,159,159,442,442,599,599,DESCRIPTIVE
5,BASE__FM,300_PLUS,50_PLUS,pa,33,0.5718772867819264,65,33,216,174,159,140,442,442,599,585,DESCRIPTIVE
5,BASE__FM,300_PLUS,50_PLUS,als_mae,65,0.5041025533431905,65,65,216,216,159,159,442,442,599,599,DESCRIPTIVE
5,BASE__FM,300_PLUS,50_PLUS,als_order,40,0.5368704906204906,65,40,216,191,159,150,442,442,599,599,DESCRIPTIVE
5,SUPPORT__RIDGE,0,1_9,mse,0,,0,0,0,0,0,0,0,0,0,0,NO_DATA
5,SUPPORT__RIDGE,0,1_9,pa,0,,0,0,0,0,0,0,0,0,0,0,NO_DATA
5,SUPPORT__RIDGE,0,1_9,als_mae,0,,0,0,0,0,0,0,0,0,0,0,NO_DATA
5,SUPPORT__RIDGE,0,1_9,als_order,0,,0,0,0,0,0,0,0,0,0,0,NO_DATA
5,SUPPORT__RIDGE,0,10_49,mse,0,,0,0,0,0,0,0,0,0,0,0,NO_DATA
5,SUPPORT__RIDGE,0,10_49,pa,0,,0,0,0,0,0,0,0,0,0,0,NO_DATA
5,SUPPORT__RIDGE,0,10_49,als_mae,0,,0,0,0,0,0,0,0,0,0,0,NO_DATA
5,SUPPORT__RIDGE,0,10_49,als_order,0,,0,0,0,0,0,0,0,0,0,0,NO_DATA
5,SUPPORT__RIDGE,0,50_PLUS,mse,0,,0,0,0,0,0,0,0,0,0,0,NO_DATA
5,SUPPORT__RIDGE,0,50_PLUS,pa,0,,0,0,0,0,0,0,0,0,0,0,NO_DATA
5,SUPPORT__RIDGE,0,50_PLUS,als_mae,0,,0,0,0,0,0,0,0,0,0,0,NO_DATA
5,SUPPORT__RIDGE,0,50_PLUS,als_order,0,,0,0,0,0,0,0,0,0,0,0,NO_DATA
5,SUPPORT__RIDGE,1_9,1_9,mse,0,,0,0,0,0,0,0,0,0,0,0,NO_DATA
5,SUPPORT__RIDGE,1_9,1_9,pa,0,,0,0,0,0,0,0,0,0,0,0,NO_DATA
5,SUPPORT__RIDGE,1_9,1_9,als_mae,0,,0,0,0,0,0,0,0,0,0,0,NO_DATA
5,SUPPORT__RIDGE,1_9,1_9,als_order,0,,0,0,0,0,0,0,0,0,0,0,NO_DATA
5,SUPPORT__RIDGE,1_9,10_49,mse,0,,0,0,0,0,0,0,0,0,0,0,NO_DATA
5,SUPPORT__RIDGE,1_9,10_49,pa,0,,0,0,0,0,0,0,0,0,0,0,NO_DATA
5,SUPPORT__RIDGE,1_9,10_49,als_mae,0,,0,0,0,0,0,0,0,0,0,0,NO_DATA
5,SUPPORT__RIDGE,1_9,10_49,als_order,0,,0,0,0,0,0,0,0,0,0,0,NO_DATA
5,SUPPORT__RIDGE,1_9,50_PLUS,mse,0,,0,0,0,0,0,0,0,0,0,0,NO_DATA
5,SUPPORT__RIDGE,1_9,50_PLUS,pa,0,,0,0,0,0,0,0,0,0,0,0,NO_DATA
5,SUPPORT__RIDGE,1_9,50_PLUS,als_mae,0,,0,0,0,0,0,0,0,0,0,0,NO_DATA
5,SUPPORT__RIDGE,1_9,50_PLUS,als_order,0,,0,0,0,0,0,0,0,0,0,0,NO_DATA
5,SUPPORT__RIDGE,10_29,1_9,mse,0,,0,0,0,0,0,0,0,0,0,0,NO_DATA
5,SUPPORT__RIDGE,10_29,1_9,pa,0,,0,0,0,0,0,0,0,0,0,0,NO_DATA
5,SUPPORT__RIDGE,10_29,1_9,als_mae,0,,0,0,0,0,0,0,0,0,0,0,NO_DATA
5,SUPPORT__RIDGE,10_29,1_9,als_order,0,,0,0,0,0,0,0,0,0,0,0,NO_DATA
5,SUPPORT__RIDGE,10_29,10_49,mse,0,,0,0,0,0,0,0,0,0,0,0,NO_DATA
5,SUPPORT__RIDGE,10_29,10_49,pa,0,,0,0,0,0,0,0,0,0,0,0,NO_DATA
5,SUPPORT__RIDGE,10_29,10_49,als_mae,0,,0,0,0,0,0,0,0,0,0,0,NO_DATA
5,SUPPORT__RIDGE,10_29,10_49,als_order,0,,0,0,0,0,0,0,0,0,0,0,NO_DATA
5,SUPPORT__RIDGE,10_29,50_PLUS,mse,2,0.5098619158902832,2,2,4,4,3,3,3,3,3,3,DESCRIPTIVE_SMALL_N
5,SUPPORT__RIDGE,10_29,50_PLUS,pa,1,1.0,2,1,4,3,3,3,3,3,3,3,DESCRIPTIVE_SMALL_N
5,SUPPORT__RIDGE,10_29,50_PLUS,als_mae,2,0.7409537708659321,2,2,4,4,3,3,3,3,3,3,DESCRIPTIVE_SMALL_N
5,SUPPORT__RIDGE,10_29,50_PLUS,als_order,1,0.0,2,1,4,3,3,3,3,3,3,3,DESCRIPTIVE_SMALL_N
5,SUPPORT__RIDGE,30_99,1_9,mse,0,,0,0,0,0,0,0,0,0,0,0,NO_DATA
5,SUPPORT__RIDGE,30_99,1_9,pa,0,,0,0,0,0,0,0,0,0,0,0,NO_DATA
5,SUPPORT__RIDGE,30_99,1_9,als_mae,0,,0,0,0,0,0,0,0,0,0,0,NO_DATA
5,SUPPORT__RIDGE,30_99,1_9,als_order,0,,0,0,0,0,0,0,0,0,0,0,NO_DATA
5,SUPPORT__RIDGE,30_99,10_49,mse,0,,0,0,0,0,0,0,0,0,0,0,NO_DATA
5,SUPPORT__RIDGE,30_99,10_49,pa,0,,0,0,0,0,0,0,0,0,0,0,NO_DATA
5,SUPPORT__RIDGE,30_99,10_49,als_mae,0,,0,0,0,0,0,0,0,0,0,0,NO_DATA
5,SUPPORT__RIDGE,30_99,10_49,als_order,0,,0,0,0,0,0,0,0,0,0,0,NO_DATA
5,SUPPORT__RIDGE,30_99,50_PLUS,mse,18,0.9762424678664436,18,18,55,55,45,45,122,122,150,150,DESCRIPTIVE_SMALL_N
5,SUPPORT__RIDGE,30_99,50_PLUS,pa,10,0.7534405834405835,18,10,55,47,45,42,122,122,150,150,DESCRIPTIVE_SMALL_N
5,SUPPORT__RIDGE,30_99,50_PLUS,als_mae,18,0.45028211881226266,18,18,55,55,45,45,122,122,150,150,DESCRIPTIVE_SMALL_N
5,SUPPORT__RIDGE,30_99,50_PLUS,als_order,10,0.6353846153846154,18,10,55,47,45,42,122,122,150,150,DESCRIPTIVE_SMALL_N
5,SUPPORT__RIDGE,100_299,1_9,mse,5,0.926645244522162,5,5,6,6,6,6,0,0,1,1,DESCRIPTIVE_SMALL_N
5,SUPPORT__RIDGE,100_299,1_9,pa,0,,5,0,6,0,6,0,0,0,1,0,NO_DATA
5,SUPPORT__RIDGE,100_299,1_9,als_mae,5,0.46542936859870776,5,5,6,6,6,6,0,0,1,1,DESCRIPTIVE_SMALL_N
5,SUPPORT__RIDGE,100_299,1_9,als_order,1,0.0,5,1,6,2,6,2,0,0,1,1,DESCRIPTIVE_SMALL_N
5,SUPPORT__RIDGE,100_299,10_49,mse,6,0.6523307920348697,6,6,6,6,6,6,0,0,0,0,DESCRIPTIVE_SMALL_N
5,SUPPORT__RIDGE,100_299,10_49,pa,0,,6,0,6,0,6,0,0,0,0,0,NO_DATA
5,SUPPORT__RIDGE,100_299,10_49,als_mae,6,0.4439625046760775,6,6,6,6,6,6,0,0,0,0,DESCRIPTIVE_SMALL_N
5,SUPPORT__RIDGE,100_299,10_49,als_order,0,,6,0,6,0,6,0,0,0,0,0,NO_DATA
5,SUPPORT__RIDGE,100_299,50_PLUS,mse,24,0.7258592247689242,24,24,73,73,64,64,266,266,342,342,DESCRIPTIVE_SMALL_N
5,SUPPORT__RIDGE,100_299,50_PLUS,pa,10,0.513731343283582,24,10,73,57,64,51,266,266,342,340,DESCRIPTIVE_SMALL_N
5,SUPPORT__RIDGE,100_299,50_PLUS,als_mae,24,0.4513648601729386,24,24,73,73,64,64,266,266,342,342,DESCRIPTIVE_SMALL_N
5,SUPPORT__RIDGE,100_299,50_PLUS,als_order,12,0.6851851851851852,24,12,73,61,64,55,266,266,342,342,DESCRIPTIVE_SMALL_N
5,SUPPORT__RIDGE,300_PLUS,1_9,mse,25,0.8211543307994106,25,25,55,55,49,49,125,125,153,153,DESCRIPTIVE_SMALL_N
5,SUPPORT__RIDGE,300_PLUS,1_9,pa,8,0.5033482142857143,25,8,55,38,49,37,125,125,153,153,DESCRIPTIVE_SMALL_N
5,SUPPORT__RIDGE,300_PLUS,1_9,als_mae,25,0.7211022613003004,25,25,55,55,49,49,125,125,153,153,DESCRIPTIVE_SMALL_N
5,SUPPORT__RIDGE,300_PLUS,1_9,als_order,8,0.602538665038665,25,8,55,38,49,37,125,125,153,153,DESCRIPTIVE_SMALL_N
5,SUPPORT__RIDGE,300_PLUS,10_49,mse,29,0.9522481095791683,29,29,46,46,37,37,23,23,30,30,DESCRIPTIVE_SMALL_N
5,SUPPORT__RIDGE,300_PLUS,10_49,pa,7,0.6857142857142858,29,7,46,22,37,20,23,23,30,28,DESCRIPTIVE_SMALL_N
5,SUPPORT__RIDGE,300_PLUS,10_49,als_mae,29,0.4925758300438864,29,29,46,46,37,37,23,23,30,30,DESCRIPTIVE_SMALL_N
5,SUPPORT__RIDGE,300_PLUS,10_49,als_order,9,0.6333333333333333,29,9,46,26,37,24,23,23,30,30,DESCRIPTIVE_SMALL_N
5,SUPPORT__RIDGE,300_PLUS,50_PLUS,mse,65,0.8766852670971615,65,65,216,216,159,159,442,442,599,599,DESCRIPTIVE
5,SUPPORT__RIDGE,300_PLUS,50_PLUS,pa,33,0.5796576744770399,65,33,216,174,159,140,442,442,599,585,DESCRIPTIVE
5,SUPPORT__RIDGE,300_PLUS,50_PLUS,als_mae,65,0.5636804387413551,65,65,216,216,159,159,442,442,599,599,DESCRIPTIVE
5,SUPPORT__RIDGE,300_PLUS,50_PLUS,als_order,40,0.6155194805194805,65,40,216,191,159,150,442,442,599,599,DESCRIPTIVE
5,SUPPORT__GBT,0,1_9,mse,0,,0,0,0,0,0,0,0,0,0,0,NO_DATA
5,SUPPORT__GBT,0,1_9,pa,0,,0,0,0,0,0,0,0,0,0,0,NO_DATA
5,SUPPORT__GBT,0,1_9,als_mae,0,,0,0,0,0,0,0,0,0,0,0,NO_DATA
5,SUPPORT__GBT,0,1_9,als_order,0,,0,0,0,0,0,0,0,0,0,0,NO_DATA
5,SUPPORT__GBT,0,10_49,mse,0,,0,0,0,0,0,0,0,0,0,0,NO_DATA
5,SUPPORT__GBT,0,10_49,pa,0,,0,0,0,0,0,0,0,0,0,0,NO_DATA
5,SUPPORT__GBT,0,10_49,als_mae,0,,0,0,0,0,0,0,0,0,0,0,NO_DATA
5,SUPPORT__GBT,0,10_49,als_order,0,,0,0,0,0,0,0,0,0,0,0,NO_DATA
5,SUPPORT__GBT,0,50_PLUS,mse,0,,0,0,0,0,0,0,0,0,0,0,NO_DATA
5,SUPPORT__GBT,0,50_PLUS,pa,0,,0,0,0,0,0,0,0,0,0,0,NO_DATA
5,SUPPORT__GBT,0,50_PLUS,als_mae,0,,0,0,0,0,0,0,0,0,0,0,NO_DATA
5,SUPPORT__GBT,0,50_PLUS,als_order,0,,0,0,0,0,0,0,0,0,0,0,NO_DATA
5,SUPPORT__GBT,1_9,1_9,mse,0,,0,0,0,0,0,0,0,0,0,0,NO_DATA
5,SUPPORT__GBT,1_9,1_9,pa,0,,0,0,0,0,0,0,0,0,0,0,NO_DATA
5,SUPPORT__GBT,1_9,1_9,als_mae,0,,0,0,0,0,0,0,0,0,0,0,NO_DATA
5,SUPPORT__GBT,1_9,1_9,als_order,0,,0,0,0,0,0,0,0,0,0,0,NO_DATA
5,SUPPORT__GBT,1_9,10_49,mse,0,,0,0,0,0,0,0,0,0,0,0,NO_DATA
5,SUPPORT__GBT,1_9,10_49,pa,0,,0,0,0,0,0,0,0,0,0,0,NO_DATA
5,SUPPORT__GBT,1_9,10_49,als_mae,0,,0,0,0,0,0,0,0,0,0,0,NO_DATA
5,SUPPORT__GBT,1_9,10_49,als_order,0,,0,0,0,0,0,0,0,0,0,0,NO_DATA
5,SUPPORT__GBT,1_9,50_PLUS,mse,0,,0,0,0,0,0,0,0,0,0,0,NO_DATA
5,SUPPORT__GBT,1_9,50_PLUS,pa,0,,0,0,0,0,0,0,0,0,0,0,NO_DATA
5,SUPPORT__GBT,1_9,50_PLUS,als_mae,0,,0,0,0,0,0,0,0,0,0,0,NO_DATA
5,SUPPORT__GBT,1_9,50_PLUS,als_order,0,,0,0,0,0,0,0,0,0,0,0,NO_DATA
5,SUPPORT__GBT,10_29,1_9,mse,0,,0,0,0,0,0,0,0,0,0,0,NO_DATA
5,SUPPORT__GBT,10_29,1_9,pa,0,,0,0,0,0,0,0,0,0,0,0,NO_DATA
5,SUPPORT__GBT,10_29,1_9,als_mae,0,,0,0,0,0,0,0,0,0,0,0,NO_DATA
5,SUPPORT__GBT,10_29,1_9,als_order,0,,0,0,0,0,0,0,0,0,0,0,NO_DATA
5,SUPPORT__GBT,10_29,10_49,mse,0,,0,0,0,0,0,0,0,0,0,0,NO_DATA
5,SUPPORT__GBT,10_29,10_49,pa,0,,0,0,0,0,0,0,0,0,0,0,NO_DATA
5,SUPPORT__GBT,10_29,10_49,als_mae,0,,0,0,0,0,0,0,0,0,0,0,NO_DATA
5,SUPPORT__GBT,10_29,10_49,als_order,0,,0,0,0,0,0,0,0,0,0,0,NO_DATA
5,SUPPORT__GBT,10_29,50_PLUS,mse,2,0.9977611665281794,2,2,4,4,3,3,3,3,3,3,DESCRIPTIVE_SMALL_N
5,SUPPORT__GBT,10_29,50_PLUS,pa,1,1.0,2,1,4,3,3,3,3,3,3,3,DESCRIPTIVE_SMALL_N
5,SUPPORT__GBT,10_29,50_PLUS,als_mae,2,0.49978142688122296,2,2,4,4,3,3,3,3,3,3,DESCRIPTIVE_SMALL_N
5,SUPPORT__GBT,10_29,50_PLUS,als_order,1,0.0,2,1,4,3,3,3,3,3,3,3,DESCRIPTIVE_SMALL_N
5,SUPPORT__GBT,30_99,1_9,mse,0,,0,0,0,0,0,0,0,0,0,0,NO_DATA
5,SUPPORT__GBT,30_99,1_9,pa,0,,0,0,0,0,0,0,0,0,0,0,NO_DATA
5,SUPPORT__GBT,30_99,1_9,als_mae,0,,0,0,0,0,0,0,0,0,0,0,NO_DATA
5,SUPPORT__GBT,30_99,1_9,als_order,0,,0,0,0,0,0,0,0,0,0,0,NO_DATA
5,SUPPORT__GBT,30_99,10_49,mse,0,,0,0,0,0,0,0,0,0,0,0,NO_DATA
5,SUPPORT__GBT,30_99,10_49,pa,0,,0,0,0,0,0,0,0,0,0,0,NO_DATA
5,SUPPORT__GBT,30_99,10_49,als_mae,0,,0,0,0,0,0,0,0,0,0,0,NO_DATA
5,SUPPORT__GBT,30_99,10_49,als_order,0,,0,0,0,0,0,0,0,0,0,0,NO_DATA
5,SUPPORT__GBT,30_99,50_PLUS,mse,18,0.9123998780763399,18,18,55,55,45,45,122,122,150,150,DESCRIPTIVE_SMALL_N
5,SUPPORT__GBT,30_99,50_PLUS,pa,10,0.7415358215358215,18,10,55,47,45,42,122,122,150,150,DESCRIPTIVE_SMALL_N
5,SUPPORT__GBT,30_99,50_PLUS,als_mae,18,0.4354921477632835,18,18,55,55,45,45,122,122,150,150,DESCRIPTIVE_SMALL_N
5,SUPPORT__GBT,30_99,50_PLUS,als_order,10,0.575897435897436,18,10,55,47,45,42,122,122,150,150,DESCRIPTIVE_SMALL_N
5,SUPPORT__GBT,100_299,1_9,mse,5,1.439049675542435,5,5,6,6,6,6,0,0,1,1,DESCRIPTIVE_SMALL_N
5,SUPPORT__GBT,100_299,1_9,pa,0,,5,0,6,0,6,0,0,0,1,0,NO_DATA
5,SUPPORT__GBT,100_299,1_9,als_mae,5,0.5715280323359766,5,5,6,6,6,6,0,0,1,1,DESCRIPTIVE_SMALL_N
5,SUPPORT__GBT,100_299,1_9,als_order,1,0.0,5,1,6,2,6,2,0,0,1,1,DESCRIPTIVE_SMALL_N
5,SUPPORT__GBT,100_299,10_49,mse,6,0.8280244428183945,6,6,6,6,6,6,0,0,0,0,DESCRIPTIVE_SMALL_N
5,SUPPORT__GBT,100_299,10_49,pa,0,,6,0,6,0,6,0,0,0,0,0,NO_DATA
5,SUPPORT__GBT,100_299,10_49,als_mae,6,0.4652238276176716,6,6,6,6,6,6,0,0,0,0,DESCRIPTIVE_SMALL_N
5,SUPPORT__GBT,100_299,10_49,als_order,0,,6,0,6,0,6,0,0,0,0,0,NO_DATA
5,SUPPORT__GBT,100_299,50_PLUS,mse,24,0.732378021462366,24,24,73,73,64,64,266,266,342,342,DESCRIPTIVE_SMALL_N
5,SUPPORT__GBT,100_299,50_PLUS,pa,10,0.6518532338308457,24,10,73,57,64,51,266,266,342,340,DESCRIPTIVE_SMALL_N
5,SUPPORT__GBT,100_299,50_PLUS,als_mae,24,0.43094631051713533,24,24,73,73,64,64,266,266,342,342,DESCRIPTIVE_SMALL_N
5,SUPPORT__GBT,100_299,50_PLUS,als_order,12,0.5526029125100332,24,12,73,61,64,55,266,266,342,342,DESCRIPTIVE_SMALL_N
5,SUPPORT__GBT,300_PLUS,1_9,mse,25,0.5986524945334394,25,25,55,55,49,49,125,125,153,153,DESCRIPTIVE_SMALL_N
5,SUPPORT__GBT,300_PLUS,1_9,pa,8,0.7756696428571428,25,8,55,38,49,37,125,125,153,153,DESCRIPTIVE_SMALL_N
5,SUPPORT__GBT,300_PLUS,1_9,als_mae,25,0.6579941921662998,25,25,55,55,49,49,125,125,153,153,DESCRIPTIVE_SMALL_N
5,SUPPORT__GBT,300_PLUS,1_9,als_order,8,0.5686813186813187,25,8,55,38,49,37,125,125,153,153,DESCRIPTIVE_SMALL_N
5,SUPPORT__GBT,300_PLUS,10_49,mse,29,0.8702202429723064,29,29,46,46,37,37,23,23,30,30,DESCRIPTIVE_SMALL_N
5,SUPPORT__GBT,300_PLUS,10_49,pa,7,0.55,29,7,46,22,37,20,23,23,30,28,DESCRIPTIVE_SMALL_N
5,SUPPORT__GBT,300_PLUS,10_49,als_mae,29,0.39580325011564294,29,29,46,46,37,37,23,23,30,30,DESCRIPTIVE_SMALL_N
5,SUPPORT__GBT,300_PLUS,10_49,als_order,9,0.711111111111111,29,9,46,26,37,24,23,23,30,30,DESCRIPTIVE_SMALL_N
5,SUPPORT__GBT,300_PLUS,50_PLUS,mse,65,0.8086339297668312,65,65,216,216,159,159,442,442,599,599,DESCRIPTIVE
5,SUPPORT__GBT,300_PLUS,50_PLUS,pa,33,0.552468400845441,65,33,216,174,159,140,442,442,599,585,DESCRIPTIVE
5,SUPPORT__GBT,300_PLUS,50_PLUS,als_mae,65,0.5036993785191785,65,65,216,216,159,159,442,442,599,599,DESCRIPTIVE
5,SUPPORT__GBT,300_PLUS,50_PLUS,als_order,40,0.6017541486291486,65,40,216,191,159,150,442,442,599,599,DESCRIPTIVE
5,SUPPORT__FM,0,1_9,mse,0,,0,0,0,0,0,0,0,0,0,0,NO_DATA
5,SUPPORT__FM,0,1_9,pa,0,,0,0,0,0,0,0,0,0,0,0,NO_DATA
5,SUPPORT__FM,0,1_9,als_mae,0,,0,0,0,0,0,0,0,0,0,0,NO_DATA
5,SUPPORT__FM,0,1_9,als_order,0,,0,0,0,0,0,0,0,0,0,0,NO_DATA
5,SUPPORT__FM,0,10_49,mse,0,,0,0,0,0,0,0,0,0,0,0,NO_DATA
5,SUPPORT__FM,0,10_49,pa,0,,0,0,0,0,0,0,0,0,0,0,NO_DATA
5,SUPPORT__FM,0,10_49,als_mae,0,,0,0,0,0,0,0,0,0,0,0,NO_DATA
5,SUPPORT__FM,0,10_49,als_order,0,,0,0,0,0,0,0,0,0,0,0,NO_DATA
5,SUPPORT__FM,0,50_PLUS,mse,0,,0,0,0,0,0,0,0,0,0,0,NO_DATA
5,SUPPORT__FM,0,50_PLUS,pa,0,,0,0,0,0,0,0,0,0,0,0,NO_DATA
5,SUPPORT__FM,0,50_PLUS,als_mae,0,,0,0,0,0,0,0,0,0,0,0,NO_DATA
5,SUPPORT__FM,0,50_PLUS,als_order,0,,0,0,0,0,0,0,0,0,0,0,NO_DATA
5,SUPPORT__FM,1_9,1_9,mse,0,,0,0,0,0,0,0,0,0,0,0,NO_DATA
5,SUPPORT__FM,1_9,1_9,pa,0,,0,0,0,0,0,0,0,0,0,0,NO_DATA
5,SUPPORT__FM,1_9,1_9,als_mae,0,,0,0,0,0,0,0,0,0,0,0,NO_DATA
5,SUPPORT__FM,1_9,1_9,als_order,0,,0,0,0,0,0,0,0,0,0,0,NO_DATA
5,SUPPORT__FM,1_9,10_49,mse,0,,0,0,0,0,0,0,0,0,0,0,NO_DATA
5,SUPPORT__FM,1_9,10_49,pa,0,,0,0,0,0,0,0,0,0,0,0,NO_DATA
5,SUPPORT__FM,1_9,10_49,als_mae,0,,0,0,0,0,0,0,0,0,0,0,NO_DATA
5,SUPPORT__FM,1_9,10_49,als_order,0,,0,0,0,0,0,0,0,0,0,0,NO_DATA
5,SUPPORT__FM,1_9,50_PLUS,mse,0,,0,0,0,0,0,0,0,0,0,0,NO_DATA
5,SUPPORT__FM,1_9,50_PLUS,pa,0,,0,0,0,0,0,0,0,0,0,0,NO_DATA
5,SUPPORT__FM,1_9,50_PLUS,als_mae,0,,0,0,0,0,0,0,0,0,0,0,NO_DATA
5,SUPPORT__FM,1_9,50_PLUS,als_order,0,,0,0,0,0,0,0,0,0,0,0,NO_DATA
5,SUPPORT__FM,10_29,1_9,mse,0,,0,0,0,0,0,0,0,0,0,0,NO_DATA
5,SUPPORT__FM,10_29,1_9,pa,0,,0,0,0,0,0,0,0,0,0,0,NO_DATA
5,SUPPORT__FM,10_29,1_9,als_mae,0,,0,0,0,0,0,0,0,0,0,0,NO_DATA
5,SUPPORT__FM,10_29,1_9,als_order,0,,0,0,0,0,0,0,0,0,0,0,NO_DATA
5,SUPPORT__FM,10_29,10_49,mse,0,,0,0,0,0,0,0,0,0,0,0,NO_DATA
5,SUPPORT__FM,10_29,10_49,pa,0,,0,0,0,0,0,0,0,0,0,0,NO_DATA
5,SUPPORT__FM,10_29,10_49,als_mae,0,,0,0,0,0,0,0,0,0,0,0,NO_DATA
5,SUPPORT__FM,10_29,10_49,als_order,0,,0,0,0,0,0,0,0,0,0,0,NO_DATA
5,SUPPORT__FM,10_29,50_PLUS,mse,2,0.7356004571564587,2,2,4,4,3,3,3,3,3,3,DESCRIPTIVE_SMALL_N
5,SUPPORT__FM,10_29,50_PLUS,pa,1,1.0,2,1,4,3,3,3,3,3,3,3,DESCRIPTIVE_SMALL_N
5,SUPPORT__FM,10_29,50_PLUS,als_mae,2,0.5996153706930282,2,2,4,4,3,3,3,3,3,3,DESCRIPTIVE_SMALL_N
5,SUPPORT__FM,10_29,50_PLUS,als_order,1,0.0,2,1,4,3,3,3,3,3,3,3,DESCRIPTIVE_SMALL_N
5,SUPPORT__FM,30_99,1_9,mse,0,,0,0,0,0,0,0,0,0,0,0,NO_DATA
5,SUPPORT__FM,30_99,1_9,pa,0,,0,0,0,0,0,0,0,0,0,0,NO_DATA
5,SUPPORT__FM,30_99,1_9,als_mae,0,,0,0,0,0,0,0,0,0,0,0,NO_DATA
5,SUPPORT__FM,30_99,1_9,als_order,0,,0,0,0,0,0,0,0,0,0,0,NO_DATA
5,SUPPORT__FM,30_99,10_49,mse,0,,0,0,0,0,0,0,0,0,0,0,NO_DATA
5,SUPPORT__FM,30_99,10_49,pa,0,,0,0,0,0,0,0,0,0,0,0,NO_DATA
5,SUPPORT__FM,30_99,10_49,als_mae,0,,0,0,0,0,0,0,0,0,0,0,NO_DATA
5,SUPPORT__FM,30_99,10_49,als_order,0,,0,0,0,0,0,0,0,0,0,0,NO_DATA
5,SUPPORT__FM,30_99,50_PLUS,mse,18,0.8619785200264636,18,18,55,55,45,45,122,122,150,150,DESCRIPTIVE_SMALL_N
5,SUPPORT__FM,30_99,50_PLUS,pa,10,0.7873316173316174,18,10,55,47,45,42,122,122,150,150,DESCRIPTIVE_SMALL_N
5,SUPPORT__FM,30_99,50_PLUS,als_mae,18,0.4235650807685989,18,18,55,55,45,45,122,122,150,150,DESCRIPTIVE_SMALL_N
5,SUPPORT__FM,30_99,50_PLUS,als_order,10,0.6409890109890111,18,10,55,47,45,42,122,122,150,150,DESCRIPTIVE_SMALL_N
5,SUPPORT__FM,100_299,1_9,mse,5,1.1588668895000171,5,5,6,6,6,6,0,0,1,1,DESCRIPTIVE_SMALL_N
5,SUPPORT__FM,100_299,1_9,pa,0,,5,0,6,0,6,0,0,0,1,0,NO_DATA
5,SUPPORT__FM,100_299,1_9,als_mae,5,0.514663940678483,5,5,6,6,6,6,0,0,1,1,DESCRIPTIVE_SMALL_N
5,SUPPORT__FM,100_299,1_9,als_order,1,0.0,5,1,6,2,6,2,0,0,1,1,DESCRIPTIVE_SMALL_N
5,SUPPORT__FM,100_299,10_49,mse,6,0.6374588156778086,6,6,6,6,6,6,0,0,0,0,DESCRIPTIVE_SMALL_N
5,SUPPORT__FM,100_299,10_49,pa,0,,6,0,6,0,6,0,0,0,0,0,NO_DATA
5,SUPPORT__FM,100_299,10_49,als_mae,6,0.3718809050662369,6,6,6,6,6,6,0,0,0,0,DESCRIPTIVE_SMALL_N
5,SUPPORT__FM,100_299,10_49,als_order,0,,6,0,6,0,6,0,0,0,0,0,NO_DATA
5,SUPPORT__FM,100_299,50_PLUS,mse,24,0.6723148940168323,24,24,73,73,64,64,266,266,342,342,DESCRIPTIVE_SMALL_N
5,SUPPORT__FM,100_299,50_PLUS,pa,10,0.6110572139303483,24,10,73,57,64,51,266,266,342,340,DESCRIPTIVE_SMALL_N
5,SUPPORT__FM,100_299,50_PLUS,als_mae,24,0.4028118428844763,24,24,73,73,64,64,266,266,342,342,DESCRIPTIVE_SMALL_N
5,SUPPORT__FM,100_299,50_PLUS,als_order,12,0.5748767343194587,24,12,73,61,64,55,266,266,342,342,DESCRIPTIVE_SMALL_N
5,SUPPORT__FM,300_PLUS,1_9,mse,25,0.8911891502595464,25,25,55,55,49,49,125,125,153,153,DESCRIPTIVE_SMALL_N
5,SUPPORT__FM,300_PLUS,1_9,pa,8,0.528720238095238,25,8,55,38,49,37,125,125,153,153,DESCRIPTIVE_SMALL_N
5,SUPPORT__FM,300_PLUS,1_9,als_mae,25,0.6659086755071896,25,25,55,55,49,49,125,125,153,153,DESCRIPTIVE_SMALL_N
5,SUPPORT__FM,300_PLUS,1_9,als_order,8,0.620980870980871,25,8,55,38,49,37,125,125,153,153,DESCRIPTIVE_SMALL_N
5,SUPPORT__FM,300_PLUS,10_49,mse,29,0.972774344962563,29,29,46,46,37,37,23,23,30,30,DESCRIPTIVE_SMALL_N
5,SUPPORT__FM,300_PLUS,10_49,pa,7,0.6857142857142858,29,7,46,22,37,20,23,23,30,28,DESCRIPTIVE_SMALL_N
5,SUPPORT__FM,300_PLUS,10_49,als_mae,29,0.440758118902601,29,29,46,46,37,37,23,23,30,30,DESCRIPTIVE_SMALL_N
5,SUPPORT__FM,300_PLUS,10_49,als_order,9,0.7518518518518519,29,9,46,26,37,24,23,23,30,30,DESCRIPTIVE_SMALL_N
5,SUPPORT__FM,300_PLUS,50_PLUS,mse,65,0.7890835961355612,65,65,216,216,159,159,442,442,599,599,DESCRIPTIVE
5,SUPPORT__FM,300_PLUS,50_PLUS,pa,33,0.5616620425441258,65,33,216,174,159,140,442,442,599,585,DESCRIPTIVE
5,SUPPORT__FM,300_PLUS,50_PLUS,als_mae,65,0.5140571993568496,65,65,216,216,159,159,442,442,599,599,DESCRIPTIVE
5,SUPPORT__FM,300_PLUS,50_PLUS,als_order,40,0.5310669191919193,65,40,216,191,159,150,442,442,599,599,DESCRIPTIVE
5,CROWD_ITEM__RIDGE,0,1_9,mse,0,,0,0,0,0,0,0,0,0,0,0,NO_DATA
5,CROWD_ITEM__RIDGE,0,1_9,pa,0,,0,0,0,0,0,0,0,0,0,0,NO_DATA
5,CROWD_ITEM__RIDGE,0,1_9,als_mae,0,,0,0,0,0,0,0,0,0,0,0,NO_DATA
5,CROWD_ITEM__RIDGE,0,1_9,als_order,0,,0,0,0,0,0,0,0,0,0,0,NO_DATA
5,CROWD_ITEM__RIDGE,0,10_49,mse,0,,0,0,0,0,0,0,0,0,0,0,NO_DATA
5,CROWD_ITEM__RIDGE,0,10_49,pa,0,,0,0,0,0,0,0,0,0,0,0,NO_DATA
5,CROWD_ITEM__RIDGE,0,10_49,als_mae,0,,0,0,0,0,0,0,0,0,0,0,NO_DATA
5,CROWD_ITEM__RIDGE,0,10_49,als_order,0,,0,0,0,0,0,0,0,0,0,0,NO_DATA
5,CROWD_ITEM__RIDGE,0,50_PLUS,mse,0,,0,0,0,0,0,0,0,0,0,0,NO_DATA
5,CROWD_ITEM__RIDGE,0,50_PLUS,pa,0,,0,0,0,0,0,0,0,0,0,0,NO_DATA
5,CROWD_ITEM__RIDGE,0,50_PLUS,als_mae,0,,0,0,0,0,0,0,0,0,0,0,NO_DATA
5,CROWD_ITEM__RIDGE,0,50_PLUS,als_order,0,,0,0,0,0,0,0,0,0,0,0,NO_DATA
5,CROWD_ITEM__RIDGE,1_9,1_9,mse,0,,0,0,0,0,0,0,0,0,0,0,NO_DATA
5,CROWD_ITEM__RIDGE,1_9,1_9,pa,0,,0,0,0,0,0,0,0,0,0,0,NO_DATA
5,CROWD_ITEM__RIDGE,1_9,1_9,als_mae,0,,0,0,0,0,0,0,0,0,0,0,NO_DATA
5,CROWD_ITEM__RIDGE,1_9,1_9,als_order,0,,0,0,0,0,0,0,0,0,0,0,NO_DATA
5,CROWD_ITEM__RIDGE,1_9,10_49,mse,0,,0,0,0,0,0,0,0,0,0,0,NO_DATA
5,CROWD_ITEM__RIDGE,1_9,10_49,pa,0,,0,0,0,0,0,0,0,0,0,0,NO_DATA
5,CROWD_ITEM__RIDGE,1_9,10_49,als_mae,0,,0,0,0,0,0,0,0,0,0,0,NO_DATA
5,CROWD_ITEM__RIDGE,1_9,10_49,als_order,0,,0,0,0,0,0,0,0,0,0,0,NO_DATA
5,CROWD_ITEM__RIDGE,1_9,50_PLUS,mse,0,,0,0,0,0,0,0,0,0,0,0,NO_DATA
5,CROWD_ITEM__RIDGE,1_9,50_PLUS,pa,0,,0,0,0,0,0,0,0,0,0,0,NO_DATA
5,CROWD_ITEM__RIDGE,1_9,50_PLUS,als_mae,0,,0,0,0,0,0,0,0,0,0,0,NO_DATA
5,CROWD_ITEM__RIDGE,1_9,50_PLUS,als_order,0,,0,0,0,0,0,0,0,0,0,0,NO_DATA
5,CROWD_ITEM__RIDGE,10_29,1_9,mse,0,,0,0,0,0,0,0,0,0,0,0,NO_DATA
5,CROWD_ITEM__RIDGE,10_29,1_9,pa,0,,0,0,0,0,0,0,0,0,0,0,NO_DATA
5,CROWD_ITEM__RIDGE,10_29,1_9,als_mae,0,,0,0,0,0,0,0,0,0,0,0,NO_DATA
5,CROWD_ITEM__RIDGE,10_29,1_9,als_order,0,,0,0,0,0,0,0,0,0,0,0,NO_DATA
5,CROWD_ITEM__RIDGE,10_29,10_49,mse,0,,0,0,0,0,0,0,0,0,0,0,NO_DATA
5,CROWD_ITEM__RIDGE,10_29,10_49,pa,0,,0,0,0,0,0,0,0,0,0,0,NO_DATA
5,CROWD_ITEM__RIDGE,10_29,10_49,als_mae,0,,0,0,0,0,0,0,0,0,0,0,NO_DATA
5,CROWD_ITEM__RIDGE,10_29,10_49,als_order,0,,0,0,0,0,0,0,0,0,0,0,NO_DATA
5,CROWD_ITEM__RIDGE,10_29,50_PLUS,mse,2,0.35844488300684246,2,2,4,4,3,3,3,3,3,3,DESCRIPTIVE_SMALL_N
5,CROWD_ITEM__RIDGE,10_29,50_PLUS,pa,1,1.0,2,1,4,3,3,3,3,3,3,3,DESCRIPTIVE_SMALL_N
5,CROWD_ITEM__RIDGE,10_29,50_PLUS,als_mae,2,0.8940180965197275,2,2,4,4,3,3,3,3,3,3,DESCRIPTIVE_SMALL_N
5,CROWD_ITEM__RIDGE,10_29,50_PLUS,als_order,1,0.0,2,1,4,3,3,3,3,3,3,3,DESCRIPTIVE_SMALL_N
5,CROWD_ITEM__RIDGE,30_99,1_9,mse,0,,0,0,0,0,0,0,0,0,0,0,NO_DATA
5,CROWD_ITEM__RIDGE,30_99,1_9,pa,0,,0,0,0,0,0,0,0,0,0,0,NO_DATA
5,CROWD_ITEM__RIDGE,30_99,1_9,als_mae,0,,0,0,0,0,0,0,0,0,0,0,NO_DATA
5,CROWD_ITEM__RIDGE,30_99,1_9,als_order,0,,0,0,0,0,0,0,0,0,0,0,NO_DATA
5,CROWD_ITEM__RIDGE,30_99,10_49,mse,0,,0,0,0,0,0,0,0,0,0,0,NO_DATA
5,CROWD_ITEM__RIDGE,30_99,10_49,pa,0,,0,0,0,0,0,0,0,0,0,0,NO_DATA
5,CROWD_ITEM__RIDGE,30_99,10_49,als_mae,0,,0,0,0,0,0,0,0,0,0,0,NO_DATA
5,CROWD_ITEM__RIDGE,30_99,10_49,als_order,0,,0,0,0,0,0,0,0,0,0,0,NO_DATA
5,CROWD_ITEM__RIDGE,30_99,50_PLUS,mse,18,0.9672370015847382,18,18,55,55,45,45,122,122,150,150,DESCRIPTIVE_SMALL_N
5,CROWD_ITEM__RIDGE,30_99,50_PLUS,pa,10,0.7571728871728871,18,10,55,47,45,42,122,122,150,150,DESCRIPTIVE_SMALL_N
5,CROWD_ITEM__RIDGE,30_99,50_PLUS,als_mae,18,0.4290031310874275,18,18,55,55,45,45,122,122,150,150,DESCRIPTIVE_SMALL_N
5,CROWD_ITEM__RIDGE,30_99,50_PLUS,als_order,10,0.6702747252747253,18,10,55,47,45,42,122,122,150,150,DESCRIPTIVE_SMALL_N
5,CROWD_ITEM__RIDGE,100_299,1_9,mse,5,1.1074051832947747,5,5,6,6,6,6,0,0,1,1,DESCRIPTIVE_SMALL_N
5,CROWD_ITEM__RIDGE,100_299,1_9,pa,0,,5,0,6,0,6,0,0,0,1,0,NO_DATA
5,CROWD_ITEM__RIDGE,100_299,1_9,als_mae,5,0.4497557132265963,5,5,6,6,6,6,0,0,1,1,DESCRIPTIVE_SMALL_N
5,CROWD_ITEM__RIDGE,100_299,1_9,als_order,1,1.0,5,1,6,2,6,2,0,0,1,1,DESCRIPTIVE_SMALL_N
5,CROWD_ITEM__RIDGE,100_299,10_49,mse,6,0.7720238815652821,6,6,6,6,6,6,0,0,0,0,DESCRIPTIVE_SMALL_N
5,CROWD_ITEM__RIDGE,100_299,10_49,pa,0,,6,0,6,0,6,0,0,0,0,0,NO_DATA
5,CROWD_ITEM__RIDGE,100_299,10_49,als_mae,6,0.4440279858243794,6,6,6,6,6,6,0,0,0,0,DESCRIPTIVE_SMALL_N
5,CROWD_ITEM__RIDGE,100_299,10_49,als_order,0,,6,0,6,0,6,0,0,0,0,0,NO_DATA
5,CROWD_ITEM__RIDGE,100_299,50_PLUS,mse,24,0.6490466545267602,24,24,73,73,64,64,266,266,342,342,DESCRIPTIVE_SMALL_N
5,CROWD_ITEM__RIDGE,100_299,50_PLUS,pa,10,0.465136815920398,24,10,73,57,64,51,266,266,342,340,DESCRIPTIVE_SMALL_N
5,CROWD_ITEM__RIDGE,100_299,50_PLUS,als_mae,24,0.4506183082601767,24,24,73,73,64,64,266,266,342,342,DESCRIPTIVE_SMALL_N
5,CROWD_ITEM__RIDGE,100_299,50_PLUS,als_order,12,0.6454821694759775,24,12,73,61,64,55,266,266,342,342,DESCRIPTIVE_SMALL_N
5,CROWD_ITEM__RIDGE,300_PLUS,1_9,mse,25,0.730289868937508,25,25,55,55,49,49,125,125,153,153,DESCRIPTIVE_SMALL_N
5,CROWD_ITEM__RIDGE,300_PLUS,1_9,pa,8,0.6209077380952381,25,8,55,38,49,37,125,125,153,153,DESCRIPTIVE_SMALL_N
5,CROWD_ITEM__RIDGE,300_PLUS,1_9,als_mae,25,0.6500240758313757,25,25,55,55,49,49,125,125,153,153,DESCRIPTIVE_SMALL_N
5,CROWD_ITEM__RIDGE,300_PLUS,1_9,als_order,8,0.5134818884818885,25,8,55,38,49,37,125,125,153,153,DESCRIPTIVE_SMALL_N
5,CROWD_ITEM__RIDGE,300_PLUS,10_49,mse,29,0.9727023991806422,29,29,46,46,37,37,23,23,30,30,DESCRIPTIVE_SMALL_N
5,CROWD_ITEM__RIDGE,300_PLUS,10_49,pa,7,0.6857142857142858,29,7,46,22,37,20,23,23,30,28,DESCRIPTIVE_SMALL_N
5,CROWD_ITEM__RIDGE,300_PLUS,10_49,als_mae,29,0.45011680071226234,29,29,46,46,37,37,23,23,30,30,DESCRIPTIVE_SMALL_N
5,CROWD_ITEM__RIDGE,300_PLUS,10_49,als_order,9,0.7074074074074074,29,9,46,26,37,24,23,23,30,30,DESCRIPTIVE_SMALL_N
5,CROWD_ITEM__RIDGE,300_PLUS,50_PLUS,mse,65,0.8427822817716342,65,65,216,216,159,159,442,442,599,599,DESCRIPTIVE
5,CROWD_ITEM__RIDGE,300_PLUS,50_PLUS,pa,33,0.5934423508923784,65,33,216,174,159,140,442,442,599,585,DESCRIPTIVE
5,CROWD_ITEM__RIDGE,300_PLUS,50_PLUS,als_mae,65,0.5576884974980881,65,65,216,216,159,159,442,442,599,599,DESCRIPTIVE
5,CROWD_ITEM__RIDGE,300_PLUS,50_PLUS,als_order,40,0.6533955627705628,65,40,216,191,159,150,442,442,599,599,DESCRIPTIVE
5,CROWD_ITEM__GBT,0,1_9,mse,0,,0,0,0,0,0,0,0,0,0,0,NO_DATA
5,CROWD_ITEM__GBT,0,1_9,pa,0,,0,0,0,0,0,0,0,0,0,0,NO_DATA
5,CROWD_ITEM__GBT,0,1_9,als_mae,0,,0,0,0,0,0,0,0,0,0,0,NO_DATA
5,CROWD_ITEM__GBT,0,1_9,als_order,0,,0,0,0,0,0,0,0,0,0,0,NO_DATA
5,CROWD_ITEM__GBT,0,10_49,mse,0,,0,0,0,0,0,0,0,0,0,0,NO_DATA
5,CROWD_ITEM__GBT,0,10_49,pa,0,,0,0,0,0,0,0,0,0,0,0,NO_DATA
5,CROWD_ITEM__GBT,0,10_49,als_mae,0,,0,0,0,0,0,0,0,0,0,0,NO_DATA
5,CROWD_ITEM__GBT,0,10_49,als_order,0,,0,0,0,0,0,0,0,0,0,0,NO_DATA
5,CROWD_ITEM__GBT,0,50_PLUS,mse,0,,0,0,0,0,0,0,0,0,0,0,NO_DATA
5,CROWD_ITEM__GBT,0,50_PLUS,pa,0,,0,0,0,0,0,0,0,0,0,0,NO_DATA
5,CROWD_ITEM__GBT,0,50_PLUS,als_mae,0,,0,0,0,0,0,0,0,0,0,0,NO_DATA
5,CROWD_ITEM__GBT,0,50_PLUS,als_order,0,,0,0,0,0,0,0,0,0,0,0,NO_DATA
5,CROWD_ITEM__GBT,1_9,1_9,mse,0,,0,0,0,0,0,0,0,0,0,0,NO_DATA
5,CROWD_ITEM__GBT,1_9,1_9,pa,0,,0,0,0,0,0,0,0,0,0,0,NO_DATA
5,CROWD_ITEM__GBT,1_9,1_9,als_mae,0,,0,0,0,0,0,0,0,0,0,0,NO_DATA
5,CROWD_ITEM__GBT,1_9,1_9,als_order,0,,0,0,0,0,0,0,0,0,0,0,NO_DATA
5,CROWD_ITEM__GBT,1_9,10_49,mse,0,,0,0,0,0,0,0,0,0,0,0,NO_DATA
5,CROWD_ITEM__GBT,1_9,10_49,pa,0,,0,0,0,0,0,0,0,0,0,0,NO_DATA
5,CROWD_ITEM__GBT,1_9,10_49,als_mae,0,,0,0,0,0,0,0,0,0,0,0,NO_DATA
5,CROWD_ITEM__GBT,1_9,10_49,als_order,0,,0,0,0,0,0,0,0,0,0,0,NO_DATA
5,CROWD_ITEM__GBT,1_9,50_PLUS,mse,0,,0,0,0,0,0,0,0,0,0,0,NO_DATA
5,CROWD_ITEM__GBT,1_9,50_PLUS,pa,0,,0,0,0,0,0,0,0,0,0,0,NO_DATA
5,CROWD_ITEM__GBT,1_9,50_PLUS,als_mae,0,,0,0,0,0,0,0,0,0,0,0,NO_DATA
5,CROWD_ITEM__GBT,1_9,50_PLUS,als_order,0,,0,0,0,0,0,0,0,0,0,0,NO_DATA
5,CROWD_ITEM__GBT,10_29,1_9,mse,0,,0,0,0,0,0,0,0,0,0,0,NO_DATA
5,CROWD_ITEM__GBT,10_29,1_9,pa,0,,0,0,0,0,0,0,0,0,0,0,NO_DATA
5,CROWD_ITEM__GBT,10_29,1_9,als_mae,0,,0,0,0,0,0,0,0,0,0,0,NO_DATA
5,CROWD_ITEM__GBT,10_29,1_9,als_order,0,,0,0,0,0,0,0,0,0,0,0,NO_DATA
5,CROWD_ITEM__GBT,10_29,10_49,mse,0,,0,0,0,0,0,0,0,0,0,0,NO_DATA
5,CROWD_ITEM__GBT,10_29,10_49,pa,0,,0,0,0,0,0,0,0,0,0,0,NO_DATA
5,CROWD_ITEM__GBT,10_29,10_49,als_mae,0,,0,0,0,0,0,0,0,0,0,0,NO_DATA
5,CROWD_ITEM__GBT,10_29,10_49,als_order,0,,0,0,0,0,0,0,0,0,0,0,NO_DATA
5,CROWD_ITEM__GBT,10_29,50_PLUS,mse,2,0.7720359605977716,2,2,4,4,3,3,3,3,3,3,DESCRIPTIVE_SMALL_N
5,CROWD_ITEM__GBT,10_29,50_PLUS,pa,1,0.6666666666666666,2,1,4,3,3,3,3,3,3,3,DESCRIPTIVE_SMALL_N
5,CROWD_ITEM__GBT,10_29,50_PLUS,als_mae,2,0.715543124991121,2,2,4,4,3,3,3,3,3,3,DESCRIPTIVE_SMALL_N
5,CROWD_ITEM__GBT,10_29,50_PLUS,als_order,1,0.3333333333333333,2,1,4,3,3,3,3,3,3,3,DESCRIPTIVE_SMALL_N
5,CROWD_ITEM__GBT,30_99,1_9,mse,0,,0,0,0,0,0,0,0,0,0,0,NO_DATA
5,CROWD_ITEM__GBT,30_99,1_9,pa,0,,0,0,0,0,0,0,0,0,0,0,NO_DATA
5,CROWD_ITEM__GBT,30_99,1_9,als_mae,0,,0,0,0,0,0,0,0,0,0,0,NO_DATA
5,CROWD_ITEM__GBT,30_99,1_9,als_order,0,,0,0,0,0,0,0,0,0,0,0,NO_DATA
5,CROWD_ITEM__GBT,30_99,10_49,mse,0,,0,0,0,0,0,0,0,0,0,0,NO_DATA
5,CROWD_ITEM__GBT,30_99,10_49,pa,0,,0,0,0,0,0,0,0,0,0,0,NO_DATA
5,CROWD_ITEM__GBT,30_99,10_49,als_mae,0,,0,0,0,0,0,0,0,0,0,0,NO_DATA
5,CROWD_ITEM__GBT,30_99,10_49,als_order,0,,0,0,0,0,0,0,0,0,0,0,NO_DATA
5,CROWD_ITEM__GBT,30_99,50_PLUS,mse,18,1.0034908878870543,18,18,55,55,45,45,122,122,150,150,DESCRIPTIVE_SMALL_N
5,CROWD_ITEM__GBT,30_99,50_PLUS,pa,10,0.7553582153582153,18,10,55,47,45,42,122,122,150,150,DESCRIPTIVE_SMALL_N
5,CROWD_ITEM__GBT,30_99,50_PLUS,als_mae,18,0.4735011370355757,18,18,55,55,45,45,122,122,150,150,DESCRIPTIVE_SMALL_N
5,CROWD_ITEM__GBT,30_99,50_PLUS,als_order,10,0.7386630036630037,18,10,55,47,45,42,122,122,150,150,DESCRIPTIVE_SMALL_N
5,CROWD_ITEM__GBT,100_299,1_9,mse,5,1.1805663499546801,5,5,6,6,6,6,0,0,1,1,DESCRIPTIVE_SMALL_N
5,CROWD_ITEM__GBT,100_299,1_9,pa,0,,5,0,6,0,6,0,0,0,1,0,NO_DATA
5,CROWD_ITEM__GBT,100_299,1_9,als_mae,5,0.45242212288698846,5,5,6,6,6,6,0,0,1,1,DESCRIPTIVE_SMALL_N
5,CROWD_ITEM__GBT,100_299,1_9,als_order,1,1.0,5,1,6,2,6,2,0,0,1,1,DESCRIPTIVE_SMALL_N
5,CROWD_ITEM__GBT,100_299,10_49,mse,6,0.9498693151004439,6,6,6,6,6,6,0,0,0,0,DESCRIPTIVE_SMALL_N
5,CROWD_ITEM__GBT,100_299,10_49,pa,0,,6,0,6,0,6,0,0,0,0,0,NO_DATA
5,CROWD_ITEM__GBT,100_299,10_49,als_mae,6,0.5387978336120754,6,6,6,6,6,6,0,0,0,0,DESCRIPTIVE_SMALL_N
5,CROWD_ITEM__GBT,100_299,10_49,als_order,0,,6,0,6,0,6,0,0,0,0,0,NO_DATA
5,CROWD_ITEM__GBT,100_299,50_PLUS,mse,24,0.5792169932488589,24,24,73,73,64,64,266,266,342,342,DESCRIPTIVE_SMALL_N
5,CROWD_ITEM__GBT,100_299,50_PLUS,pa,10,0.5747014925373135,24,10,73,57,64,51,266,266,342,340,DESCRIPTIVE_SMALL_N
5,CROWD_ITEM__GBT,100_299,50_PLUS,als_mae,24,0.426916051754563,24,24,73,73,64,64,266,266,342,342,DESCRIPTIVE_SMALL_N
5,CROWD_ITEM__GBT,100_299,50_PLUS,als_order,12,0.7027003783969729,24,12,73,61,64,55,266,266,342,342,DESCRIPTIVE_SMALL_N
5,CROWD_ITEM__GBT,300_PLUS,1_9,mse,25,0.5585049028851512,25,25,55,55,49,49,125,125,153,153,DESCRIPTIVE_SMALL_N
5,CROWD_ITEM__GBT,300_PLUS,1_9,pa,8,0.516889880952381,25,8,55,38,49,37,125,125,153,153,DESCRIPTIVE_SMALL_N
5,CROWD_ITEM__GBT,300_PLUS,1_9,als_mae,25,0.5878546870701457,25,25,55,55,49,49,125,125,153,153,DESCRIPTIVE_SMALL_N
5,CROWD_ITEM__GBT,300_PLUS,1_9,als_order,8,0.4046855921855922,25,8,55,38,49,37,125,125,153,153,DESCRIPTIVE_SMALL_N
5,CROWD_ITEM__GBT,300_PLUS,10_49,mse,29,0.8904371434507641,29,29,46,46,37,37,23,23,30,30,DESCRIPTIVE_SMALL_N
5,CROWD_ITEM__GBT,300_PLUS,10_49,pa,7,0.5071428571428571,29,7,46,22,37,20,23,23,30,28,DESCRIPTIVE_SMALL_N
5,CROWD_ITEM__GBT,300_PLUS,10_49,als_mae,29,0.4018753240243355,29,29,46,46,37,37,23,23,30,30,DESCRIPTIVE_SMALL_N
5,CROWD_ITEM__GBT,300_PLUS,10_49,als_order,9,0.7555555555555555,29,9,46,26,37,24,23,23,30,30,DESCRIPTIVE_SMALL_N
5,CROWD_ITEM__GBT,300_PLUS,50_PLUS,mse,65,0.7732202202133394,65,65,216,216,159,159,442,442,599,599,DESCRIPTIVE
5,CROWD_ITEM__GBT,300_PLUS,50_PLUS,pa,33,0.6778334142170563,65,33,216,174,159,140,442,442,599,585,DESCRIPTIVE
5,CROWD_ITEM__GBT,300_PLUS,50_PLUS,als_mae,65,0.4801381831211007,65,65,216,216,159,159,442,442,599,599,DESCRIPTIVE
5,CROWD_ITEM__GBT,300_PLUS,50_PLUS,als_order,40,0.616002886002886,65,40,216,191,159,150,442,442,599,599,DESCRIPTIVE
5,CROWD_ITEM__FM,0,1_9,mse,0,,0,0,0,0,0,0,0,0,0,0,NO_DATA
5,CROWD_ITEM__FM,0,1_9,pa,0,,0,0,0,0,0,0,0,0,0,0,NO_DATA
5,CROWD_ITEM__FM,0,1_9,als_mae,0,,0,0,0,0,0,0,0,0,0,0,NO_DATA
5,CROWD_ITEM__FM,0,1_9,als_order,0,,0,0,0,0,0,0,0,0,0,0,NO_DATA
5,CROWD_ITEM__FM,0,10_49,mse,0,,0,0,0,0,0,0,0,0,0,0,NO_DATA
5,CROWD_ITEM__FM,0,10_49,pa,0,,0,0,0,0,0,0,0,0,0,0,NO_DATA
5,CROWD_ITEM__FM,0,10_49,als_mae,0,,0,0,0,0,0,0,0,0,0,0,NO_DATA
5,CROWD_ITEM__FM,0,10_49,als_order,0,,0,0,0,0,0,0,0,0,0,0,NO_DATA
5,CROWD_ITEM__FM,0,50_PLUS,mse,0,,0,0,0,0,0,0,0,0,0,0,NO_DATA
5,CROWD_ITEM__FM,0,50_PLUS,pa,0,,0,0,0,0,0,0,0,0,0,0,NO_DATA
5,CROWD_ITEM__FM,0,50_PLUS,als_mae,0,,0,0,0,0,0,0,0,0,0,0,NO_DATA
5,CROWD_ITEM__FM,0,50_PLUS,als_order,0,,0,0,0,0,0,0,0,0,0,0,NO_DATA
5,CROWD_ITEM__FM,1_9,1_9,mse,0,,0,0,0,0,0,0,0,0,0,0,NO_DATA
5,CROWD_ITEM__FM,1_9,1_9,pa,0,,0,0,0,0,0,0,0,0,0,0,NO_DATA
5,CROWD_ITEM__FM,1_9,1_9,als_mae,0,,0,0,0,0,0,0,0,0,0,0,NO_DATA
5,CROWD_ITEM__FM,1_9,1_9,als_order,0,,0,0,0,0,0,0,0,0,0,0,NO_DATA
5,CROWD_ITEM__FM,1_9,10_49,mse,0,,0,0,0,0,0,0,0,0,0,0,NO_DATA
5,CROWD_ITEM__FM,1_9,10_49,pa,0,,0,0,0,0,0,0,0,0,0,0,NO_DATA
5,CROWD_ITEM__FM,1_9,10_49,als_mae,0,,0,0,0,0,0,0,0,0,0,0,NO_DATA
5,CROWD_ITEM__FM,1_9,10_49,als_order,0,,0,0,0,0,0,0,0,0,0,0,NO_DATA
5,CROWD_ITEM__FM,1_9,50_PLUS,mse,0,,0,0,0,0,0,0,0,0,0,0,NO_DATA
5,CROWD_ITEM__FM,1_9,50_PLUS,pa,0,,0,0,0,0,0,0,0,0,0,0,NO_DATA
5,CROWD_ITEM__FM,1_9,50_PLUS,als_mae,0,,0,0,0,0,0,0,0,0,0,0,NO_DATA
5,CROWD_ITEM__FM,1_9,50_PLUS,als_order,0,,0,0,0,0,0,0,0,0,0,0,NO_DATA
5,CROWD_ITEM__FM,10_29,1_9,mse,0,,0,0,0,0,0,0,0,0,0,0,NO_DATA
5,CROWD_ITEM__FM,10_29,1_9,pa,0,,0,0,0,0,0,0,0,0,0,0,NO_DATA
5,CROWD_ITEM__FM,10_29,1_9,als_mae,0,,0,0,0,0,0,0,0,0,0,0,NO_DATA
5,CROWD_ITEM__FM,10_29,1_9,als_order,0,,0,0,0,0,0,0,0,0,0,0,NO_DATA
5,CROWD_ITEM__FM,10_29,10_49,mse,0,,0,0,0,0,0,0,0,0,0,0,NO_DATA
5,CROWD_ITEM__FM,10_29,10_49,pa,0,,0,0,0,0,0,0,0,0,0,0,NO_DATA
5,CROWD_ITEM__FM,10_29,10_49,als_mae,0,,0,0,0,0,0,0,0,0,0,0,NO_DATA
5,CROWD_ITEM__FM,10_29,10_49,als_order,0,,0,0,0,0,0,0,0,0,0,0,NO_DATA
5,CROWD_ITEM__FM,10_29,50_PLUS,mse,2,0.5764739772846201,2,2,4,4,3,3,3,3,3,3,DESCRIPTIVE_SMALL_N
5,CROWD_ITEM__FM,10_29,50_PLUS,pa,1,0.6666666666666666,2,1,4,3,3,3,3,3,3,3,DESCRIPTIVE_SMALL_N
5,CROWD_ITEM__FM,10_29,50_PLUS,als_mae,2,0.729146927198097,2,2,4,4,3,3,3,3,3,3,DESCRIPTIVE_SMALL_N
5,CROWD_ITEM__FM,10_29,50_PLUS,als_order,1,0.3333333333333333,2,1,4,3,3,3,3,3,3,3,DESCRIPTIVE_SMALL_N
5,CROWD_ITEM__FM,30_99,1_9,mse,0,,0,0,0,0,0,0,0,0,0,0,NO_DATA
5,CROWD_ITEM__FM,30_99,1_9,pa,0,,0,0,0,0,0,0,0,0,0,0,NO_DATA
5,CROWD_ITEM__FM,30_99,1_9,als_mae,0,,0,0,0,0,0,0,0,0,0,0,NO_DATA
5,CROWD_ITEM__FM,30_99,1_9,als_order,0,,0,0,0,0,0,0,0,0,0,0,NO_DATA
5,CROWD_ITEM__FM,30_99,10_49,mse,0,,0,0,0,0,0,0,0,0,0,0,NO_DATA
5,CROWD_ITEM__FM,30_99,10_49,pa,0,,0,0,0,0,0,0,0,0,0,0,NO_DATA
5,CROWD_ITEM__FM,30_99,10_49,als_mae,0,,0,0,0,0,0,0,0,0,0,0,NO_DATA
5,CROWD_ITEM__FM,30_99,10_49,als_order,0,,0,0,0,0,0,0,0,0,0,0,NO_DATA
5,CROWD_ITEM__FM,30_99,50_PLUS,mse,18,0.8656981084901415,18,18,55,55,45,45,122,122,150,150,DESCRIPTIVE_SMALL_N
5,CROWD_ITEM__FM,30_99,50_PLUS,pa,10,0.799000429000429,18,10,55,47,45,42,122,122,150,150,DESCRIPTIVE_SMALL_N
5,CROWD_ITEM__FM,30_99,50_PLUS,als_mae,18,0.40443512168273404,18,18,55,55,45,45,122,122,150,150,DESCRIPTIVE_SMALL_N
5,CROWD_ITEM__FM,30_99,50_PLUS,als_order,10,0.7027838827838828,18,10,55,47,45,42,122,122,150,150,DESCRIPTIVE_SMALL_N
5,CROWD_ITEM__FM,100_299,1_9,mse,5,1.3236495093610257,5,5,6,6,6,6,0,0,1,1,DESCRIPTIVE_SMALL_N
5,CROWD_ITEM__FM,100_299,1_9,pa,0,,5,0,6,0,6,0,0,0,1,0,NO_DATA
5,CROWD_ITEM__FM,100_299,1_9,als_mae,5,0.4987020747654272,5,5,6,6,6,6,0,0,1,1,DESCRIPTIVE_SMALL_N
5,CROWD_ITEM__FM,100_299,1_9,als_order,1,1.0,5,1,6,2,6,2,0,0,1,1,DESCRIPTIVE_SMALL_N
5,CROWD_ITEM__FM,100_299,10_49,mse,6,0.7081710089369272,6,6,6,6,6,6,0,0,0,0,DESCRIPTIVE_SMALL_N
5,CROWD_ITEM__FM,100_299,10_49,pa,0,,6,0,6,0,6,0,0,0,0,0,NO_DATA
5,CROWD_ITEM__FM,100_299,10_49,als_mae,6,0.36420567319533514,6,6,6,6,6,6,0,0,0,0,DESCRIPTIVE_SMALL_N
5,CROWD_ITEM__FM,100_299,10_49,als_order,0,,6,0,6,0,6,0,0,0,0,0,NO_DATA
5,CROWD_ITEM__FM,100_299,50_PLUS,mse,24,0.5949040184745429,24,24,73,73,64,64,266,266,342,342,DESCRIPTIVE_SMALL_N
5,CROWD_ITEM__FM,100_299,50_PLUS,pa,10,0.5143905472636816,24,10,73,57,64,51,266,266,342,340,DESCRIPTIVE_SMALL_N
5,CROWD_ITEM__FM,100_299,50_PLUS,als_mae,24,0.41382992255706236,24,24,73,73,64,64,266,266,342,342,DESCRIPTIVE_SMALL_N
5,CROWD_ITEM__FM,100_299,50_PLUS,als_order,12,0.6432461873638344,24,12,73,61,64,55,266,266,342,342,DESCRIPTIVE_SMALL_N
5,CROWD_ITEM__FM,300_PLUS,1_9,mse,25,0.8358507501252798,25,25,55,55,49,49,125,125,153,153,DESCRIPTIVE_SMALL_N
5,CROWD_ITEM__FM,300_PLUS,1_9,pa,8,0.5269345238095238,25,8,55,38,49,37,125,125,153,153,DESCRIPTIVE_SMALL_N
5,CROWD_ITEM__FM,300_PLUS,1_9,als_mae,25,0.623907139028408,25,25,55,55,49,49,125,125,153,153,DESCRIPTIVE_SMALL_N
5,CROWD_ITEM__FM,300_PLUS,1_9,als_order,8,0.626984126984127,25,8,55,38,49,37,125,125,153,153,DESCRIPTIVE_SMALL_N
5,CROWD_ITEM__FM,300_PLUS,10_49,mse,29,1.000390596499148,29,29,46,46,37,37,23,23,30,30,DESCRIPTIVE_SMALL_N
5,CROWD_ITEM__FM,300_PLUS,10_49,pa,7,0.5428571428571428,29,7,46,22,37,20,23,23,30,28,DESCRIPTIVE_SMALL_N
5,CROWD_ITEM__FM,300_PLUS,10_49,als_mae,29,0.42104076228973814,29,29,46,46,37,37,23,23,30,30,DESCRIPTIVE_SMALL_N
5,CROWD_ITEM__FM,300_PLUS,10_49,als_order,9,0.6037037037037037,29,9,46,26,37,24,23,23,30,30,DESCRIPTIVE_SMALL_N
5,CROWD_ITEM__FM,300_PLUS,50_PLUS,mse,65,0.7570745993845953,65,65,216,216,159,159,442,442,599,599,DESCRIPTIVE
5,CROWD_ITEM__FM,300_PLUS,50_PLUS,pa,33,0.5623468784205994,65,33,216,174,159,140,442,442,599,585,DESCRIPTIVE
5,CROWD_ITEM__FM,300_PLUS,50_PLUS,als_mae,65,0.5065790707674339,65,65,216,216,159,159,442,442,599,599,DESCRIPTIVE
5,CROWD_ITEM__FM,300_PLUS,50_PLUS,als_order,40,0.6069525613275614,65,40,216,191,159,150,442,442,599,599,DESCRIPTIVE
5,CROWD_RESPONSE__RIDGE,0,1_9,mse,0,,0,0,0,0,0,0,0,0,0,0,NO_DATA
5,CROWD_RESPONSE__RIDGE,0,1_9,pa,0,,0,0,0,0,0,0,0,0,0,0,NO_DATA
5,CROWD_RESPONSE__RIDGE,0,1_9,als_mae,0,,0,0,0,0,0,0,0,0,0,0,NO_DATA
5,CROWD_RESPONSE__RIDGE,0,1_9,als_order,0,,0,0,0,0,0,0,0,0,0,0,NO_DATA
5,CROWD_RESPONSE__RIDGE,0,10_49,mse,0,,0,0,0,0,0,0,0,0,0,0,NO_DATA
5,CROWD_RESPONSE__RIDGE,0,10_49,pa,0,,0,0,0,0,0,0,0,0,0,0,NO_DATA
5,CROWD_RESPONSE__RIDGE,0,10_49,als_mae,0,,0,0,0,0,0,0,0,0,0,0,NO_DATA
5,CROWD_RESPONSE__RIDGE,0,10_49,als_order,0,,0,0,0,0,0,0,0,0,0,0,NO_DATA
5,CROWD_RESPONSE__RIDGE,0,50_PLUS,mse,0,,0,0,0,0,0,0,0,0,0,0,NO_DATA
5,CROWD_RESPONSE__RIDGE,0,50_PLUS,pa,0,,0,0,0,0,0,0,0,0,0,0,NO_DATA
5,CROWD_RESPONSE__RIDGE,0,50_PLUS,als_mae,0,,0,0,0,0,0,0,0,0,0,0,NO_DATA
5,CROWD_RESPONSE__RIDGE,0,50_PLUS,als_order,0,,0,0,0,0,0,0,0,0,0,0,NO_DATA
5,CROWD_RESPONSE__RIDGE,1_9,1_9,mse,0,,0,0,0,0,0,0,0,0,0,0,NO_DATA
5,CROWD_RESPONSE__RIDGE,1_9,1_9,pa,0,,0,0,0,0,0,0,0,0,0,0,NO_DATA
5,CROWD_RESPONSE__RIDGE,1_9,1_9,als_mae,0,,0,0,0,0,0,0,0,0,0,0,NO_DATA
5,CROWD_RESPONSE__RIDGE,1_9,1_9,als_order,0,,0,0,0,0,0,0,0,0,0,0,NO_DATA
5,CROWD_RESPONSE__RIDGE,1_9,10_49,mse,0,,0,0,0,0,0,0,0,0,0,0,NO_DATA
5,CROWD_RESPONSE__RIDGE,1_9,10_49,pa,0,,0,0,0,0,0,0,0,0,0,0,NO_DATA
5,CROWD_RESPONSE__RIDGE,1_9,10_49,als_mae,0,,0,0,0,0,0,0,0,0,0,0,NO_DATA
5,CROWD_RESPONSE__RIDGE,1_9,10_49,als_order,0,,0,0,0,0,0,0,0,0,0,0,NO_DATA
5,CROWD_RESPONSE__RIDGE,1_9,50_PLUS,mse,0,,0,0,0,0,0,0,0,0,0,0,NO_DATA
5,CROWD_RESPONSE__RIDGE,1_9,50_PLUS,pa,0,,0,0,0,0,0,0,0,0,0,0,NO_DATA
5,CROWD_RESPONSE__RIDGE,1_9,50_PLUS,als_mae,0,,0,0,0,0,0,0,0,0,0,0,NO_DATA
5,CROWD_RESPONSE__RIDGE,1_9,50_PLUS,als_order,0,,0,0,0,0,0,0,0,0,0,0,NO_DATA
5,CROWD_RESPONSE__RIDGE,10_29,1_9,mse,0,,0,0,0,0,0,0,0,0,0,0,NO_DATA
5,CROWD_RESPONSE__RIDGE,10_29,1_9,pa,0,,0,0,0,0,0,0,0,0,0,0,NO_DATA
5,CROWD_RESPONSE__RIDGE,10_29,1_9,als_mae,0,,0,0,0,0,0,0,0,0,0,0,NO_DATA
5,CROWD_RESPONSE__RIDGE,10_29,1_9,als_order,0,,0,0,0,0,0,0,0,0,0,0,NO_DATA
5,CROWD_RESPONSE__RIDGE,10_29,10_49,mse,0,,0,0,0,0,0,0,0,0,0,0,NO_DATA
5,CROWD_RESPONSE__RIDGE,10_29,10_49,pa,0,,0,0,0,0,0,0,0,0,0,0,NO_DATA
5,CROWD_RESPONSE__RIDGE,10_29,10_49,als_mae,0,,0,0,0,0,0,0,0,0,0,0,NO_DATA
5,CROWD_RESPONSE__RIDGE,10_29,10_49,als_order,0,,0,0,0,0,0,0,0,0,0,0,NO_DATA
5,CROWD_RESPONSE__RIDGE,10_29,50_PLUS,mse,2,0.33914830157808074,2,2,4,4,3,3,3,3,3,3,DESCRIPTIVE_SMALL_N
5,CROWD_RESPONSE__RIDGE,10_29,50_PLUS,pa,1,1.0,2,1,4,3,3,3,3,3,3,3,DESCRIPTIVE_SMALL_N
5,CROWD_RESPONSE__RIDGE,10_29,50_PLUS,als_mae,2,0.9318280233457958,2,2,4,4,3,3,3,3,3,3,DESCRIPTIVE_SMALL_N
5,CROWD_RESPONSE__RIDGE,10_29,50_PLUS,als_order,1,0.0,2,1,4,3,3,3,3,3,3,3,DESCRIPTIVE_SMALL_N
5,CROWD_RESPONSE__RIDGE,30_99,1_9,mse,0,,0,0,0,0,0,0,0,0,0,0,NO_DATA
5,CROWD_RESPONSE__RIDGE,30_99,1_9,pa,0,,0,0,0,0,0,0,0,0,0,0,NO_DATA
5,CROWD_RESPONSE__RIDGE,30_99,1_9,als_mae,0,,0,0,0,0,0,0,0,0,0,0,NO_DATA
5,CROWD_RESPONSE__RIDGE,30_99,1_9,als_order,0,,0,0,0,0,0,0,0,0,0,0,NO_DATA
5,CROWD_RESPONSE__RIDGE,30_99,10_49,mse,0,,0,0,0,0,0,0,0,0,0,0,NO_DATA
5,CROWD_RESPONSE__RIDGE,30_99,10_49,pa,0,,0,0,0,0,0,0,0,0,0,0,NO_DATA
5,CROWD_RESPONSE__RIDGE,30_99,10_49,als_mae,0,,0,0,0,0,0,0,0,0,0,0,NO_DATA
5,CROWD_RESPONSE__RIDGE,30_99,10_49,als_order,0,,0,0,0,0,0,0,0,0,0,0,NO_DATA
5,CROWD_RESPONSE__RIDGE,30_99,50_PLUS,mse,18,0.9912196453295644,18,18,55,55,45,45,122,122,150,150,DESCRIPTIVE_SMALL_N
5,CROWD_RESPONSE__RIDGE,30_99,50_PLUS,pa,10,0.644002574002574,18,10,55,47,45,42,122,122,150,150,DESCRIPTIVE_SMALL_N
5,CROWD_RESPONSE__RIDGE,30_99,50_PLUS,als_mae,18,0.4427274761539566,18,18,55,55,45,45,122,122,150,150,DESCRIPTIVE_SMALL_N
5,CROWD_RESPONSE__RIDGE,30_99,50_PLUS,als_order,10,0.7846703296703297,18,10,55,47,45,42,122,122,150,150,DESCRIPTIVE_SMALL_N
5,CROWD_RESPONSE__RIDGE,100_299,1_9,mse,5,0.9764986054576925,5,5,6,6,6,6,0,0,1,1,DESCRIPTIVE_SMALL_N
5,CROWD_RESPONSE__RIDGE,100_299,1_9,pa,0,,5,0,6,0,6,0,0,0,1,0,NO_DATA
5,CROWD_RESPONSE__RIDGE,100_299,1_9,als_mae,5,0.436622482784343,5,5,6,6,6,6,0,0,1,1,DESCRIPTIVE_SMALL_N
5,CROWD_RESPONSE__RIDGE,100_299,1_9,als_order,1,1.0,5,1,6,2,6,2,0,0,1,1,DESCRIPTIVE_SMALL_N
5,CROWD_RESPONSE__RIDGE,100_299,10_49,mse,6,0.8582493017332528,6,6,6,6,6,6,0,0,0,0,DESCRIPTIVE_SMALL_N
5,CROWD_RESPONSE__RIDGE,100_299,10_49,pa,0,,6,0,6,0,6,0,0,0,0,0,NO_DATA
5,CROWD_RESPONSE__RIDGE,100_299,10_49,als_mae,6,0.4682526709535107,6,6,6,6,6,6,0,0,0,0,DESCRIPTIVE_SMALL_N
5,CROWD_RESPONSE__RIDGE,100_299,10_49,als_order,0,,6,0,6,0,6,0,0,0,0,0,NO_DATA
5,CROWD_RESPONSE__RIDGE,100_299,50_PLUS,mse,24,0.6819085282623197,24,24,73,73,64,64,266,266,342,342,DESCRIPTIVE_SMALL_N
5,CROWD_RESPONSE__RIDGE,100_299,50_PLUS,pa,10,0.41754975124378113,24,10,73,57,64,51,266,266,342,340,DESCRIPTIVE_SMALL_N
5,CROWD_RESPONSE__RIDGE,100_299,50_PLUS,als_mae,24,0.43944642445427423,24,24,73,73,64,64,266,266,342,342,DESCRIPTIVE_SMALL_N
5,CROWD_RESPONSE__RIDGE,100_299,50_PLUS,als_order,12,0.590270611168444,24,12,73,61,64,55,266,266,342,342,DESCRIPTIVE_SMALL_N
5,CROWD_RESPONSE__RIDGE,300_PLUS,1_9,mse,25,0.7534929249362727,25,25,55,55,49,49,125,125,153,153,DESCRIPTIVE_SMALL_N
5,CROWD_RESPONSE__RIDGE,300_PLUS,1_9,pa,8,0.5075892857142857,25,8,55,38,49,37,125,125,153,153,DESCRIPTIVE_SMALL_N
5,CROWD_RESPONSE__RIDGE,300_PLUS,1_9,als_mae,25,0.6660214142227384,25,25,55,55,49,49,125,125,153,153,DESCRIPTIVE_SMALL_N
5,CROWD_RESPONSE__RIDGE,300_PLUS,1_9,als_order,8,0.4634208384208384,25,8,55,38,49,37,125,125,153,153,DESCRIPTIVE_SMALL_N
5,CROWD_RESPONSE__RIDGE,300_PLUS,10_49,mse,29,1.0508411097251888,29,29,46,46,37,37,23,23,30,30,DESCRIPTIVE_SMALL_N
5,CROWD_RESPONSE__RIDGE,300_PLUS,10_49,pa,7,0.7142857142857143,29,7,46,22,37,20,23,23,30,28,DESCRIPTIVE_SMALL_N
5,CROWD_RESPONSE__RIDGE,300_PLUS,10_49,als_mae,29,0.48908550885394186,29,29,46,46,37,37,23,23,30,30,DESCRIPTIVE_SMALL_N
5,CROWD_RESPONSE__RIDGE,300_PLUS,10_49,als_order,9,0.6777777777777777,29,9,46,26,37,24,23,23,30,30,DESCRIPTIVE_SMALL_N
5,CROWD_RESPONSE__RIDGE,300_PLUS,50_PLUS,mse,65,0.9075239090542778,65,65,216,216,159,159,442,442,599,599,DESCRIPTIVE
5,CROWD_RESPONSE__RIDGE,300_PLUS,50_PLUS,pa,33,0.6116388959777921,65,33,216,174,159,140,442,442,599,585,DESCRIPTIVE
5,CROWD_RESPONSE__RIDGE,300_PLUS,50_PLUS,als_mae,65,0.6006835537135522,65,65,216,216,159,159,442,442,599,599,DESCRIPTIVE
5,CROWD_RESPONSE__RIDGE,300_PLUS,50_PLUS,als_order,40,0.639142316017316,65,40,216,191,159,150,442,442,599,599,DESCRIPTIVE
5,CROWD_RESPONSE__GBT,0,1_9,mse,0,,0,0,0,0,0,0,0,0,0,0,NO_DATA
5,CROWD_RESPONSE__GBT,0,1_9,pa,0,,0,0,0,0,0,0,0,0,0,0,NO_DATA
5,CROWD_RESPONSE__GBT,0,1_9,als_mae,0,,0,0,0,0,0,0,0,0,0,0,NO_DATA
5,CROWD_RESPONSE__GBT,0,1_9,als_order,0,,0,0,0,0,0,0,0,0,0,0,NO_DATA
5,CROWD_RESPONSE__GBT,0,10_49,mse,0,,0,0,0,0,0,0,0,0,0,0,NO_DATA
5,CROWD_RESPONSE__GBT,0,10_49,pa,0,,0,0,0,0,0,0,0,0,0,0,NO_DATA
5,CROWD_RESPONSE__GBT,0,10_49,als_mae,0,,0,0,0,0,0,0,0,0,0,0,NO_DATA
5,CROWD_RESPONSE__GBT,0,10_49,als_order,0,,0,0,0,0,0,0,0,0,0,0,NO_DATA
5,CROWD_RESPONSE__GBT,0,50_PLUS,mse,0,,0,0,0,0,0,0,0,0,0,0,NO_DATA
5,CROWD_RESPONSE__GBT,0,50_PLUS,pa,0,,0,0,0,0,0,0,0,0,0,0,NO_DATA
5,CROWD_RESPONSE__GBT,0,50_PLUS,als_mae,0,,0,0,0,0,0,0,0,0,0,0,NO_DATA
5,CROWD_RESPONSE__GBT,0,50_PLUS,als_order,0,,0,0,0,0,0,0,0,0,0,0,NO_DATA
5,CROWD_RESPONSE__GBT,1_9,1_9,mse,0,,0,0,0,0,0,0,0,0,0,0,NO_DATA
5,CROWD_RESPONSE__GBT,1_9,1_9,pa,0,,0,0,0,0,0,0,0,0,0,0,NO_DATA
5,CROWD_RESPONSE__GBT,1_9,1_9,als_mae,0,,0,0,0,0,0,0,0,0,0,0,NO_DATA
5,CROWD_RESPONSE__GBT,1_9,1_9,als_order,0,,0,0,0,0,0,0,0,0,0,0,NO_DATA
5,CROWD_RESPONSE__GBT,1_9,10_49,mse,0,,0,0,0,0,0,0,0,0,0,0,NO_DATA
5,CROWD_RESPONSE__GBT,1_9,10_49,pa,0,,0,0,0,0,0,0,0,0,0,0,NO_DATA
5,CROWD_RESPONSE__GBT,1_9,10_49,als_mae,0,,0,0,0,0,0,0,0,0,0,0,NO_DATA
5,CROWD_RESPONSE__GBT,1_9,10_49,als_order,0,,0,0,0,0,0,0,0,0,0,0,NO_DATA
5,CROWD_RESPONSE__GBT,1_9,50_PLUS,mse,0,,0,0,0,0,0,0,0,0,0,0,NO_DATA
5,CROWD_RESPONSE__GBT,1_9,50_PLUS,pa,0,,0,0,0,0,0,0,0,0,0,0,NO_DATA
5,CROWD_RESPONSE__GBT,1_9,50_PLUS,als_mae,0,,0,0,0,0,0,0,0,0,0,0,NO_DATA
5,CROWD_RESPONSE__GBT,1_9,50_PLUS,als_order,0,,0,0,0,0,0,0,0,0,0,0,NO_DATA
5,CROWD_RESPONSE__GBT,10_29,1_9,mse,0,,0,0,0,0,0,0,0,0,0,0,NO_DATA
5,CROWD_RESPONSE__GBT,10_29,1_9,pa,0,,0,0,0,0,0,0,0,0,0,0,NO_DATA
5,CROWD_RESPONSE__GBT,10_29,1_9,als_mae,0,,0,0,0,0,0,0,0,0,0,0,NO_DATA
5,CROWD_RESPONSE__GBT,10_29,1_9,als_order,0,,0,0,0,0,0,0,0,0,0,0,NO_DATA
5,CROWD_RESPONSE__GBT,10_29,10_49,mse,0,,0,0,0,0,0,0,0,0,0,0,NO_DATA
5,CROWD_RESPONSE__GBT,10_29,10_49,pa,0,,0,0,0,0,0,0,0,0,0,0,NO_DATA
5,CROWD_RESPONSE__GBT,10_29,10_49,als_mae,0,,0,0,0,0,0,0,0,0,0,0,NO_DATA
5,CROWD_RESPONSE__GBT,10_29,10_49,als_order,0,,0,0,0,0,0,0,0,0,0,0,NO_DATA
5,CROWD_RESPONSE__GBT,10_29,50_PLUS,mse,2,0.8219397520579687,2,2,4,4,3,3,3,3,3,3,DESCRIPTIVE_SMALL_N
5,CROWD_RESPONSE__GBT,10_29,50_PLUS,pa,1,0.3333333333333333,2,1,4,3,3,3,3,3,3,3,DESCRIPTIVE_SMALL_N
5,CROWD_RESPONSE__GBT,10_29,50_PLUS,als_mae,2,0.5850936828319057,2,2,4,4,3,3,3,3,3,3,DESCRIPTIVE_SMALL_N
5,CROWD_RESPONSE__GBT,10_29,50_PLUS,als_order,1,0.6666666666666666,2,1,4,3,3,3,3,3,3,3,DESCRIPTIVE_SMALL_N
5,CROWD_RESPONSE__GBT,30_99,1_9,mse,0,,0,0,0,0,0,0,0,0,0,0,NO_DATA
5,CROWD_RESPONSE__GBT,30_99,1_9,pa,0,,0,0,0,0,0,0,0,0,0,0,NO_DATA
5,CROWD_RESPONSE__GBT,30_99,1_9,als_mae,0,,0,0,0,0,0,0,0,0,0,0,NO_DATA
5,CROWD_RESPONSE__GBT,30_99,1_9,als_order,0,,0,0,0,0,0,0,0,0,0,0,NO_DATA
5,CROWD_RESPONSE__GBT,30_99,10_49,mse,0,,0,0,0,0,0,0,0,0,0,0,NO_DATA
5,CROWD_RESPONSE__GBT,30_99,10_49,pa,0,,0,0,0,0,0,0,0,0,0,0,NO_DATA
5,CROWD_RESPONSE__GBT,30_99,10_49,als_mae,0,,0,0,0,0,0,0,0,0,0,0,NO_DATA
5,CROWD_RESPONSE__GBT,30_99,10_49,als_order,0,,0,0,0,0,0,0,0,0,0,0,NO_DATA
5,CROWD_RESPONSE__GBT,30_99,50_PLUS,mse,18,1.0451785837384084,18,18,55,55,45,45,122,122,150,150,DESCRIPTIVE_SMALL_N
5,CROWD_RESPONSE__GBT,30_99,50_PLUS,pa,10,0.5557443157443158,18,10,55,47,45,42,122,122,150,150,DESCRIPTIVE_SMALL_N
5,CROWD_RESPONSE__GBT,30_99,50_PLUS,als_mae,18,0.3766231071594334,18,18,55,55,45,45,122,122,150,150,DESCRIPTIVE_SMALL_N
5,CROWD_RESPONSE__GBT,30_99,50_PLUS,als_order,10,0.658992673992674,18,10,55,47,45,42,122,122,150,150,DESCRIPTIVE_SMALL_N
5,CROWD_RESPONSE__GBT,100_299,1_9,mse,5,1.1737601879574135,5,5,6,6,6,6,0,0,1,1,DESCRIPTIVE_SMALL_N
5,CROWD_RESPONSE__GBT,100_299,1_9,pa,0,,5,0,6,0,6,0,0,0,1,0,NO_DATA
5,CROWD_RESPONSE__GBT,100_299,1_9,als_mae,5,0.4082136218220123,5,5,6,6,6,6,0,0,1,1,DESCRIPTIVE_SMALL_N
5,CROWD_RESPONSE__GBT,100_299,1_9,als_order,1,1.0,5,1,6,2,6,2,0,0,1,1,DESCRIPTIVE_SMALL_N
5,CROWD_RESPONSE__GBT,100_299,10_49,mse,6,0.8043141406095552,6,6,6,6,6,6,0,0,0,0,DESCRIPTIVE_SMALL_N
5,CROWD_RESPONSE__GBT,100_299,10_49,pa,0,,6,0,6,0,6,0,0,0,0,0,NO_DATA
5,CROWD_RESPONSE__GBT,100_299,10_49,als_mae,6,0.38267442904392146,6,6,6,6,6,6,0,0,0,0,DESCRIPTIVE_SMALL_N
5,CROWD_RESPONSE__GBT,100_299,10_49,als_order,0,,6,0,6,0,6,0,0,0,0,0,NO_DATA
5,CROWD_RESPONSE__GBT,100_299,50_PLUS,mse,24,0.6102612216621123,24,24,73,73,64,64,266,266,342,342,DESCRIPTIVE_SMALL_N
5,CROWD_RESPONSE__GBT,100_299,50_PLUS,pa,10,0.47544776119402987,24,10,73,57,64,51,266,266,342,340,DESCRIPTIVE_SMALL_N
5,CROWD_RESPONSE__GBT,100_299,50_PLUS,als_mae,24,0.3785947044026703,24,24,73,73,64,64,266,266,342,342,DESCRIPTIVE_SMALL_N
5,CROWD_RESPONSE__GBT,100_299,50_PLUS,als_order,12,0.7593452585712647,24,12,73,61,64,55,266,266,342,342,DESCRIPTIVE_SMALL_N
5,CROWD_RESPONSE__GBT,300_PLUS,1_9,mse,25,0.6057086858839407,25,25,55,55,49,49,125,125,153,153,DESCRIPTIVE_SMALL_N
5,CROWD_RESPONSE__GBT,300_PLUS,1_9,pa,8,0.5847470238095238,25,8,55,38,49,37,125,125,153,153,DESCRIPTIVE_SMALL_N
5,CROWD_RESPONSE__GBT,300_PLUS,1_9,als_mae,25,0.566113736033751,25,25,55,55,49,49,125,125,153,153,DESCRIPTIVE_SMALL_N
5,CROWD_RESPONSE__GBT,300_PLUS,1_9,als_order,8,0.5285154660154661,25,8,55,38,49,37,125,125,153,153,DESCRIPTIVE_SMALL_N
5,CROWD_RESPONSE__GBT,300_PLUS,10_49,mse,29,1.0183935313887236,29,29,46,46,37,37,23,23,30,30,DESCRIPTIVE_SMALL_N
5,CROWD_RESPONSE__GBT,300_PLUS,10_49,pa,7,0.49642857142857144,29,7,46,22,37,20,23,23,30,28,DESCRIPTIVE_SMALL_N
5,CROWD_RESPONSE__GBT,300_PLUS,10_49,als_mae,29,0.44279545852867097,29,29,46,46,37,37,23,23,30,30,DESCRIPTIVE_SMALL_N
5,CROWD_RESPONSE__GBT,300_PLUS,10_49,als_order,9,0.8074074074074074,29,9,46,26,37,24,23,23,30,30,DESCRIPTIVE_SMALL_N
5,CROWD_RESPONSE__GBT,300_PLUS,50_PLUS,mse,65,0.7898023004738942,65,65,216,216,159,159,442,442,599,599,DESCRIPTIVE
5,CROWD_RESPONSE__GBT,300_PLUS,50_PLUS,pa,33,0.6850587387631217,65,33,216,174,159,140,442,442,599,585,DESCRIPTIVE
5,CROWD_RESPONSE__GBT,300_PLUS,50_PLUS,als_mae,65,0.5268001437713714,65,65,216,216,159,159,442,442,599,599,DESCRIPTIVE
5,CROWD_RESPONSE__GBT,300_PLUS,50_PLUS,als_order,40,0.6536093073593074,65,40,216,191,159,150,442,442,599,599,DESCRIPTIVE
5,CROWD_RESPONSE__FM,0,1_9,mse,0,,0,0,0,0,0,0,0,0,0,0,NO_DATA
5,CROWD_RESPONSE__FM,0,1_9,pa,0,,0,0,0,0,0,0,0,0,0,0,NO_DATA
5,CROWD_RESPONSE__FM,0,1_9,als_mae,0,,0,0,0,0,0,0,0,0,0,0,NO_DATA
5,CROWD_RESPONSE__FM,0,1_9,als_order,0,,0,0,0,0,0,0,0,0,0,0,NO_DATA
5,CROWD_RESPONSE__FM,0,10_49,mse,0,,0,0,0,0,0,0,0,0,0,0,NO_DATA
5,CROWD_RESPONSE__FM,0,10_49,pa,0,,0,0,0,0,0,0,0,0,0,0,NO_DATA
5,CROWD_RESPONSE__FM,0,10_49,als_mae,0,,0,0,0,0,0,0,0,0,0,0,NO_DATA
5,CROWD_RESPONSE__FM,0,10_49,als_order,0,,0,0,0,0,0,0,0,0,0,0,NO_DATA
5,CROWD_RESPONSE__FM,0,50_PLUS,mse,0,,0,0,0,0,0,0,0,0,0,0,NO_DATA
5,CROWD_RESPONSE__FM,0,50_PLUS,pa,0,,0,0,0,0,0,0,0,0,0,0,NO_DATA
5,CROWD_RESPONSE__FM,0,50_PLUS,als_mae,0,,0,0,0,0,0,0,0,0,0,0,NO_DATA
5,CROWD_RESPONSE__FM,0,50_PLUS,als_order,0,,0,0,0,0,0,0,0,0,0,0,NO_DATA
5,CROWD_RESPONSE__FM,1_9,1_9,mse,0,,0,0,0,0,0,0,0,0,0,0,NO_DATA
5,CROWD_RESPONSE__FM,1_9,1_9,pa,0,,0,0,0,0,0,0,0,0,0,0,NO_DATA
5,CROWD_RESPONSE__FM,1_9,1_9,als_mae,0,,0,0,0,0,0,0,0,0,0,0,NO_DATA
5,CROWD_RESPONSE__FM,1_9,1_9,als_order,0,,0,0,0,0,0,0,0,0,0,0,NO_DATA
5,CROWD_RESPONSE__FM,1_9,10_49,mse,0,,0,0,0,0,0,0,0,0,0,0,NO_DATA
5,CROWD_RESPONSE__FM,1_9,10_49,pa,0,,0,0,0,0,0,0,0,0,0,0,NO_DATA
5,CROWD_RESPONSE__FM,1_9,10_49,als_mae,0,,0,0,0,0,0,0,0,0,0,0,NO_DATA
5,CROWD_RESPONSE__FM,1_9,10_49,als_order,0,,0,0,0,0,0,0,0,0,0,0,NO_DATA
5,CROWD_RESPONSE__FM,1_9,50_PLUS,mse,0,,0,0,0,0,0,0,0,0,0,0,NO_DATA
5,CROWD_RESPONSE__FM,1_9,50_PLUS,pa,0,,0,0,0,0,0,0,0,0,0,0,NO_DATA
5,CROWD_RESPONSE__FM,1_9,50_PLUS,als_mae,0,,0,0,0,0,0,0,0,0,0,0,NO_DATA
5,CROWD_RESPONSE__FM,1_9,50_PLUS,als_order,0,,0,0,0,0,0,0,0,0,0,0,NO_DATA
5,CROWD_RESPONSE__FM,10_29,1_9,mse,0,,0,0,0,0,0,0,0,0,0,0,NO_DATA
5,CROWD_RESPONSE__FM,10_29,1_9,pa,0,,0,0,0,0,0,0,0,0,0,0,NO_DATA
5,CROWD_RESPONSE__FM,10_29,1_9,als_mae,0,,0,0,0,0,0,0,0,0,0,0,NO_DATA
5,CROWD_RESPONSE__FM,10_29,1_9,als_order,0,,0,0,0,0,0,0,0,0,0,0,NO_DATA
5,CROWD_RESPONSE__FM,10_29,10_49,mse,0,,0,0,0,0,0,0,0,0,0,0,NO_DATA
5,CROWD_RESPONSE__FM,10_29,10_49,pa,0,,0,0,0,0,0,0,0,0,0,0,NO_DATA
5,CROWD_RESPONSE__FM,10_29,10_49,als_mae,0,,0,0,0,0,0,0,0,0,0,0,NO_DATA
5,CROWD_RESPONSE__FM,10_29,10_49,als_order,0,,0,0,0,0,0,0,0,0,0,0,NO_DATA
5,CROWD_RESPONSE__FM,10_29,50_PLUS,mse,2,0.5933741934371995,2,2,4,4,3,3,3,3,3,3,DESCRIPTIVE_SMALL_N
5,CROWD_RESPONSE__FM,10_29,50_PLUS,pa,1,0.0,2,1,4,3,3,3,3,3,3,3,DESCRIPTIVE_SMALL_N
5,CROWD_RESPONSE__FM,10_29,50_PLUS,als_mae,2,0.7776328349765151,2,2,4,4,3,3,3,3,3,3,DESCRIPTIVE_SMALL_N
5,CROWD_RESPONSE__FM,10_29,50_PLUS,als_order,1,1.0,2,1,4,3,3,3,3,3,3,3,DESCRIPTIVE_SMALL_N
5,CROWD_RESPONSE__FM,30_99,1_9,mse,0,,0,0,0,0,0,0,0,0,0,0,NO_DATA
5,CROWD_RESPONSE__FM,30_99,1_9,pa,0,,0,0,0,0,0,0,0,0,0,0,NO_DATA
5,CROWD_RESPONSE__FM,30_99,1_9,als_mae,0,,0,0,0,0,0,0,0,0,0,0,NO_DATA
5,CROWD_RESPONSE__FM,30_99,1_9,als_order,0,,0,0,0,0,0,0,0,0,0,0,NO_DATA
5,CROWD_RESPONSE__FM,30_99,10_49,mse,0,,0,0,0,0,0,0,0,0,0,0,NO_DATA
5,CROWD_RESPONSE__FM,30_99,10_49,pa,0,,0,0,0,0,0,0,0,0,0,0,NO_DATA
5,CROWD_RESPONSE__FM,30_99,10_49,als_mae,0,,0,0,0,0,0,0,0,0,0,0,NO_DATA
5,CROWD_RESPONSE__FM,30_99,10_49,als_order,0,,0,0,0,0,0,0,0,0,0,0,NO_DATA
5,CROWD_RESPONSE__FM,30_99,50_PLUS,mse,18,0.8689612596616079,18,18,55,55,45,45,122,122,150,150,DESCRIPTIVE_SMALL_N
5,CROWD_RESPONSE__FM,30_99,50_PLUS,pa,10,0.8128871728871729,18,10,55,47,45,42,122,122,150,150,DESCRIPTIVE_SMALL_N
5,CROWD_RESPONSE__FM,30_99,50_PLUS,als_mae,18,0.3801330607157991,18,18,55,55,45,45,122,122,150,150,DESCRIPTIVE_SMALL_N
5,CROWD_RESPONSE__FM,30_99,50_PLUS,als_order,10,0.7241208791208791,18,10,55,47,45,42,122,122,150,150,DESCRIPTIVE_SMALL_N
5,CROWD_RESPONSE__FM,100_299,1_9,mse,5,1.1490928449764062,5,5,6,6,6,6,0,0,1,1,DESCRIPTIVE_SMALL_N
5,CROWD_RESPONSE__FM,100_299,1_9,pa,0,,5,0,6,0,6,0,0,0,1,0,NO_DATA
5,CROWD_RESPONSE__FM,100_299,1_9,als_mae,5,0.4652071958846588,5,5,6,6,6,6,0,0,1,1,DESCRIPTIVE_SMALL_N
5,CROWD_RESPONSE__FM,100_299,1_9,als_order,1,1.0,5,1,6,2,6,2,0,0,1,1,DESCRIPTIVE_SMALL_N
5,CROWD_RESPONSE__FM,100_299,10_49,mse,6,0.6905030989830911,6,6,6,6,6,6,0,0,0,0,DESCRIPTIVE_SMALL_N
5,CROWD_RESPONSE__FM,100_299,10_49,pa,0,,6,0,6,0,6,0,0,0,0,0,NO_DATA
5,CROWD_RESPONSE__FM,100_299,10_49,als_mae,6,0.388635166963077,6,6,6,6,6,6,0,0,0,0,DESCRIPTIVE_SMALL_N
5,CROWD_RESPONSE__FM,100_299,10_49,als_order,0,,6,0,6,0,6,0,0,0,0,0,NO_DATA
5,CROWD_RESPONSE__FM,100_299,50_PLUS,mse,24,0.5790043191073412,24,24,73,73,64,64,266,266,342,342,DESCRIPTIVE_SMALL_N
5,CROWD_RESPONSE__FM,100_299,50_PLUS,pa,10,0.627997512437811,24,10,73,57,64,51,266,266,342,340,DESCRIPTIVE_SMALL_N
5,CROWD_RESPONSE__FM,100_299,50_PLUS,als_mae,24,0.38259951431530154,24,24,73,73,64,64,266,266,342,342,DESCRIPTIVE_SMALL_N
5,CROWD_RESPONSE__FM,100_299,50_PLUS,als_order,12,0.7338894622176356,24,12,73,61,64,55,266,266,342,342,DESCRIPTIVE_SMALL_N
5,CROWD_RESPONSE__FM,300_PLUS,1_9,mse,25,0.6981990859325791,25,25,55,55,49,49,125,125,153,153,DESCRIPTIVE_SMALL_N
5,CROWD_RESPONSE__FM,300_PLUS,1_9,pa,8,0.6651041666666667,25,8,55,38,49,37,125,125,153,153,DESCRIPTIVE_SMALL_N
5,CROWD_RESPONSE__FM,300_PLUS,1_9,als_mae,25,0.5768025250491408,25,25,55,55,49,49,125,125,153,153,DESCRIPTIVE_SMALL_N
5,CROWD_RESPONSE__FM,300_PLUS,1_9,als_order,8,0.560566748066748,25,8,55,38,49,37,125,125,153,153,DESCRIPTIVE_SMALL_N
5,CROWD_RESPONSE__FM,300_PLUS,10_49,mse,29,0.9471445587042017,29,29,46,46,37,37,23,23,30,30,DESCRIPTIVE_SMALL_N
5,CROWD_RESPONSE__FM,300_PLUS,10_49,pa,7,0.7035714285714286,29,7,46,22,37,20,23,23,30,28,DESCRIPTIVE_SMALL_N
5,CROWD_RESPONSE__FM,300_PLUS,10_49,als_mae,29,0.4079980655296568,29,29,46,46,37,37,23,23,30,30,DESCRIPTIVE_SMALL_N
5,CROWD_RESPONSE__FM,300_PLUS,10_49,als_order,9,0.6851851851851851,29,9,46,26,37,24,23,23,30,30,DESCRIPTIVE_SMALL_N
5,CROWD_RESPONSE__FM,300_PLUS,50_PLUS,mse,65,0.7147699327465595,65,65,216,216,159,159,442,442,599,599,DESCRIPTIVE
5,CROWD_RESPONSE__FM,300_PLUS,50_PLUS,pa,33,0.5992618309416402,65,33,216,174,159,140,442,442,599,585,DESCRIPTIVE
5,CROWD_RESPONSE__FM,300_PLUS,50_PLUS,als_mae,65,0.4805332585040479,65,65,216,216,159,159,442,442,599,599,DESCRIPTIVE
5,CROWD_RESPONSE__FM,300_PLUS,50_PLUS,als_order,40,0.627136544011544,65,40,216,191,159,150,442,442,599,599,DESCRIPTIVE
10,ALS,0,1_9,mse,0,,0,0,0,0,0,0,0,0,0,0,NO_DATA
10,ALS,0,1_9,pa,0,,0,0,0,0,0,0,0,0,0,0,NO_DATA
10,ALS,0,1_9,als_mae,0,,0,0,0,0,0,0,0,0,0,0,NO_DATA
10,ALS,0,1_9,als_order,0,,0,0,0,0,0,0,0,0,0,0,NO_DATA
10,ALS,0,10_49,mse,0,,0,0,0,0,0,0,0,0,0,0,NO_DATA
10,ALS,0,10_49,pa,0,,0,0,0,0,0,0,0,0,0,0,NO_DATA
10,ALS,0,10_49,als_mae,0,,0,0,0,0,0,0,0,0,0,0,NO_DATA
10,ALS,0,10_49,als_order,0,,0,0,0,0,0,0,0,0,0,0,NO_DATA
10,ALS,0,50_PLUS,mse,0,,0,0,0,0,0,0,0,0,0,0,NO_DATA
10,ALS,0,50_PLUS,pa,0,,0,0,0,0,0,0,0,0,0,0,NO_DATA
10,ALS,0,50_PLUS,als_mae,0,,0,0,0,0,0,0,0,0,0,0,NO_DATA
10,ALS,0,50_PLUS,als_order,0,,0,0,0,0,0,0,0,0,0,0,NO_DATA
10,ALS,1_9,1_9,mse,0,,0,0,0,0,0,0,0,0,0,0,NO_DATA
10,ALS,1_9,1_9,pa,0,,0,0,0,0,0,0,0,0,0,0,NO_DATA
10,ALS,1_9,1_9,als_mae,0,,0,0,0,0,0,0,0,0,0,0,NO_DATA
10,ALS,1_9,1_9,als_order,0,,0,0,0,0,0,0,0,0,0,0,NO_DATA
10,ALS,1_9,10_49,mse,0,,0,0,0,0,0,0,0,0,0,0,NO_DATA
10,ALS,1_9,10_49,pa,0,,0,0,0,0,0,0,0,0,0,0,NO_DATA
10,ALS,1_9,10_49,als_mae,0,,0,0,0,0,0,0,0,0,0,0,NO_DATA
10,ALS,1_9,10_49,als_order,0,,0,0,0,0,0,0,0,0,0,0,NO_DATA
10,ALS,1_9,50_PLUS,mse,0,,0,0,0,0,0,0,0,0,0,0,NO_DATA
10,ALS,1_9,50_PLUS,pa,0,,0,0,0,0,0,0,0,0,0,0,NO_DATA
10,ALS,1_9,50_PLUS,als_mae,0,,0,0,0,0,0,0,0,0,0,0,NO_DATA
10,ALS,1_9,50_PLUS,als_order,0,,0,0,0,0,0,0,0,0,0,0,NO_DATA
10,ALS,10_29,1_9,mse,0,,0,0,0,0,0,0,0,0,0,0,NO_DATA
10,ALS,10_29,1_9,pa,0,,0,0,0,0,0,0,0,0,0,0,NO_DATA
10,ALS,10_29,1_9,als_mae,0,,0,0,0,0,0,0,0,0,0,0,NO_DATA
10,ALS,10_29,1_9,als_order,0,,0,0,0,0,0,0,0,0,0,0,NO_DATA
10,ALS,10_29,10_49,mse,0,,0,0,0,0,0,0,0,0,0,0,NO_DATA
10,ALS,10_29,10_49,pa,0,,0,0,0,0,0,0,0,0,0,0,NO_DATA
10,ALS,10_29,10_49,als_mae,0,,0,0,0,0,0,0,0,0,0,0,NO_DATA
10,ALS,10_29,10_49,als_order,0,,0,0,0,0,0,0,0,0,0,0,NO_DATA
10,ALS,10_29,50_PLUS,mse,2,1.3486807256779545,2,2,4,4,3,3,3,3,3,3,DESCRIPTIVE_SMALL_N
10,ALS,10_29,50_PLUS,pa,1,0.3333333333333333,2,1,4,3,3,3,3,3,3,3,DESCRIPTIVE_SMALL_N
10,ALS,10_29,50_PLUS,als_mae,2,0.0,2,2,4,4,3,3,3,3,3,3,DESCRIPTIVE_SMALL_N
10,ALS,10_29,50_PLUS,als_order,1,1.0,2,1,4,3,3,3,3,3,3,3,DESCRIPTIVE_SMALL_N
10,ALS,30_99,1_9,mse,0,,0,0,0,0,0,0,0,0,0,0,NO_DATA
10,ALS,30_99,1_9,pa,0,,0,0,0,0,0,0,0,0,0,0,NO_DATA
10,ALS,30_99,1_9,als_mae,0,,0,0,0,0,0,0,0,0,0,0,NO_DATA
10,ALS,30_99,1_9,als_order,0,,0,0,0,0,0,0,0,0,0,0,NO_DATA
10,ALS,30_99,10_49,mse,0,,0,0,0,0,0,0,0,0,0,0,NO_DATA
10,ALS,30_99,10_49,pa,0,,0,0,0,0,0,0,0,0,0,0,NO_DATA
10,ALS,30_99,10_49,als_mae,0,,0,0,0,0,0,0,0,0,0,0,NO_DATA
10,ALS,30_99,10_49,als_order,0,,0,0,0,0,0,0,0,0,0,0,NO_DATA
10,ALS,30_99,50_PLUS,mse,18,1.0927956055767714,18,18,55,55,45,45,122,122,150,150,DESCRIPTIVE_SMALL_N
10,ALS,30_99,50_PLUS,pa,10,0.6071685971685972,18,10,55,47,45,42,122,122,150,150,DESCRIPTIVE_SMALL_N
10,ALS,30_99,50_PLUS,als_mae,18,0.0,18,18,55,55,45,45,122,122,150,150,DESCRIPTIVE_SMALL_N
10,ALS,30_99,50_PLUS,als_order,10,1.0,18,10,55,47,45,42,122,122,150,150,DESCRIPTIVE_SMALL_N
10,ALS,100_299,1_9,mse,5,1.1291165881149705,5,5,6,6,6,6,0,0,1,1,DESCRIPTIVE_SMALL_N
10,ALS,100_299,1_9,pa,0,,5,0,6,0,6,0,0,0,1,0,NO_DATA
10,ALS,100_299,1_9,als_mae,5,0.0,5,5,6,6,6,6,0,0,1,1,DESCRIPTIVE_SMALL_N
10,ALS,100_299,1_9,als_order,1,1.0,5,1,6,2,6,2,0,0,1,1,DESCRIPTIVE_SMALL_N
10,ALS,100_299,10_49,mse,6,0.4531430140544139,6,6,6,6,6,6,0,0,0,0,DESCRIPTIVE_SMALL_N
10,ALS,100_299,10_49,pa,0,,6,0,6,0,6,0,0,0,0,0,NO_DATA
10,ALS,100_299,10_49,als_mae,6,0.0,6,6,6,6,6,6,0,0,0,0,DESCRIPTIVE_SMALL_N
10,ALS,100_299,10_49,als_order,0,,6,0,6,0,6,0,0,0,0,0,NO_DATA
10,ALS,100_299,50_PLUS,mse,24,0.6832394905187554,24,24,73,73,64,64,266,266,342,342,DESCRIPTIVE_SMALL_N
10,ALS,100_299,50_PLUS,pa,10,0.5959079601990049,24,10,73,57,64,51,266,266,342,340,DESCRIPTIVE_SMALL_N
10,ALS,100_299,50_PLUS,als_mae,24,0.0,24,24,73,73,64,64,266,266,342,342,DESCRIPTIVE_SMALL_N
10,ALS,100_299,50_PLUS,als_order,12,1.0,24,12,73,61,64,55,266,266,342,342,DESCRIPTIVE_SMALL_N
10,ALS,300_PLUS,1_9,mse,25,0.6985640163886621,25,25,55,55,49,49,125,125,153,153,DESCRIPTIVE_SMALL_N
10,ALS,300_PLUS,1_9,pa,8,0.7488467261904762,25,8,55,38,49,37,125,125,153,153,DESCRIPTIVE_SMALL_N
10,ALS,300_PLUS,1_9,als_mae,25,0.0,25,25,55,55,49,49,125,125,153,153,DESCRIPTIVE_SMALL_N
10,ALS,300_PLUS,1_9,als_order,8,1.0,25,8,55,38,49,37,125,125,153,153,DESCRIPTIVE_SMALL_N
10,ALS,300_PLUS,10_49,mse,29,0.6352660163874231,29,29,46,46,37,37,23,23,30,30,DESCRIPTIVE_SMALL_N
10,ALS,300_PLUS,10_49,pa,7,0.525,29,7,46,22,37,20,23,23,30,28,DESCRIPTIVE_SMALL_N
10,ALS,300_PLUS,10_49,als_mae,29,0.0,29,29,46,46,37,37,23,23,30,30,DESCRIPTIVE_SMALL_N
10,ALS,300_PLUS,10_49,als_order,9,1.0,29,9,46,26,37,24,23,23,30,30,DESCRIPTIVE_SMALL_N
10,ALS,300_PLUS,50_PLUS,mse,65,0.671547179796217,65,65,216,216,159,159,442,442,599,599,DESCRIPTIVE
10,ALS,300_PLUS,50_PLUS,pa,33,0.7645911009747429,65,33,216,174,159,140,442,442,599,585,DESCRIPTIVE
10,ALS,300_PLUS,50_PLUS,als_mae,65,0.0,65,65,216,216,159,159,442,442,599,599,DESCRIPTIVE
10,ALS,300_PLUS,50_PLUS,als_order,40,1.0,65,40,216,191,159,150,442,442,599,599,DESCRIPTIVE
10,BASE__RIDGE,0,1_9,mse,0,,0,0,0,0,0,0,0,0,0,0,NO_DATA
10,BASE__RIDGE,0,1_9,pa,0,,0,0,0,0,0,0,0,0,0,0,NO_DATA
10,BASE__RIDGE,0,1_9,als_mae,0,,0,0,0,0,0,0,0,0,0,0,NO_DATA
10,BASE__RIDGE,0,1_9,als_order,0,,0,0,0,0,0,0,0,0,0,0,NO_DATA
10,BASE__RIDGE,0,10_49,mse,0,,0,0,0,0,0,0,0,0,0,0,NO_DATA
10,BASE__RIDGE,0,10_49,pa,0,,0,0,0,0,0,0,0,0,0,0,NO_DATA
10,BASE__RIDGE,0,10_49,als_mae,0,,0,0,0,0,0,0,0,0,0,0,NO_DATA
10,BASE__RIDGE,0,10_49,als_order,0,,0,0,0,0,0,0,0,0,0,0,NO_DATA
10,BASE__RIDGE,0,50_PLUS,mse,0,,0,0,0,0,0,0,0,0,0,0,NO_DATA
10,BASE__RIDGE,0,50_PLUS,pa,0,,0,0,0,0,0,0,0,0,0,0,NO_DATA
10,BASE__RIDGE,0,50_PLUS,als_mae,0,,0,0,0,0,0,0,0,0,0,0,NO_DATA
10,BASE__RIDGE,0,50_PLUS,als_order,0,,0,0,0,0,0,0,0,0,0,0,NO_DATA
10,BASE__RIDGE,1_9,1_9,mse,0,,0,0,0,0,0,0,0,0,0,0,NO_DATA
10,BASE__RIDGE,1_9,1_9,pa,0,,0,0,0,0,0,0,0,0,0,0,NO_DATA
10,BASE__RIDGE,1_9,1_9,als_mae,0,,0,0,0,0,0,0,0,0,0,0,NO_DATA
10,BASE__RIDGE,1_9,1_9,als_order,0,,0,0,0,0,0,0,0,0,0,0,NO_DATA
10,BASE__RIDGE,1_9,10_49,mse,0,,0,0,0,0,0,0,0,0,0,0,NO_DATA
10,BASE__RIDGE,1_9,10_49,pa,0,,0,0,0,0,0,0,0,0,0,0,NO_DATA
10,BASE__RIDGE,1_9,10_49,als_mae,0,,0,0,0,0,0,0,0,0,0,0,NO_DATA
10,BASE__RIDGE,1_9,10_49,als_order,0,,0,0,0,0,0,0,0,0,0,0,NO_DATA
10,BASE__RIDGE,1_9,50_PLUS,mse,0,,0,0,0,0,0,0,0,0,0,0,NO_DATA
10,BASE__RIDGE,1_9,50_PLUS,pa,0,,0,0,0,0,0,0,0,0,0,0,NO_DATA
10,BASE__RIDGE,1_9,50_PLUS,als_mae,0,,0,0,0,0,0,0,0,0,0,0,NO_DATA
10,BASE__RIDGE,1_9,50_PLUS,als_order,0,,0,0,0,0,0,0,0,0,0,0,NO_DATA
10,BASE__RIDGE,10_29,1_9,mse,0,,0,0,0,0,0,0,0,0,0,0,NO_DATA
10,BASE__RIDGE,10_29,1_9,pa,0,,0,0,0,0,0,0,0,0,0,0,NO_DATA
10,BASE__RIDGE,10_29,1_9,als_mae,0,,0,0,0,0,0,0,0,0,0,0,NO_DATA
10,BASE__RIDGE,10_29,1_9,als_order,0,,0,0,0,0,0,0,0,0,0,0,NO_DATA
10,BASE__RIDGE,10_29,10_49,mse,0,,0,0,0,0,0,0,0,0,0,0,NO_DATA
10,BASE__RIDGE,10_29,10_49,pa,0,,0,0,0,0,0,0,0,0,0,0,NO_DATA
10,BASE__RIDGE,10_29,10_49,als_mae,0,,0,0,0,0,0,0,0,0,0,0,NO_DATA
10,BASE__RIDGE,10_29,10_49,als_order,0,,0,0,0,0,0,0,0,0,0,0,NO_DATA
10,BASE__RIDGE,10_29,50_PLUS,mse,2,0.5496735071662026,2,2,4,4,3,3,3,3,3,3,DESCRIPTIVE_SMALL_N
10,BASE__RIDGE,10_29,50_PLUS,pa,1,1.0,2,1,4,3,3,3,3,3,3,3,DESCRIPTIVE_SMALL_N
10,BASE__RIDGE,10_29,50_PLUS,als_mae,2,0.44194971110006276,2,2,4,4,3,3,3,3,3,3,DESCRIPTIVE_SMALL_N
10,BASE__RIDGE,10_29,50_PLUS,als_order,1,0.3333333333333333,2,1,4,3,3,3,3,3,3,3,DESCRIPTIVE_SMALL_N
10,BASE__RIDGE,30_99,1_9,mse,0,,0,0,0,0,0,0,0,0,0,0,NO_DATA
10,BASE__RIDGE,30_99,1_9,pa,0,,0,0,0,0,0,0,0,0,0,0,NO_DATA
10,BASE__RIDGE,30_99,1_9,als_mae,0,,0,0,0,0,0,0,0,0,0,0,NO_DATA
10,BASE__RIDGE,30_99,1_9,als_order,0,,0,0,0,0,0,0,0,0,0,0,NO_DATA
10,BASE__RIDGE,30_99,10_49,mse,0,,0,0,0,0,0,0,0,0,0,0,NO_DATA
10,BASE__RIDGE,30_99,10_49,pa,0,,0,0,0,0,0,0,0,0,0,0,NO_DATA
10,BASE__RIDGE,30_99,10_49,als_mae,0,,0,0,0,0,0,0,0,0,0,0,NO_DATA
10,BASE__RIDGE,30_99,10_49,als_order,0,,0,0,0,0,0,0,0,0,0,0,NO_DATA
10,BASE__RIDGE,30_99,50_PLUS,mse,18,0.9399756403022107,18,18,55,55,45,45,122,122,150,150,DESCRIPTIVE_SMALL_N
10,BASE__RIDGE,30_99,50_PLUS,pa,10,0.7248691548691549,18,10,55,47,45,42,122,122,150,150,DESCRIPTIVE_SMALL_N
10,BASE__RIDGE,30_99,50_PLUS,als_mae,18,0.4687723406969957,18,18,55,55,45,45,122,122,150,150,DESCRIPTIVE_SMALL_N
10,BASE__RIDGE,30_99,50_PLUS,als_order,10,0.6920146520146521,18,10,55,47,45,42,122,122,150,150,DESCRIPTIVE_SMALL_N
10,BASE__RIDGE,100_299,1_9,mse,5,0.8795893886196146,5,5,6,6,6,6,0,0,1,1,DESCRIPTIVE_SMALL_N
10,BASE__RIDGE,100_299,1_9,pa,0,,5,0,6,0,6,0,0,0,1,0,NO_DATA
10,BASE__RIDGE,100_299,1_9,als_mae,5,0.3916488613778032,5,5,6,6,6,6,0,0,1,1,DESCRIPTIVE_SMALL_N
10,BASE__RIDGE,100_299,1_9,als_order,1,0.0,5,1,6,2,6,2,0,0,1,1,DESCRIPTIVE_SMALL_N
10,BASE__RIDGE,100_299,10_49,mse,6,0.5917833806905587,6,6,6,6,6,6,0,0,0,0,DESCRIPTIVE_SMALL_N
10,BASE__RIDGE,100_299,10_49,pa,0,,6,0,6,0,6,0,0,0,0,0,NO_DATA
10,BASE__RIDGE,100_299,10_49,als_mae,6,0.4403993092281248,6,6,6,6,6,6,0,0,0,0,DESCRIPTIVE_SMALL_N
10,BASE__RIDGE,100_299,10_49,als_order,0,,6,0,6,0,6,0,0,0,0,0,NO_DATA
10,BASE__RIDGE,100_299,50_PLUS,mse,24,0.6903421635648351,24,24,73,73,64,64,266,266,342,342,DESCRIPTIVE_SMALL_N
10,BASE__RIDGE,100_299,50_PLUS,pa,10,0.5127238805970149,24,10,73,57,64,51,266,266,342,340,DESCRIPTIVE_SMALL_N
10,BASE__RIDGE,100_299,50_PLUS,als_mae,24,0.3590449611581447,24,24,73,73,64,64,266,266,342,342,DESCRIPTIVE_SMALL_N
10,BASE__RIDGE,100_299,50_PLUS,als_order,12,0.5526315789473685,24,12,73,61,64,55,266,266,342,342,DESCRIPTIVE_SMALL_N
10,BASE__RIDGE,300_PLUS,1_9,mse,25,0.7991729601489941,25,25,55,55,49,49,125,125,153,153,DESCRIPTIVE_SMALL_N
10,BASE__RIDGE,300_PLUS,1_9,pa,8,0.49635416666666665,25,8,55,38,49,37,125,125,153,153,DESCRIPTIVE_SMALL_N
10,BASE__RIDGE,300_PLUS,1_9,als_mae,25,0.5901319985225282,25,25,55,55,49,49,125,125,153,153,DESCRIPTIVE_SMALL_N
10,BASE__RIDGE,300_PLUS,1_9,als_order,8,0.6122303622303622,25,8,55,38,49,37,125,125,153,153,DESCRIPTIVE_SMALL_N
10,BASE__RIDGE,300_PLUS,10_49,mse,29,0.9167946770696118,29,29,46,46,37,37,23,23,30,30,DESCRIPTIVE_SMALL_N
10,BASE__RIDGE,300_PLUS,10_49,pa,7,0.6857142857142858,29,7,46,22,37,20,23,23,30,28,DESCRIPTIVE_SMALL_N
10,BASE__RIDGE,300_PLUS,10_49,als_mae,29,0.3570855358428793,29,29,46,46,37,37,23,23,30,30,DESCRIPTIVE_SMALL_N
10,BASE__RIDGE,300_PLUS,10_49,als_order,9,0.7148148148148148,29,9,46,26,37,24,23,23,30,30,DESCRIPTIVE_SMALL_N
10,BASE__RIDGE,300_PLUS,50_PLUS,mse,65,0.8871653189125133,65,65,216,216,159,159,442,442,599,599,DESCRIPTIVE
10,BASE__RIDGE,300_PLUS,50_PLUS,pa,33,0.5741971020808359,65,33,216,174,159,140,442,442,599,585,DESCRIPTIVE
10,BASE__RIDGE,300_PLUS,50_PLUS,als_mae,65,0.4657921066367048,65,65,216,216,159,159,442,442,599,599,DESCRIPTIVE
10,BASE__RIDGE,300_PLUS,50_PLUS,als_order,40,0.6446834415584416,65,40,216,191,159,150,442,442,599,599,DESCRIPTIVE
10,BASE__GBT,0,1_9,mse,0,,0,0,0,0,0,0,0,0,0,0,NO_DATA
10,BASE__GBT,0,1_9,pa,0,,0,0,0,0,0,0,0,0,0,0,NO_DATA
10,BASE__GBT,0,1_9,als_mae,0,,0,0,0,0,0,0,0,0,0,0,NO_DATA
10,BASE__GBT,0,1_9,als_order,0,,0,0,0,0,0,0,0,0,0,0,NO_DATA
10,BASE__GBT,0,10_49,mse,0,,0,0,0,0,0,0,0,0,0,0,NO_DATA
10,BASE__GBT,0,10_49,pa,0,,0,0,0,0,0,0,0,0,0,0,NO_DATA
10,BASE__GBT,0,10_49,als_mae,0,,0,0,0,0,0,0,0,0,0,0,NO_DATA
10,BASE__GBT,0,10_49,als_order,0,,0,0,0,0,0,0,0,0,0,0,NO_DATA
10,BASE__GBT,0,50_PLUS,mse,0,,0,0,0,0,0,0,0,0,0,0,NO_DATA
10,BASE__GBT,0,50_PLUS,pa,0,,0,0,0,0,0,0,0,0,0,0,NO_DATA
10,BASE__GBT,0,50_PLUS,als_mae,0,,0,0,0,0,0,0,0,0,0,0,NO_DATA
10,BASE__GBT,0,50_PLUS,als_order,0,,0,0,0,0,0,0,0,0,0,0,NO_DATA
10,BASE__GBT,1_9,1_9,mse,0,,0,0,0,0,0,0,0,0,0,0,NO_DATA
10,BASE__GBT,1_9,1_9,pa,0,,0,0,0,0,0,0,0,0,0,0,NO_DATA
10,BASE__GBT,1_9,1_9,als_mae,0,,0,0,0,0,0,0,0,0,0,0,NO_DATA
10,BASE__GBT,1_9,1_9,als_order,0,,0,0,0,0,0,0,0,0,0,0,NO_DATA
10,BASE__GBT,1_9,10_49,mse,0,,0,0,0,0,0,0,0,0,0,0,NO_DATA
10,BASE__GBT,1_9,10_49,pa,0,,0,0,0,0,0,0,0,0,0,0,NO_DATA
10,BASE__GBT,1_9,10_49,als_mae,0,,0,0,0,0,0,0,0,0,0,0,NO_DATA
10,BASE__GBT,1_9,10_49,als_order,0,,0,0,0,0,0,0,0,0,0,0,NO_DATA
10,BASE__GBT,1_9,50_PLUS,mse,0,,0,0,0,0,0,0,0,0,0,0,NO_DATA
10,BASE__GBT,1_9,50_PLUS,pa,0,,0,0,0,0,0,0,0,0,0,0,NO_DATA
10,BASE__GBT,1_9,50_PLUS,als_mae,0,,0,0,0,0,0,0,0,0,0,0,NO_DATA
10,BASE__GBT,1_9,50_PLUS,als_order,0,,0,0,0,0,0,0,0,0,0,0,NO_DATA
10,BASE__GBT,10_29,1_9,mse,0,,0,0,0,0,0,0,0,0,0,0,NO_DATA
10,BASE__GBT,10_29,1_9,pa,0,,0,0,0,0,0,0,0,0,0,0,NO_DATA
10,BASE__GBT,10_29,1_9,als_mae,0,,0,0,0,0,0,0,0,0,0,0,NO_DATA
10,BASE__GBT,10_29,1_9,als_order,0,,0,0,0,0,0,0,0,0,0,0,NO_DATA
10,BASE__GBT,10_29,10_49,mse,0,,0,0,0,0,0,0,0,0,0,0,NO_DATA
10,BASE__GBT,10_29,10_49,pa,0,,0,0,0,0,0,0,0,0,0,0,NO_DATA
10,BASE__GBT,10_29,10_49,als_mae,0,,0,0,0,0,0,0,0,0,0,0,NO_DATA
10,BASE__GBT,10_29,10_49,als_order,0,,0,0,0,0,0,0,0,0,0,0,NO_DATA
10,BASE__GBT,10_29,50_PLUS,mse,2,0.6333537486077719,2,2,4,4,3,3,3,3,3,3,DESCRIPTIVE_SMALL_N
10,BASE__GBT,10_29,50_PLUS,pa,1,0.6666666666666666,2,1,4,3,3,3,3,3,3,3,DESCRIPTIVE_SMALL_N
10,BASE__GBT,10_29,50_PLUS,als_mae,2,0.4063997996559769,2,2,4,4,3,3,3,3,3,3,DESCRIPTIVE_SMALL_N
10,BASE__GBT,10_29,50_PLUS,als_order,1,0.0,2,1,4,3,3,3,3,3,3,3,DESCRIPTIVE_SMALL_N
10,BASE__GBT,30_99,1_9,mse,0,,0,0,0,0,0,0,0,0,0,0,NO_DATA
10,BASE__GBT,30_99,1_9,pa,0,,0,0,0,0,0,0,0,0,0,0,NO_DATA
10,BASE__GBT,30_99,1_9,als_mae,0,,0,0,0,0,0,0,0,0,0,0,NO_DATA
10,BASE__GBT,30_99,1_9,als_order,0,,0,0,0,0,0,0,0,0,0,0,NO_DATA
10,BASE__GBT,30_99,10_49,mse,0,,0,0,0,0,0,0,0,0,0,0,NO_DATA
10,BASE__GBT,30_99,10_49,pa,0,,0,0,0,0,0,0,0,0,0,0,NO_DATA
10,BASE__GBT,30_99,10_49,als_mae,0,,0,0,0,0,0,0,0,0,0,0,NO_DATA
10,BASE__GBT,30_99,10_49,als_order,0,,0,0,0,0,0,0,0,0,0,0,NO_DATA
10,BASE__GBT,30_99,50_PLUS,mse,18,0.9376783030762385,18,18,55,55,45,45,122,122,150,150,DESCRIPTIVE_SMALL_N
10,BASE__GBT,30_99,50_PLUS,pa,10,0.6215229515229516,18,10,55,47,45,42,122,122,150,150,DESCRIPTIVE_SMALL_N
10,BASE__GBT,30_99,50_PLUS,als_mae,18,0.4175877908300165,18,18,55,55,45,45,122,122,150,150,DESCRIPTIVE_SMALL_N
10,BASE__GBT,30_99,50_PLUS,als_order,10,0.6546336996336997,18,10,55,47,45,42,122,122,150,150,DESCRIPTIVE_SMALL_N
10,BASE__GBT,100_299,1_9,mse,5,0.8070016471104082,5,5,6,6,6,6,0,0,1,1,DESCRIPTIVE_SMALL_N
10,BASE__GBT,100_299,1_9,pa,0,,5,0,6,0,6,0,0,0,1,0,NO_DATA
10,BASE__GBT,100_299,1_9,als_mae,5,0.45277464340500606,5,5,6,6,6,6,0,0,1,1,DESCRIPTIVE_SMALL_N
10,BASE__GBT,100_299,1_9,als_order,1,1.0,5,1,6,2,6,2,0,0,1,1,DESCRIPTIVE_SMALL_N
10,BASE__GBT,100_299,10_49,mse,6,0.6466204095333676,6,6,6,6,6,6,0,0,0,0,DESCRIPTIVE_SMALL_N
10,BASE__GBT,100_299,10_49,pa,0,,6,0,6,0,6,0,0,0,0,0,NO_DATA
10,BASE__GBT,100_299,10_49,als_mae,6,0.5249855428575599,6,6,6,6,6,6,0,0,0,0,DESCRIPTIVE_SMALL_N
10,BASE__GBT,100_299,10_49,als_order,0,,6,0,6,0,6,0,0,0,0,0,NO_DATA
10,BASE__GBT,100_299,50_PLUS,mse,24,0.6612548781300708,24,24,73,73,64,64,266,266,342,342,DESCRIPTIVE_SMALL_N
10,BASE__GBT,100_299,50_PLUS,pa,10,0.4736753731343283,24,10,73,57,64,51,266,266,342,340,DESCRIPTIVE_SMALL_N
10,BASE__GBT,100_299,50_PLUS,als_mae,24,0.3507098518808165,24,24,73,73,64,64,266,266,342,342,DESCRIPTIVE_SMALL_N
10,BASE__GBT,100_299,50_PLUS,als_order,12,0.6125300997592019,24,12,73,61,64,55,266,266,342,342,DESCRIPTIVE_SMALL_N
10,BASE__GBT,300_PLUS,1_9,mse,25,0.7913824089752849,25,25,55,55,49,49,125,125,153,153,DESCRIPTIVE_SMALL_N
10,BASE__GBT,300_PLUS,1_9,pa,8,0.6246279761904763,25,8,55,38,49,37,125,125,153,153,DESCRIPTIVE_SMALL_N
10,BASE__GBT,300_PLUS,1_9,als_mae,25,0.5763609915988488,25,25,55,55,49,49,125,125,153,153,DESCRIPTIVE_SMALL_N
10,BASE__GBT,300_PLUS,1_9,als_order,8,0.7694851444851445,25,8,55,38,49,37,125,125,153,153,DESCRIPTIVE_SMALL_N
10,BASE__GBT,300_PLUS,10_49,mse,29,0.851716577367657,29,29,46,46,37,37,23,23,30,30,DESCRIPTIVE_SMALL_N
10,BASE__GBT,300_PLUS,10_49,pa,7,0.5321428571428571,29,7,46,22,37,20,23,23,30,28,DESCRIPTIVE_SMALL_N
10,BASE__GBT,300_PLUS,10_49,als_mae,29,0.3476191462330546,29,29,46,46,37,37,23,23,30,30,DESCRIPTIVE_SMALL_N
10,BASE__GBT,300_PLUS,10_49,als_order,9,0.6185185185185184,29,9,46,26,37,24,23,23,30,30,DESCRIPTIVE_SMALL_N
10,BASE__GBT,300_PLUS,50_PLUS,mse,65,0.8001212681656289,65,65,216,216,159,159,442,442,599,599,DESCRIPTIVE
10,BASE__GBT,300_PLUS,50_PLUS,pa,33,0.6402547179779896,65,33,216,174,159,140,442,442,599,585,DESCRIPTIVE
10,BASE__GBT,300_PLUS,50_PLUS,als_mae,65,0.4067930089622758,65,65,216,216,159,159,442,442,599,599,DESCRIPTIVE
10,BASE__GBT,300_PLUS,50_PLUS,als_order,40,0.7115349927849928,65,40,216,191,159,150,442,442,599,599,DESCRIPTIVE
10,BASE__FM,0,1_9,mse,0,,0,0,0,0,0,0,0,0,0,0,NO_DATA
10,BASE__FM,0,1_9,pa,0,,0,0,0,0,0,0,0,0,0,0,NO_DATA
10,BASE__FM,0,1_9,als_mae,0,,0,0,0,0,0,0,0,0,0,0,NO_DATA
10,BASE__FM,0,1_9,als_order,0,,0,0,0,0,0,0,0,0,0,0,NO_DATA
10,BASE__FM,0,10_49,mse,0,,0,0,0,0,0,0,0,0,0,0,NO_DATA
10,BASE__FM,0,10_49,pa,0,,0,0,0,0,0,0,0,0,0,0,NO_DATA
10,BASE__FM,0,10_49,als_mae,0,,0,0,0,0,0,0,0,0,0,0,NO_DATA
10,BASE__FM,0,10_49,als_order,0,,0,0,0,0,0,0,0,0,0,0,NO_DATA
10,BASE__FM,0,50_PLUS,mse,0,,0,0,0,0,0,0,0,0,0,0,NO_DATA
10,BASE__FM,0,50_PLUS,pa,0,,0,0,0,0,0,0,0,0,0,0,NO_DATA
10,BASE__FM,0,50_PLUS,als_mae,0,,0,0,0,0,0,0,0,0,0,0,NO_DATA
10,BASE__FM,0,50_PLUS,als_order,0,,0,0,0,0,0,0,0,0,0,0,NO_DATA
10,BASE__FM,1_9,1_9,mse,0,,0,0,0,0,0,0,0,0,0,0,NO_DATA
10,BASE__FM,1_9,1_9,pa,0,,0,0,0,0,0,0,0,0,0,0,NO_DATA
10,BASE__FM,1_9,1_9,als_mae,0,,0,0,0,0,0,0,0,0,0,0,NO_DATA
10,BASE__FM,1_9,1_9,als_order,0,,0,0,0,0,0,0,0,0,0,0,NO_DATA
10,BASE__FM,1_9,10_49,mse,0,,0,0,0,0,0,0,0,0,0,0,NO_DATA
10,BASE__FM,1_9,10_49,pa,0,,0,0,0,0,0,0,0,0,0,0,NO_DATA
10,BASE__FM,1_9,10_49,als_mae,0,,0,0,0,0,0,0,0,0,0,0,NO_DATA
10,BASE__FM,1_9,10_49,als_order,0,,0,0,0,0,0,0,0,0,0,0,NO_DATA
10,BASE__FM,1_9,50_PLUS,mse,0,,0,0,0,0,0,0,0,0,0,0,NO_DATA
10,BASE__FM,1_9,50_PLUS,pa,0,,0,0,0,0,0,0,0,0,0,0,NO_DATA
10,BASE__FM,1_9,50_PLUS,als_mae,0,,0,0,0,0,0,0,0,0,0,0,NO_DATA
10,BASE__FM,1_9,50_PLUS,als_order,0,,0,0,0,0,0,0,0,0,0,0,NO_DATA
10,BASE__FM,10_29,1_9,mse,0,,0,0,0,0,0,0,0,0,0,0,NO_DATA
10,BASE__FM,10_29,1_9,pa,0,,0,0,0,0,0,0,0,0,0,0,NO_DATA
10,BASE__FM,10_29,1_9,als_mae,0,,0,0,0,0,0,0,0,0,0,0,NO_DATA
10,BASE__FM,10_29,1_9,als_order,0,,0,0,0,0,0,0,0,0,0,0,NO_DATA
10,BASE__FM,10_29,10_49,mse,0,,0,0,0,0,0,0,0,0,0,0,NO_DATA
10,BASE__FM,10_29,10_49,pa,0,,0,0,0,0,0,0,0,0,0,0,NO_DATA
10,BASE__FM,10_29,10_49,als_mae,0,,0,0,0,0,0,0,0,0,0,0,NO_DATA
10,BASE__FM,10_29,10_49,als_order,0,,0,0,0,0,0,0,0,0,0,0,NO_DATA
10,BASE__FM,10_29,50_PLUS,mse,2,0.7075781446409596,2,2,4,4,3,3,3,3,3,3,DESCRIPTIVE_SMALL_N
10,BASE__FM,10_29,50_PLUS,pa,1,1.0,2,1,4,3,3,3,3,3,3,3,DESCRIPTIVE_SMALL_N
10,BASE__FM,10_29,50_PLUS,als_mae,2,0.31138838929475493,2,2,4,4,3,3,3,3,3,3,DESCRIPTIVE_SMALL_N
10,BASE__FM,10_29,50_PLUS,als_order,1,0.3333333333333333,2,1,4,3,3,3,3,3,3,3,DESCRIPTIVE_SMALL_N
10,BASE__FM,30_99,1_9,mse,0,,0,0,0,0,0,0,0,0,0,0,NO_DATA
10,BASE__FM,30_99,1_9,pa,0,,0,0,0,0,0,0,0,0,0,0,NO_DATA
10,BASE__FM,30_99,1_9,als_mae,0,,0,0,0,0,0,0,0,0,0,0,NO_DATA
10,BASE__FM,30_99,1_9,als_order,0,,0,0,0,0,0,0,0,0,0,0,NO_DATA
10,BASE__FM,30_99,10_49,mse,0,,0,0,0,0,0,0,0,0,0,0,NO_DATA
10,BASE__FM,30_99,10_49,pa,0,,0,0,0,0,0,0,0,0,0,0,NO_DATA
10,BASE__FM,30_99,10_49,als_mae,0,,0,0,0,0,0,0,0,0,0,0,NO_DATA
10,BASE__FM,30_99,10_49,als_order,0,,0,0,0,0,0,0,0,0,0,0,NO_DATA
10,BASE__FM,30_99,50_PLUS,mse,18,0.8399262499116877,18,18,55,55,45,45,122,122,150,150,DESCRIPTIVE_SMALL_N
10,BASE__FM,30_99,50_PLUS,pa,10,0.7435950235950236,18,10,55,47,45,42,122,122,150,150,DESCRIPTIVE_SMALL_N
10,BASE__FM,30_99,50_PLUS,als_mae,18,0.42810896011279614,18,18,55,55,45,45,122,122,150,150,DESCRIPTIVE_SMALL_N
10,BASE__FM,30_99,50_PLUS,als_order,10,0.7150000000000001,18,10,55,47,45,42,122,122,150,150,DESCRIPTIVE_SMALL_N
10,BASE__FM,100_299,1_9,mse,5,1.1120721963044622,5,5,6,6,6,6,0,0,1,1,DESCRIPTIVE_SMALL_N
10,BASE__FM,100_299,1_9,pa,0,,5,0,6,0,6,0,0,0,1,0,NO_DATA
10,BASE__FM,100_299,1_9,als_mae,5,0.4700251701267814,5,5,6,6,6,6,0,0,1,1,DESCRIPTIVE_SMALL_N
10,BASE__FM,100_299,1_9,als_order,1,0.0,5,1,6,2,6,2,0,0,1,1,DESCRIPTIVE_SMALL_N
10,BASE__FM,100_299,10_49,mse,6,0.569710824230821,6,6,6,6,6,6,0,0,0,0,DESCRIPTIVE_SMALL_N
10,BASE__FM,100_299,10_49,pa,0,,6,0,6,0,6,0,0,0,0,0,NO_DATA
10,BASE__FM,100_299,10_49,als_mae,6,0.43864091552641354,6,6,6,6,6,6,0,0,0,0,DESCRIPTIVE_SMALL_N
10,BASE__FM,100_299,10_49,als_order,0,,6,0,6,0,6,0,0,0,0,0,NO_DATA
10,BASE__FM,100_299,50_PLUS,mse,24,0.6531452485562143,24,24,73,73,64,64,266,266,342,342,DESCRIPTIVE_SMALL_N
10,BASE__FM,100_299,50_PLUS,pa,10,0.660136815920398,24,10,73,57,64,51,266,266,342,340,DESCRIPTIVE_SMALL_N
10,BASE__FM,100_299,50_PLUS,als_mae,24,0.3282144146808343,24,24,73,73,64,64,266,266,342,342,DESCRIPTIVE_SMALL_N
10,BASE__FM,100_299,50_PLUS,als_order,12,0.6399208806329549,24,12,73,61,64,55,266,266,342,342,DESCRIPTIVE_SMALL_N
10,BASE__FM,300_PLUS,1_9,mse,25,0.8569753680811693,25,25,55,55,49,49,125,125,153,153,DESCRIPTIVE_SMALL_N
10,BASE__FM,300_PLUS,1_9,pa,8,0.5127976190476191,25,8,55,38,49,37,125,125,153,153,DESCRIPTIVE_SMALL_N
10,BASE__FM,300_PLUS,1_9,als_mae,25,0.5420888120483264,25,25,55,55,49,49,125,125,153,153,DESCRIPTIVE_SMALL_N
10,BASE__FM,300_PLUS,1_9,als_order,8,0.6103479853479854,25,8,55,38,49,37,125,125,153,153,DESCRIPTIVE_SMALL_N
10,BASE__FM,300_PLUS,10_49,mse,29,0.9239610087682353,29,29,46,46,37,37,23,23,30,30,DESCRIPTIVE_SMALL_N
10,BASE__FM,300_PLUS,10_49,pa,7,0.6857142857142858,29,7,46,22,37,20,23,23,30,28,DESCRIPTIVE_SMALL_N
10,BASE__FM,300_PLUS,10_49,als_mae,29,0.3446118897627536,29,29,46,46,37,37,23,23,30,30,DESCRIPTIVE_SMALL_N
10,BASE__FM,300_PLUS,10_49,als_order,9,0.6111111111111112,29,9,46,26,37,24,23,23,30,30,DESCRIPTIVE_SMALL_N
10,BASE__FM,300_PLUS,50_PLUS,mse,65,0.8157239501794095,65,65,216,216,159,159,442,442,599,599,DESCRIPTIVE
10,BASE__FM,300_PLUS,50_PLUS,pa,33,0.5820577806365446,65,33,216,174,159,140,442,442,599,585,DESCRIPTIVE
10,BASE__FM,300_PLUS,50_PLUS,als_mae,65,0.4142280427774137,65,65,216,216,159,159,442,442,599,599,DESCRIPTIVE
10,BASE__FM,300_PLUS,50_PLUS,als_order,40,0.6501172438672439,65,40,216,191,159,150,442,442,599,599,DESCRIPTIVE
10,SUPPORT__RIDGE,0,1_9,mse,0,,0,0,0,0,0,0,0,0,0,0,NO_DATA
10,SUPPORT__RIDGE,0,1_9,pa,0,,0,0,0,0,0,0,0,0,0,0,NO_DATA
10,SUPPORT__RIDGE,0,1_9,als_mae,0,,0,0,0,0,0,0,0,0,0,0,NO_DATA
10,SUPPORT__RIDGE,0,1_9,als_order,0,,0,0,0,0,0,0,0,0,0,0,NO_DATA
10,SUPPORT__RIDGE,0,10_49,mse,0,,0,0,0,0,0,0,0,0,0,0,NO_DATA
10,SUPPORT__RIDGE,0,10_49,pa,0,,0,0,0,0,0,0,0,0,0,0,NO_DATA
10,SUPPORT__RIDGE,0,10_49,als_mae,0,,0,0,0,0,0,0,0,0,0,0,NO_DATA
10,SUPPORT__RIDGE,0,10_49,als_order,0,,0,0,0,0,0,0,0,0,0,0,NO_DATA
10,SUPPORT__RIDGE,0,50_PLUS,mse,0,,0,0,0,0,0,0,0,0,0,0,NO_DATA
10,SUPPORT__RIDGE,0,50_PLUS,pa,0,,0,0,0,0,0,0,0,0,0,0,NO_DATA
10,SUPPORT__RIDGE,0,50_PLUS,als_mae,0,,0,0,0,0,0,0,0,0,0,0,NO_DATA
10,SUPPORT__RIDGE,0,50_PLUS,als_order,0,,0,0,0,0,0,0,0,0,0,0,NO_DATA
10,SUPPORT__RIDGE,1_9,1_9,mse,0,,0,0,0,0,0,0,0,0,0,0,NO_DATA
10,SUPPORT__RIDGE,1_9,1_9,pa,0,,0,0,0,0,0,0,0,0,0,0,NO_DATA
10,SUPPORT__RIDGE,1_9,1_9,als_mae,0,,0,0,0,0,0,0,0,0,0,0,NO_DATA
10,SUPPORT__RIDGE,1_9,1_9,als_order,0,,0,0,0,0,0,0,0,0,0,0,NO_DATA
10,SUPPORT__RIDGE,1_9,10_49,mse,0,,0,0,0,0,0,0,0,0,0,0,NO_DATA
10,SUPPORT__RIDGE,1_9,10_49,pa,0,,0,0,0,0,0,0,0,0,0,0,NO_DATA
10,SUPPORT__RIDGE,1_9,10_49,als_mae,0,,0,0,0,0,0,0,0,0,0,0,NO_DATA
10,SUPPORT__RIDGE,1_9,10_49,als_order,0,,0,0,0,0,0,0,0,0,0,0,NO_DATA
10,SUPPORT__RIDGE,1_9,50_PLUS,mse,0,,0,0,0,0,0,0,0,0,0,0,NO_DATA
10,SUPPORT__RIDGE,1_9,50_PLUS,pa,0,,0,0,0,0,0,0,0,0,0,0,NO_DATA
10,SUPPORT__RIDGE,1_9,50_PLUS,als_mae,0,,0,0,0,0,0,0,0,0,0,0,NO_DATA
10,SUPPORT__RIDGE,1_9,50_PLUS,als_order,0,,0,0,0,0,0,0,0,0,0,0,NO_DATA
10,SUPPORT__RIDGE,10_29,1_9,mse,0,,0,0,0,0,0,0,0,0,0,0,NO_DATA
10,SUPPORT__RIDGE,10_29,1_9,pa,0,,0,0,0,0,0,0,0,0,0,0,NO_DATA
10,SUPPORT__RIDGE,10_29,1_9,als_mae,0,,0,0,0,0,0,0,0,0,0,0,NO_DATA
10,SUPPORT__RIDGE,10_29,1_9,als_order,0,,0,0,0,0,0,0,0,0,0,0,NO_DATA
10,SUPPORT__RIDGE,10_29,10_49,mse,0,,0,0,0,0,0,0,0,0,0,0,NO_DATA
10,SUPPORT__RIDGE,10_29,10_49,pa,0,,0,0,0,0,0,0,0,0,0,0,NO_DATA
10,SUPPORT__RIDGE,10_29,10_49,als_mae,0,,0,0,0,0,0,0,0,0,0,0,NO_DATA
10,SUPPORT__RIDGE,10_29,10_49,als_order,0,,0,0,0,0,0,0,0,0,0,0,NO_DATA
10,SUPPORT__RIDGE,10_29,50_PLUS,mse,2,0.5316367028463266,2,2,4,4,3,3,3,3,3,3,DESCRIPTIVE_SMALL_N
10,SUPPORT__RIDGE,10_29,50_PLUS,pa,1,1.0,2,1,4,3,3,3,3,3,3,3,DESCRIPTIVE_SMALL_N
10,SUPPORT__RIDGE,10_29,50_PLUS,als_mae,2,0.4642685883675772,2,2,4,4,3,3,3,3,3,3,DESCRIPTIVE_SMALL_N
10,SUPPORT__RIDGE,10_29,50_PLUS,als_order,1,0.3333333333333333,2,1,4,3,3,3,3,3,3,3,DESCRIPTIVE_SMALL_N
10,SUPPORT__RIDGE,30_99,1_9,mse,0,,0,0,0,0,0,0,0,0,0,0,NO_DATA
10,SUPPORT__RIDGE,30_99,1_9,pa,0,,0,0,0,0,0,0,0,0,0,0,NO_DATA
10,SUPPORT__RIDGE,30_99,1_9,als_mae,0,,0,0,0,0,0,0,0,0,0,0,NO_DATA
10,SUPPORT__RIDGE,30_99,1_9,als_order,0,,0,0,0,0,0,0,0,0,0,0,NO_DATA
10,SUPPORT__RIDGE,30_99,10_49,mse,0,,0,0,0,0,0,0,0,0,0,0,NO_DATA
10,SUPPORT__RIDGE,30_99,10_49,pa,0,,0,0,0,0,0,0,0,0,0,0,NO_DATA
10,SUPPORT__RIDGE,30_99,10_49,als_mae,0,,0,0,0,0,0,0,0,0,0,0,NO_DATA
10,SUPPORT__RIDGE,30_99,10_49,als_order,0,,0,0,0,0,0,0,0,0,0,0,NO_DATA
10,SUPPORT__RIDGE,30_99,50_PLUS,mse,18,0.956452276764558,18,18,55,55,45,45,122,122,150,150,DESCRIPTIVE_SMALL_N
10,SUPPORT__RIDGE,30_99,50_PLUS,pa,10,0.6405062205062205,18,10,55,47,45,42,122,122,150,150,DESCRIPTIVE_SMALL_N
10,SUPPORT__RIDGE,30_99,50_PLUS,als_mae,18,0.4890195001943488,18,18,55,55,45,45,122,122,150,150,DESCRIPTIVE_SMALL_N
10,SUPPORT__RIDGE,30_99,50_PLUS,als_order,10,0.5953113553113554,18,10,55,47,45,42,122,122,150,150,DESCRIPTIVE_SMALL_N
10,SUPPORT__RIDGE,100_299,1_9,mse,5,0.8629981971765842,5,5,6,6,6,6,0,0,1,1,DESCRIPTIVE_SMALL_N
10,SUPPORT__RIDGE,100_299,1_9,pa,0,,5,0,6,0,6,0,0,0,1,0,NO_DATA
10,SUPPORT__RIDGE,100_299,1_9,als_mae,5,0.3981929285834663,5,5,6,6,6,6,0,0,1,1,DESCRIPTIVE_SMALL_N
10,SUPPORT__RIDGE,100_299,1_9,als_order,1,0.0,5,1,6,2,6,2,0,0,1,1,DESCRIPTIVE_SMALL_N
10,SUPPORT__RIDGE,100_299,10_49,mse,6,0.6084635479566894,6,6,6,6,6,6,0,0,0,0,DESCRIPTIVE_SMALL_N
10,SUPPORT__RIDGE,100_299,10_49,pa,0,,6,0,6,0,6,0,0,0,0,0,NO_DATA
10,SUPPORT__RIDGE,100_299,10_49,als_mae,6,0.42554109358572817,6,6,6,6,6,6,0,0,0,0,DESCRIPTIVE_SMALL_N
10,SUPPORT__RIDGE,100_299,10_49,als_order,0,,6,0,6,0,6,0,0,0,0,0,NO_DATA
10,SUPPORT__RIDGE,100_299,50_PLUS,mse,24,0.709835714409723,24,24,73,73,64,64,266,266,342,342,DESCRIPTIVE_SMALL_N
10,SUPPORT__RIDGE,100_299,50_PLUS,pa,10,0.5135572139303484,24,10,73,57,64,51,266,266,342,340,DESCRIPTIVE_SMALL_N
10,SUPPORT__RIDGE,100_299,50_PLUS,als_mae,24,0.36301344882310876,24,24,73,73,64,64,266,266,342,342,DESCRIPTIVE_SMALL_N
10,SUPPORT__RIDGE,100_299,50_PLUS,als_order,12,0.5511695906432749,24,12,73,61,64,55,266,266,342,342,DESCRIPTIVE_SMALL_N
10,SUPPORT__RIDGE,300_PLUS,1_9,mse,25,0.8241820787047809,25,25,55,55,49,49,125,125,153,153,DESCRIPTIVE_SMALL_N
10,SUPPORT__RIDGE,300_PLUS,1_9,pa,8,0.5007440476190477,25,8,55,38,49,37,125,125,153,153,DESCRIPTIVE_SMALL_N
10,SUPPORT__RIDGE,300_PLUS,1_9,als_mae,25,0.6013178745002292,25,25,55,55,49,49,125,125,153,153,DESCRIPTIVE_SMALL_N
10,SUPPORT__RIDGE,300_PLUS,1_9,als_order,8,0.6057946682946683,25,8,55,38,49,37,125,125,153,153,DESCRIPTIVE_SMALL_N
10,SUPPORT__RIDGE,300_PLUS,10_49,mse,29,0.9132956922279688,29,29,46,46,37,37,23,23,30,30,DESCRIPTIVE_SMALL_N
10,SUPPORT__RIDGE,300_PLUS,10_49,pa,7,0.6857142857142858,29,7,46,22,37,20,23,23,30,28,DESCRIPTIVE_SMALL_N
10,SUPPORT__RIDGE,300_PLUS,10_49,als_mae,29,0.36334061506320026,29,29,46,46,37,37,23,23,30,30,DESCRIPTIVE_SMALL_N
10,SUPPORT__RIDGE,300_PLUS,10_49,als_order,9,0.7148148148148148,29,9,46,26,37,24,23,23,30,30,DESCRIPTIVE_SMALL_N
10,SUPPORT__RIDGE,300_PLUS,50_PLUS,mse,65,0.8996547236809678,65,65,216,216,159,159,442,442,599,599,DESCRIPTIVE
10,SUPPORT__RIDGE,300_PLUS,50_PLUS,pa,33,0.5700873906540511,65,33,216,174,159,140,442,442,599,585,DESCRIPTIVE
10,SUPPORT__RIDGE,300_PLUS,50_PLUS,als_mae,65,0.4757995076184439,65,65,216,216,159,159,442,442,599,599,DESCRIPTIVE
10,SUPPORT__RIDGE,300_PLUS,50_PLUS,als_order,40,0.6592451298701298,65,40,216,191,159,150,442,442,599,599,DESCRIPTIVE
10,SUPPORT__GBT,0,1_9,mse,0,,0,0,0,0,0,0,0,0,0,0,NO_DATA
10,SUPPORT__GBT,0,1_9,pa,0,,0,0,0,0,0,0,0,0,0,0,NO_DATA
10,SUPPORT__GBT,0,1_9,als_mae,0,,0,0,0,0,0,0,0,0,0,0,NO_DATA
10,SUPPORT__GBT,0,1_9,als_order,0,,0,0,0,0,0,0,0,0,0,0,NO_DATA
10,SUPPORT__GBT,0,10_49,mse,0,,0,0,0,0,0,0,0,0,0,0,NO_DATA
10,SUPPORT__GBT,0,10_49,pa,0,,0,0,0,0,0,0,0,0,0,0,NO_DATA
10,SUPPORT__GBT,0,10_49,als_mae,0,,0,0,0,0,0,0,0,0,0,0,NO_DATA
10,SUPPORT__GBT,0,10_49,als_order,0,,0,0,0,0,0,0,0,0,0,0,NO_DATA
10,SUPPORT__GBT,0,50_PLUS,mse,0,,0,0,0,0,0,0,0,0,0,0,NO_DATA
10,SUPPORT__GBT,0,50_PLUS,pa,0,,0,0,0,0,0,0,0,0,0,0,NO_DATA
10,SUPPORT__GBT,0,50_PLUS,als_mae,0,,0,0,0,0,0,0,0,0,0,0,NO_DATA
10,SUPPORT__GBT,0,50_PLUS,als_order,0,,0,0,0,0,0,0,0,0,0,0,NO_DATA
10,SUPPORT__GBT,1_9,1_9,mse,0,,0,0,0,0,0,0,0,0,0,0,NO_DATA
10,SUPPORT__GBT,1_9,1_9,pa,0,,0,0,0,0,0,0,0,0,0,0,NO_DATA
10,SUPPORT__GBT,1_9,1_9,als_mae,0,,0,0,0,0,0,0,0,0,0,0,NO_DATA
10,SUPPORT__GBT,1_9,1_9,als_order,0,,0,0,0,0,0,0,0,0,0,0,NO_DATA
10,SUPPORT__GBT,1_9,10_49,mse,0,,0,0,0,0,0,0,0,0,0,0,NO_DATA
10,SUPPORT__GBT,1_9,10_49,pa,0,,0,0,0,0,0,0,0,0,0,0,NO_DATA
10,SUPPORT__GBT,1_9,10_49,als_mae,0,,0,0,0,0,0,0,0,0,0,0,NO_DATA
10,SUPPORT__GBT,1_9,10_49,als_order,0,,0,0,0,0,0,0,0,0,0,0,NO_DATA
10,SUPPORT__GBT,1_9,50_PLUS,mse,0,,0,0,0,0,0,0,0,0,0,0,NO_DATA
10,SUPPORT__GBT,1_9,50_PLUS,pa,0,,0,0,0,0,0,0,0,0,0,0,NO_DATA
10,SUPPORT__GBT,1_9,50_PLUS,als_mae,0,,0,0,0,0,0,0,0,0,0,0,NO_DATA
10,SUPPORT__GBT,1_9,50_PLUS,als_order,0,,0,0,0,0,0,0,0,0,0,0,NO_DATA
10,SUPPORT__GBT,10_29,1_9,mse,0,,0,0,0,0,0,0,0,0,0,0,NO_DATA
10,SUPPORT__GBT,10_29,1_9,pa,0,,0,0,0,0,0,0,0,0,0,0,NO_DATA
10,SUPPORT__GBT,10_29,1_9,als_mae,0,,0,0,0,0,0,0,0,0,0,0,NO_DATA
10,SUPPORT__GBT,10_29,1_9,als_order,0,,0,0,0,0,0,0,0,0,0,0,NO_DATA
10,SUPPORT__GBT,10_29,10_49,mse,0,,0,0,0,0,0,0,0,0,0,0,NO_DATA
10,SUPPORT__GBT,10_29,10_49,pa,0,,0,0,0,0,0,0,0,0,0,0,NO_DATA
10,SUPPORT__GBT,10_29,10_49,als_mae,0,,0,0,0,0,0,0,0,0,0,0,NO_DATA
10,SUPPORT__GBT,10_29,10_49,als_order,0,,0,0,0,0,0,0,0,0,0,0,NO_DATA
10,SUPPORT__GBT,10_29,50_PLUS,mse,2,0.625173320554732,2,2,4,4,3,3,3,3,3,3,DESCRIPTIVE_SMALL_N
10,SUPPORT__GBT,10_29,50_PLUS,pa,1,1.0,2,1,4,3,3,3,3,3,3,3,DESCRIPTIVE_SMALL_N
10,SUPPORT__GBT,10_29,50_PLUS,als_mae,2,0.3787501575799058,2,2,4,4,3,3,3,3,3,3,DESCRIPTIVE_SMALL_N
10,SUPPORT__GBT,10_29,50_PLUS,als_order,1,0.3333333333333333,2,1,4,3,3,3,3,3,3,3,DESCRIPTIVE_SMALL_N
10,SUPPORT__GBT,30_99,1_9,mse,0,,0,0,0,0,0,0,0,0,0,0,NO_DATA
10,SUPPORT__GBT,30_99,1_9,pa,0,,0,0,0,0,0,0,0,0,0,0,NO_DATA
10,SUPPORT__GBT,30_99,1_9,als_mae,0,,0,0,0,0,0,0,0,0,0,0,NO_DATA
10,SUPPORT__GBT,30_99,1_9,als_order,0,,0,0,0,0,0,0,0,0,0,0,NO_DATA
10,SUPPORT__GBT,30_99,10_49,mse,0,,0,0,0,0,0,0,0,0,0,0,NO_DATA
10,SUPPORT__GBT,30_99,10_49,pa,0,,0,0,0,0,0,0,0,0,0,0,NO_DATA
10,SUPPORT__GBT,30_99,10_49,als_mae,0,,0,0,0,0,0,0,0,0,0,0,NO_DATA
10,SUPPORT__GBT,30_99,10_49,als_order,0,,0,0,0,0,0,0,0,0,0,0,NO_DATA
10,SUPPORT__GBT,30_99,50_PLUS,mse,18,0.9403265430513914,18,18,55,55,45,45,122,122,150,150,DESCRIPTIVE_SMALL_N
10,SUPPORT__GBT,30_99,50_PLUS,pa,10,0.7175546975546976,18,10,55,47,45,42,122,122,150,150,DESCRIPTIVE_SMALL_N
10,SUPPORT__GBT,30_99,50_PLUS,als_mae,18,0.4456821274756229,18,18,55,55,45,45,122,122,150,150,DESCRIPTIVE_SMALL_N
10,SUPPORT__GBT,30_99,50_PLUS,als_order,10,0.6044871794871796,18,10,55,47,45,42,122,122,150,150,DESCRIPTIVE_SMALL_N
10,SUPPORT__GBT,100_299,1_9,mse,5,1.3034852671071246,5,5,6,6,6,6,0,0,1,1,DESCRIPTIVE_SMALL_N
10,SUPPORT__GBT,100_299,1_9,pa,0,,5,0,6,0,6,0,0,0,1,0,NO_DATA
10,SUPPORT__GBT,100_299,1_9,als_mae,5,0.5274649005801206,5,5,6,6,6,6,0,0,1,1,DESCRIPTIVE_SMALL_N
10,SUPPORT__GBT,100_299,1_9,als_order,1,0.0,5,1,6,2,6,2,0,0,1,1,DESCRIPTIVE_SMALL_N
10,SUPPORT__GBT,100_299,10_49,mse,6,0.6165580881956754,6,6,6,6,6,6,0,0,0,0,DESCRIPTIVE_SMALL_N
10,SUPPORT__GBT,100_299,10_49,pa,0,,6,0,6,0,6,0,0,0,0,0,NO_DATA
10,SUPPORT__GBT,100_299,10_49,als_mae,6,0.49933391068348887,6,6,6,6,6,6,0,0,0,0,DESCRIPTIVE_SMALL_N
10,SUPPORT__GBT,100_299,10_49,als_order,0,,6,0,6,0,6,0,0,0,0,0,NO_DATA
10,SUPPORT__GBT,100_299,50_PLUS,mse,24,0.6538281514614087,24,24,73,73,64,64,266,266,342,342,DESCRIPTIVE_SMALL_N
10,SUPPORT__GBT,100_299,50_PLUS,pa,10,0.45544776119402985,24,10,73,57,64,51,266,266,342,340,DESCRIPTIVE_SMALL_N
10,SUPPORT__GBT,100_299,50_PLUS,als_mae,24,0.3460433861643606,24,24,73,73,64,64,266,266,342,342,DESCRIPTIVE_SMALL_N
10,SUPPORT__GBT,100_299,50_PLUS,als_order,12,0.5827313381492948,24,12,73,61,64,55,266,266,342,342,DESCRIPTIVE_SMALL_N
10,SUPPORT__GBT,300_PLUS,1_9,mse,25,0.779783775575483,25,25,55,55,49,49,125,125,153,153,DESCRIPTIVE_SMALL_N
10,SUPPORT__GBT,300_PLUS,1_9,pa,8,0.7766369047619047,25,8,55,38,49,37,125,125,153,153,DESCRIPTIVE_SMALL_N
10,SUPPORT__GBT,300_PLUS,1_9,als_mae,25,0.5457261182703674,25,25,55,55,49,49,125,125,153,153,DESCRIPTIVE_SMALL_N
10,SUPPORT__GBT,300_PLUS,1_9,als_order,8,0.612077737077737,25,8,55,38,49,37,125,125,153,153,DESCRIPTIVE_SMALL_N
10,SUPPORT__GBT,300_PLUS,10_49,mse,29,0.7632086161645805,29,29,46,46,37,37,23,23,30,30,DESCRIPTIVE_SMALL_N
10,SUPPORT__GBT,300_PLUS,10_49,pa,7,0.5321428571428571,29,7,46,22,37,20,23,23,30,28,DESCRIPTIVE_SMALL_N
10,SUPPORT__GBT,300_PLUS,10_49,als_mae,29,0.27698165150904275,29,29,46,46,37,37,23,23,30,30,DESCRIPTIVE_SMALL_N
10,SUPPORT__GBT,300_PLUS,10_49,als_order,9,0.5814814814814815,29,9,46,26,37,24,23,23,30,30,DESCRIPTIVE_SMALL_N
10,SUPPORT__GBT,300_PLUS,50_PLUS,mse,65,0.8373229420431767,65,65,216,216,159,159,442,442,599,599,DESCRIPTIVE
10,SUPPORT__GBT,300_PLUS,50_PLUS,pa,33,0.6230753103896327,65,33,216,174,159,140,442,442,599,585,DESCRIPTIVE
10,SUPPORT__GBT,300_PLUS,50_PLUS,als_mae,65,0.40003548223169944,65,65,216,216,159,159,442,442,599,599,DESCRIPTIVE
10,SUPPORT__GBT,300_PLUS,50_PLUS,als_order,40,0.6781926406926406,65,40,216,191,159,150,442,442,599,599,DESCRIPTIVE
10,SUPPORT__FM,0,1_9,mse,0,,0,0,0,0,0,0,0,0,0,0,NO_DATA
10,SUPPORT__FM,0,1_9,pa,0,,0,0,0,0,0,0,0,0,0,0,NO_DATA
10,SUPPORT__FM,0,1_9,als_mae,0,,0,0,0,0,0,0,0,0,0,0,NO_DATA
10,SUPPORT__FM,0,1_9,als_order,0,,0,0,0,0,0,0,0,0,0,0,NO_DATA
10,SUPPORT__FM,0,10_49,mse,0,,0,0,0,0,0,0,0,0,0,0,NO_DATA
10,SUPPORT__FM,0,10_49,pa,0,,0,0,0,0,0,0,0,0,0,0,NO_DATA
10,SUPPORT__FM,0,10_49,als_mae,0,,0,0,0,0,0,0,0,0,0,0,NO_DATA
10,SUPPORT__FM,0,10_49,als_order,0,,0,0,0,0,0,0,0,0,0,0,NO_DATA
10,SUPPORT__FM,0,50_PLUS,mse,0,,0,0,0,0,0,0,0,0,0,0,NO_DATA
10,SUPPORT__FM,0,50_PLUS,pa,0,,0,0,0,0,0,0,0,0,0,0,NO_DATA
10,SUPPORT__FM,0,50_PLUS,als_mae,0,,0,0,0,0,0,0,0,0,0,0,NO_DATA
10,SUPPORT__FM,0,50_PLUS,als_order,0,,0,0,0,0,0,0,0,0,0,0,NO_DATA
10,SUPPORT__FM,1_9,1_9,mse,0,,0,0,0,0,0,0,0,0,0,0,NO_DATA
10,SUPPORT__FM,1_9,1_9,pa,0,,0,0,0,0,0,0,0,0,0,0,NO_DATA
10,SUPPORT__FM,1_9,1_9,als_mae,0,,0,0,0,0,0,0,0,0,0,0,NO_DATA
10,SUPPORT__FM,1_9,1_9,als_order,0,,0,0,0,0,0,0,0,0,0,0,NO_DATA
10,SUPPORT__FM,1_9,10_49,mse,0,,0,0,0,0,0,0,0,0,0,0,NO_DATA
10,SUPPORT__FM,1_9,10_49,pa,0,,0,0,0,0,0,0,0,0,0,0,NO_DATA
10,SUPPORT__FM,1_9,10_49,als_mae,0,,0,0,0,0,0,0,0,0,0,0,NO_DATA
10,SUPPORT__FM,1_9,10_49,als_order,0,,0,0,0,0,0,0,0,0,0,0,NO_DATA
10,SUPPORT__FM,1_9,50_PLUS,mse,0,,0,0,0,0,0,0,0,0,0,0,NO_DATA
10,SUPPORT__FM,1_9,50_PLUS,pa,0,,0,0,0,0,0,0,0,0,0,0,NO_DATA
10,SUPPORT__FM,1_9,50_PLUS,als_mae,0,,0,0,0,0,0,0,0,0,0,0,NO_DATA
10,SUPPORT__FM,1_9,50_PLUS,als_order,0,,0,0,0,0,0,0,0,0,0,0,NO_DATA
10,SUPPORT__FM,10_29,1_9,mse,0,,0,0,0,0,0,0,0,0,0,0,NO_DATA
10,SUPPORT__FM,10_29,1_9,pa,0,,0,0,0,0,0,0,0,0,0,0,NO_DATA
10,SUPPORT__FM,10_29,1_9,als_mae,0,,0,0,0,0,0,0,0,0,0,0,NO_DATA
10,SUPPORT__FM,10_29,1_9,als_order,0,,0,0,0,0,0,0,0,0,0,0,NO_DATA
10,SUPPORT__FM,10_29,10_49,mse,0,,0,0,0,0,0,0,0,0,0,0,NO_DATA
10,SUPPORT__FM,10_29,10_49,pa,0,,0,0,0,0,0,0,0,0,0,0,NO_DATA
10,SUPPORT__FM,10_29,10_49,als_mae,0,,0,0,0,0,0,0,0,0,0,0,NO_DATA
10,SUPPORT__FM,10_29,10_49,als_order,0,,0,0,0,0,0,0,0,0,0,0,NO_DATA
10,SUPPORT__FM,10_29,50_PLUS,mse,2,0.6611033864495162,2,2,4,4,3,3,3,3,3,3,DESCRIPTIVE_SMALL_N
10,SUPPORT__FM,10_29,50_PLUS,pa,1,1.0,2,1,4,3,3,3,3,3,3,3,DESCRIPTIVE_SMALL_N
10,SUPPORT__FM,10_29,50_PLUS,als_mae,2,0.34514112371747524,2,2,4,4,3,3,3,3,3,3,DESCRIPTIVE_SMALL_N
10,SUPPORT__FM,10_29,50_PLUS,als_order,1,0.3333333333333333,2,1,4,3,3,3,3,3,3,3,DESCRIPTIVE_SMALL_N
10,SUPPORT__FM,30_99,1_9,mse,0,,0,0,0,0,0,0,0,0,0,0,NO_DATA
10,SUPPORT__FM,30_99,1_9,pa,0,,0,0,0,0,0,0,0,0,0,0,NO_DATA
10,SUPPORT__FM,30_99,1_9,als_mae,0,,0,0,0,0,0,0,0,0,0,0,NO_DATA
10,SUPPORT__FM,30_99,1_9,als_order,0,,0,0,0,0,0,0,0,0,0,0,NO_DATA
10,SUPPORT__FM,30_99,10_49,mse,0,,0,0,0,0,0,0,0,0,0,0,NO_DATA
10,SUPPORT__FM,30_99,10_49,pa,0,,0,0,0,0,0,0,0,0,0,0,NO_DATA
10,SUPPORT__FM,30_99,10_49,als_mae,0,,0,0,0,0,0,0,0,0,0,0,NO_DATA
10,SUPPORT__FM,30_99,10_49,als_order,0,,0,0,0,0,0,0,0,0,0,0,NO_DATA
10,SUPPORT__FM,30_99,50_PLUS,mse,18,0.8285111373922904,18,18,55,55,45,45,122,122,150,150,DESCRIPTIVE_SMALL_N
10,SUPPORT__FM,30_99,50_PLUS,pa,10,0.727957957957958,18,10,55,47,45,42,122,122,150,150,DESCRIPTIVE_SMALL_N
10,SUPPORT__FM,30_99,50_PLUS,als_mae,18,0.43381763576474863,18,18,55,55,45,45,122,122,150,150,DESCRIPTIVE_SMALL_N
10,SUPPORT__FM,30_99,50_PLUS,als_order,10,0.6882417582417583,18,10,55,47,45,42,122,122,150,150,DESCRIPTIVE_SMALL_N
10,SUPPORT__FM,100_299,1_9,mse,5,1.0961739097572805,5,5,6,6,6,6,0,0,1,1,DESCRIPTIVE_SMALL_N
10,SUPPORT__FM,100_299,1_9,pa,0,,5,0,6,0,6,0,0,0,1,0,NO_DATA
10,SUPPORT__FM,100_299,1_9,als_mae,5,0.4910998549653205,5,5,6,6,6,6,0,0,1,1,DESCRIPTIVE_SMALL_N
10,SUPPORT__FM,100_299,1_9,als_order,1,0.0,5,1,6,2,6,2,0,0,1,1,DESCRIPTIVE_SMALL_N
10,SUPPORT__FM,100_299,10_49,mse,6,0.5778233620226586,6,6,6,6,6,6,0,0,0,0,DESCRIPTIVE_SMALL_N
10,SUPPORT__FM,100_299,10_49,pa,0,,6,0,6,0,6,0,0,0,0,0,NO_DATA
10,SUPPORT__FM,100_299,10_49,als_mae,6,0.4295707932157807,6,6,6,6,6,6,0,0,0,0,DESCRIPTIVE_SMALL_N
10,SUPPORT__FM,100_299,10_49,als_order,0,,6,0,6,0,6,0,0,0,0,0,NO_DATA
10,SUPPORT__FM,100_299,50_PLUS,mse,24,0.6534401448916949,24,24,73,73,64,64,266,266,342,342,DESCRIPTIVE_SMALL_N
10,SUPPORT__FM,100_299,50_PLUS,pa,10,0.5593034825870646,24,10,73,57,64,51,266,266,342,340,DESCRIPTIVE_SMALL_N
10,SUPPORT__FM,100_299,50_PLUS,als_mae,24,0.3274435779956439,24,24,73,73,64,64,266,266,342,342,DESCRIPTIVE_SMALL_N
10,SUPPORT__FM,100_299,50_PLUS,als_order,12,0.5565875472996216,24,12,73,61,64,55,266,266,342,342,DESCRIPTIVE_SMALL_N
10,SUPPORT__FM,300_PLUS,1_9,mse,25,0.8997545257032885,25,25,55,55,49,49,125,125,153,153,DESCRIPTIVE_SMALL_N
10,SUPPORT__FM,300_PLUS,1_9,pa,8,0.5136160714285714,25,8,55,38,49,37,125,125,153,153,DESCRIPTIVE_SMALL_N
10,SUPPORT__FM,300_PLUS,1_9,als_mae,25,0.5496081311066419,25,25,55,55,49,49,125,125,153,153,DESCRIPTIVE_SMALL_N
10,SUPPORT__FM,300_PLUS,1_9,als_order,8,0.6167836792836793,25,8,55,38,49,37,125,125,153,153,DESCRIPTIVE_SMALL_N
10,SUPPORT__FM,300_PLUS,10_49,mse,29,0.9136643566542166,29,29,46,46,37,37,23,23,30,30,DESCRIPTIVE_SMALL_N
10,SUPPORT__FM,300_PLUS,10_49,pa,7,0.6857142857142858,29,7,46,22,37,20,23,23,30,28,DESCRIPTIVE_SMALL_N
10,SUPPORT__FM,300_PLUS,10_49,als_mae,29,0.3464148488306462,29,29,46,46,37,37,23,23,30,30,DESCRIPTIVE_SMALL_N
10,SUPPORT__FM,300_PLUS,10_49,als_order,9,0.6111111111111112,29,9,46,26,37,24,23,23,30,30,DESCRIPTIVE_SMALL_N
10,SUPPORT__FM,300_PLUS,50_PLUS,mse,65,0.8201843868607297,65,65,216,216,159,159,442,442,599,599,DESCRIPTIVE
10,SUPPORT__FM,300_PLUS,50_PLUS,pa,33,0.580699644508557,65,33,216,174,159,140,442,442,599,585,DESCRIPTIVE
10,SUPPORT__FM,300_PLUS,50_PLUS,als_mae,65,0.41891775492219147,65,65,216,216,159,159,442,442,599,599,DESCRIPTIVE
10,SUPPORT__FM,300_PLUS,50_PLUS,als_order,40,0.6292144660894661,65,40,216,191,159,150,442,442,599,599,DESCRIPTIVE
10,CROWD_ITEM__RIDGE,0,1_9,mse,0,,0,0,0,0,0,0,0,0,0,0,NO_DATA
10,CROWD_ITEM__RIDGE,0,1_9,pa,0,,0,0,0,0,0,0,0,0,0,0,NO_DATA
10,CROWD_ITEM__RIDGE,0,1_9,als_mae,0,,0,0,0,0,0,0,0,0,0,0,NO_DATA
10,CROWD_ITEM__RIDGE,0,1_9,als_order,0,,0,0,0,0,0,0,0,0,0,0,NO_DATA
10,CROWD_ITEM__RIDGE,0,10_49,mse,0,,0,0,0,0,0,0,0,0,0,0,NO_DATA
10,CROWD_ITEM__RIDGE,0,10_49,pa,0,,0,0,0,0,0,0,0,0,0,0,NO_DATA
10,CROWD_ITEM__RIDGE,0,10_49,als_mae,0,,0,0,0,0,0,0,0,0,0,0,NO_DATA
10,CROWD_ITEM__RIDGE,0,10_49,als_order,0,,0,0,0,0,0,0,0,0,0,0,NO_DATA
10,CROWD_ITEM__RIDGE,0,50_PLUS,mse,0,,0,0,0,0,0,0,0,0,0,0,NO_DATA
10,CROWD_ITEM__RIDGE,0,50_PLUS,pa,0,,0,0,0,0,0,0,0,0,0,0,NO_DATA
10,CROWD_ITEM__RIDGE,0,50_PLUS,als_mae,0,,0,0,0,0,0,0,0,0,0,0,NO_DATA
10,CROWD_ITEM__RIDGE,0,50_PLUS,als_order,0,,0,0,0,0,0,0,0,0,0,0,NO_DATA
10,CROWD_ITEM__RIDGE,1_9,1_9,mse,0,,0,0,0,0,0,0,0,0,0,0,NO_DATA
10,CROWD_ITEM__RIDGE,1_9,1_9,pa,0,,0,0,0,0,0,0,0,0,0,0,NO_DATA
10,CROWD_ITEM__RIDGE,1_9,1_9,als_mae,0,,0,0,0,0,0,0,0,0,0,0,NO_DATA
10,CROWD_ITEM__RIDGE,1_9,1_9,als_order,0,,0,0,0,0,0,0,0,0,0,0,NO_DATA
10,CROWD_ITEM__RIDGE,1_9,10_49,mse,0,,0,0,0,0,0,0,0,0,0,0,NO_DATA
10,CROWD_ITEM__RIDGE,1_9,10_49,pa,0,,0,0,0,0,0,0,0,0,0,0,NO_DATA
10,CROWD_ITEM__RIDGE,1_9,10_49,als_mae,0,,0,0,0,0,0,0,0,0,0,0,NO_DATA
10,CROWD_ITEM__RIDGE,1_9,10_49,als_order,0,,0,0,0,0,0,0,0,0,0,0,NO_DATA
10,CROWD_ITEM__RIDGE,1_9,50_PLUS,mse,0,,0,0,0,0,0,0,0,0,0,0,NO_DATA
10,CROWD_ITEM__RIDGE,1_9,50_PLUS,pa,0,,0,0,0,0,0,0,0,0,0,0,NO_DATA
10,CROWD_ITEM__RIDGE,1_9,50_PLUS,als_mae,0,,0,0,0,0,0,0,0,0,0,0,NO_DATA
10,CROWD_ITEM__RIDGE,1_9,50_PLUS,als_order,0,,0,0,0,0,0,0,0,0,0,0,NO_DATA
10,CROWD_ITEM__RIDGE,10_29,1_9,mse,0,,0,0,0,0,0,0,0,0,0,0,NO_DATA
10,CROWD_ITEM__RIDGE,10_29,1_9,pa,0,,0,0,0,0,0,0,0,0,0,0,NO_DATA
10,CROWD_ITEM__RIDGE,10_29,1_9,als_mae,0,,0,0,0,0,0,0,0,0,0,0,NO_DATA
10,CROWD_ITEM__RIDGE,10_29,1_9,als_order,0,,0,0,0,0,0,0,0,0,0,0,NO_DATA
10,CROWD_ITEM__RIDGE,10_29,10_49,mse,0,,0,0,0,0,0,0,0,0,0,0,NO_DATA
10,CROWD_ITEM__RIDGE,10_29,10_49,pa,0,,0,0,0,0,0,0,0,0,0,0,NO_DATA
10,CROWD_ITEM__RIDGE,10_29,10_49,als_mae,0,,0,0,0,0,0,0,0,0,0,0,NO_DATA
10,CROWD_ITEM__RIDGE,10_29,10_49,als_order,0,,0,0,0,0,0,0,0,0,0,0,NO_DATA
10,CROWD_ITEM__RIDGE,10_29,50_PLUS,mse,2,0.38035640468360576,2,2,4,4,3,3,3,3,3,3,DESCRIPTIVE_SMALL_N
10,CROWD_ITEM__RIDGE,10_29,50_PLUS,pa,1,1.0,2,1,4,3,3,3,3,3,3,3,DESCRIPTIVE_SMALL_N
10,CROWD_ITEM__RIDGE,10_29,50_PLUS,als_mae,2,0.5686788963255811,2,2,4,4,3,3,3,3,3,3,DESCRIPTIVE_SMALL_N
10,CROWD_ITEM__RIDGE,10_29,50_PLUS,als_order,1,0.3333333333333333,2,1,4,3,3,3,3,3,3,3,DESCRIPTIVE_SMALL_N
10,CROWD_ITEM__RIDGE,30_99,1_9,mse,0,,0,0,0,0,0,0,0,0,0,0,NO_DATA
10,CROWD_ITEM__RIDGE,30_99,1_9,pa,0,,0,0,0,0,0,0,0,0,0,0,NO_DATA
10,CROWD_ITEM__RIDGE,30_99,1_9,als_mae,0,,0,0,0,0,0,0,0,0,0,0,NO_DATA
10,CROWD_ITEM__RIDGE,30_99,1_9,als_order,0,,0,0,0,0,0,0,0,0,0,0,NO_DATA
10,CROWD_ITEM__RIDGE,30_99,10_49,mse,0,,0,0,0,0,0,0,0,0,0,0,NO_DATA
10,CROWD_ITEM__RIDGE,30_99,10_49,pa,0,,0,0,0,0,0,0,0,0,0,0,NO_DATA
10,CROWD_ITEM__RIDGE,30_99,10_49,als_mae,0,,0,0,0,0,0,0,0,0,0,0,NO_DATA
10,CROWD_ITEM__RIDGE,30_99,10_49,als_order,0,,0,0,0,0,0,0,0,0,0,0,NO_DATA
10,CROWD_ITEM__RIDGE,30_99,50_PLUS,mse,18,0.9378890222227311,18,18,55,55,45,45,122,122,150,150,DESCRIPTIVE_SMALL_N
10,CROWD_ITEM__RIDGE,30_99,50_PLUS,pa,10,0.5976490776490777,18,10,55,47,45,42,122,122,150,150,DESCRIPTIVE_SMALL_N
10,CROWD_ITEM__RIDGE,30_99,50_PLUS,als_mae,18,0.40364363760902205,18,18,55,55,45,45,122,122,150,150,DESCRIPTIVE_SMALL_N
10,CROWD_ITEM__RIDGE,30_99,50_PLUS,als_order,10,0.8813736263736262,18,10,55,47,45,42,122,122,150,150,DESCRIPTIVE_SMALL_N
10,CROWD_ITEM__RIDGE,100_299,1_9,mse,5,1.0452561119607107,5,5,6,6,6,6,0,0,1,1,DESCRIPTIVE_SMALL_N
10,CROWD_ITEM__RIDGE,100_299,1_9,pa,0,,5,0,6,0,6,0,0,0,1,0,NO_DATA
10,CROWD_ITEM__RIDGE,100_299,1_9,als_mae,5,0.38332804265903353,5,5,6,6,6,6,0,0,1,1,DESCRIPTIVE_SMALL_N
10,CROWD_ITEM__RIDGE,100_299,1_9,als_order,1,1.0,5,1,6,2,6,2,0,0,1,1,DESCRIPTIVE_SMALL_N
10,CROWD_ITEM__RIDGE,100_299,10_49,mse,6,0.7220184537744089,6,6,6,6,6,6,0,0,0,0,DESCRIPTIVE_SMALL_N
10,CROWD_ITEM__RIDGE,100_299,10_49,pa,0,,6,0,6,0,6,0,0,0,0,0,NO_DATA
10,CROWD_ITEM__RIDGE,100_299,10_49,als_mae,6,0.42418004338970966,6,6,6,6,6,6,0,0,0,0,DESCRIPTIVE_SMALL_N
10,CROWD_ITEM__RIDGE,100_299,10_49,als_order,0,,6,0,6,0,6,0,0,0,0,0,NO_DATA
10,CROWD_ITEM__RIDGE,100_299,50_PLUS,mse,24,0.6218424877351096,24,24,73,73,64,64,266,266,342,342,DESCRIPTIVE_SMALL_N
10,CROWD_ITEM__RIDGE,100_299,50_PLUS,pa,10,0.415223880597015,24,10,73,57,64,51,266,266,342,340,DESCRIPTIVE_SMALL_N
10,CROWD_ITEM__RIDGE,100_299,50_PLUS,als_mae,24,0.33211688245707466,24,24,73,73,64,64,266,266,342,342,DESCRIPTIVE_SMALL_N
10,CROWD_ITEM__RIDGE,100_299,50_PLUS,als_order,12,0.6431315216144938,24,12,73,61,64,55,266,266,342,342,DESCRIPTIVE_SMALL_N
10,CROWD_ITEM__RIDGE,300_PLUS,1_9,mse,25,0.7361368806953175,25,25,55,55,49,49,125,125,153,153,DESCRIPTIVE_SMALL_N
10,CROWD_ITEM__RIDGE,300_PLUS,1_9,pa,8,0.6270833333333333,25,8,55,38,49,37,125,125,153,153,DESCRIPTIVE_SMALL_N
10,CROWD_ITEM__RIDGE,300_PLUS,1_9,als_mae,25,0.5239307445609336,25,25,55,55,49,49,125,125,153,153,DESCRIPTIVE_SMALL_N
10,CROWD_ITEM__RIDGE,300_PLUS,1_9,als_order,8,0.5217236467236467,25,8,55,38,49,37,125,125,153,153,DESCRIPTIVE_SMALL_N
10,CROWD_ITEM__RIDGE,300_PLUS,10_49,mse,29,0.929863505031461,29,29,46,46,37,37,23,23,30,30,DESCRIPTIVE_SMALL_N
10,CROWD_ITEM__RIDGE,300_PLUS,10_49,pa,7,0.6857142857142858,29,7,46,22,37,20,23,23,30,28,DESCRIPTIVE_SMALL_N
10,CROWD_ITEM__RIDGE,300_PLUS,10_49,als_mae,29,0.36432111601124795,29,29,46,46,37,37,23,23,30,30,DESCRIPTIVE_SMALL_N
10,CROWD_ITEM__RIDGE,300_PLUS,10_49,als_order,9,0.5666666666666667,29,9,46,26,37,24,23,23,30,30,DESCRIPTIVE_SMALL_N
10,CROWD_ITEM__RIDGE,300_PLUS,50_PLUS,mse,65,0.8645050284456326,65,65,216,216,159,159,442,442,599,599,DESCRIPTIVE
10,CROWD_ITEM__RIDGE,300_PLUS,50_PLUS,pa,33,0.5990549489632563,65,33,216,174,159,140,442,442,599,585,DESCRIPTIVE
10,CROWD_ITEM__RIDGE,300_PLUS,50_PLUS,als_mae,65,0.4503774271126895,65,65,216,216,159,159,442,442,599,599,DESCRIPTIVE
10,CROWD_ITEM__RIDGE,300_PLUS,50_PLUS,als_order,40,0.6455862193362194,65,40,216,191,159,150,442,442,599,599,DESCRIPTIVE
10,CROWD_ITEM__GBT,0,1_9,mse,0,,0,0,0,0,0,0,0,0,0,0,NO_DATA
10,CROWD_ITEM__GBT,0,1_9,pa,0,,0,0,0,0,0,0,0,0,0,0,NO_DATA
10,CROWD_ITEM__GBT,0,1_9,als_mae,0,,0,0,0,0,0,0,0,0,0,0,NO_DATA
10,CROWD_ITEM__GBT,0,1_9,als_order,0,,0,0,0,0,0,0,0,0,0,0,NO_DATA
10,CROWD_ITEM__GBT,0,10_49,mse,0,,0,0,0,0,0,0,0,0,0,0,NO_DATA
10,CROWD_ITEM__GBT,0,10_49,pa,0,,0,0,0,0,0,0,0,0,0,0,NO_DATA
10,CROWD_ITEM__GBT,0,10_49,als_mae,0,,0,0,0,0,0,0,0,0,0,0,NO_DATA
10,CROWD_ITEM__GBT,0,10_49,als_order,0,,0,0,0,0,0,0,0,0,0,0,NO_DATA
10,CROWD_ITEM__GBT,0,50_PLUS,mse,0,,0,0,0,0,0,0,0,0,0,0,NO_DATA
10,CROWD_ITEM__GBT,0,50_PLUS,pa,0,,0,0,0,0,0,0,0,0,0,0,NO_DATA
10,CROWD_ITEM__GBT,0,50_PLUS,als_mae,0,,0,0,0,0,0,0,0,0,0,0,NO_DATA
10,CROWD_ITEM__GBT,0,50_PLUS,als_order,0,,0,0,0,0,0,0,0,0,0,0,NO_DATA
10,CROWD_ITEM__GBT,1_9,1_9,mse,0,,0,0,0,0,0,0,0,0,0,0,NO_DATA
10,CROWD_ITEM__GBT,1_9,1_9,pa,0,,0,0,0,0,0,0,0,0,0,0,NO_DATA
10,CROWD_ITEM__GBT,1_9,1_9,als_mae,0,,0,0,0,0,0,0,0,0,0,0,NO_DATA
10,CROWD_ITEM__GBT,1_9,1_9,als_order,0,,0,0,0,0,0,0,0,0,0,0,NO_DATA
10,CROWD_ITEM__GBT,1_9,10_49,mse,0,,0,0,0,0,0,0,0,0,0,0,NO_DATA
10,CROWD_ITEM__GBT,1_9,10_49,pa,0,,0,0,0,0,0,0,0,0,0,0,NO_DATA
10,CROWD_ITEM__GBT,1_9,10_49,als_mae,0,,0,0,0,0,0,0,0,0,0,0,NO_DATA
10,CROWD_ITEM__GBT,1_9,10_49,als_order,0,,0,0,0,0,0,0,0,0,0,0,NO_DATA
10,CROWD_ITEM__GBT,1_9,50_PLUS,mse,0,,0,0,0,0,0,0,0,0,0,0,NO_DATA
10,CROWD_ITEM__GBT,1_9,50_PLUS,pa,0,,0,0,0,0,0,0,0,0,0,0,NO_DATA
10,CROWD_ITEM__GBT,1_9,50_PLUS,als_mae,0,,0,0,0,0,0,0,0,0,0,0,NO_DATA
10,CROWD_ITEM__GBT,1_9,50_PLUS,als_order,0,,0,0,0,0,0,0,0,0,0,0,NO_DATA
10,CROWD_ITEM__GBT,10_29,1_9,mse,0,,0,0,0,0,0,0,0,0,0,0,NO_DATA
10,CROWD_ITEM__GBT,10_29,1_9,pa,0,,0,0,0,0,0,0,0,0,0,0,NO_DATA
10,CROWD_ITEM__GBT,10_29,1_9,als_mae,0,,0,0,0,0,0,0,0,0,0,0,NO_DATA
10,CROWD_ITEM__GBT,10_29,1_9,als_order,0,,0,0,0,0,0,0,0,0,0,0,NO_DATA
10,CROWD_ITEM__GBT,10_29,10_49,mse,0,,0,0,0,0,0,0,0,0,0,0,NO_DATA
10,CROWD_ITEM__GBT,10_29,10_49,pa,0,,0,0,0,0,0,0,0,0,0,0,NO_DATA
10,CROWD_ITEM__GBT,10_29,10_49,als_mae,0,,0,0,0,0,0,0,0,0,0,0,NO_DATA
10,CROWD_ITEM__GBT,10_29,10_49,als_order,0,,0,0,0,0,0,0,0,0,0,0,NO_DATA
10,CROWD_ITEM__GBT,10_29,50_PLUS,mse,2,0.7656497045187279,2,2,4,4,3,3,3,3,3,3,DESCRIPTIVE_SMALL_N
10,CROWD_ITEM__GBT,10_29,50_PLUS,pa,1,0.6666666666666666,2,1,4,3,3,3,3,3,3,3,DESCRIPTIVE_SMALL_N
10,CROWD_ITEM__GBT,10_29,50_PLUS,als_mae,2,0.4220137067717953,2,2,4,4,3,3,3,3,3,3,DESCRIPTIVE_SMALL_N
10,CROWD_ITEM__GBT,10_29,50_PLUS,als_order,1,0.0,2,1,4,3,3,3,3,3,3,3,DESCRIPTIVE_SMALL_N
10,CROWD_ITEM__GBT,30_99,1_9,mse,0,,0,0,0,0,0,0,0,0,0,0,NO_DATA
10,CROWD_ITEM__GBT,30_99,1_9,pa,0,,0,0,0,0,0,0,0,0,0,0,NO_DATA
10,CROWD_ITEM__GBT,30_99,1_9,als_mae,0,,0,0,0,0,0,0,0,0,0,0,NO_DATA
10,CROWD_ITEM__GBT,30_99,1_9,als_order,0,,0,0,0,0,0,0,0,0,0,0,NO_DATA
10,CROWD_ITEM__GBT,30_99,10_49,mse,0,,0,0,0,0,0,0,0,0,0,0,NO_DATA
10,CROWD_ITEM__GBT,30_99,10_49,pa,0,,0,0,0,0,0,0,0,0,0,0,NO_DATA
10,CROWD_ITEM__GBT,30_99,10_49,als_mae,0,,0,0,0,0,0,0,0,0,0,0,NO_DATA
10,CROWD_ITEM__GBT,30_99,10_49,als_order,0,,0,0,0,0,0,0,0,0,0,0,NO_DATA
10,CROWD_ITEM__GBT,30_99,50_PLUS,mse,18,0.9957319496462826,18,18,55,55,45,45,122,122,150,150,DESCRIPTIVE_SMALL_N
10,CROWD_ITEM__GBT,30_99,50_PLUS,pa,10,0.6785242385242386,18,10,55,47,45,42,122,122,150,150,DESCRIPTIVE_SMALL_N
10,CROWD_ITEM__GBT,30_99,50_PLUS,als_mae,18,0.3748195044968765,18,18,55,55,45,45,122,122,150,150,DESCRIPTIVE_SMALL_N
10,CROWD_ITEM__GBT,30_99,50_PLUS,als_order,10,0.7681868131868131,18,10,55,47,45,42,122,122,150,150,DESCRIPTIVE_SMALL_N
10,CROWD_ITEM__GBT,100_299,1_9,mse,5,1.118253621003182,5,5,6,6,6,6,0,0,1,1,DESCRIPTIVE_SMALL_N
10,CROWD_ITEM__GBT,100_299,1_9,pa,0,,5,0,6,0,6,0,0,0,1,0,NO_DATA
10,CROWD_ITEM__GBT,100_299,1_9,als_mae,5,0.4033999461621205,5,5,6,6,6,6,0,0,1,1,DESCRIPTIVE_SMALL_N
10,CROWD_ITEM__GBT,100_299,1_9,als_order,1,1.0,5,1,6,2,6,2,0,0,1,1,DESCRIPTIVE_SMALL_N
10,CROWD_ITEM__GBT,100_299,10_49,mse,6,0.8250609125377876,6,6,6,6,6,6,0,0,0,0,DESCRIPTIVE_SMALL_N
10,CROWD_ITEM__GBT,100_299,10_49,pa,0,,6,0,6,0,6,0,0,0,0,0,NO_DATA
10,CROWD_ITEM__GBT,100_299,10_49,als_mae,6,0.463623457201284,6,6,6,6,6,6,0,0,0,0,DESCRIPTIVE_SMALL_N
10,CROWD_ITEM__GBT,100_299,10_49,als_order,0,,6,0,6,0,6,0,0,0,0,0,NO_DATA
10,CROWD_ITEM__GBT,100_299,50_PLUS,mse,24,0.5112419333723154,24,24,73,73,64,64,266,266,342,342,DESCRIPTIVE_SMALL_N
10,CROWD_ITEM__GBT,100_299,50_PLUS,pa,10,0.5202736318407961,24,10,73,57,64,51,266,266,342,340,DESCRIPTIVE_SMALL_N
10,CROWD_ITEM__GBT,100_299,50_PLUS,als_mae,24,0.3266591362632271,24,24,73,73,64,64,266,266,342,342,DESCRIPTIVE_SMALL_N
10,CROWD_ITEM__GBT,100_299,50_PLUS,als_order,12,0.7577686045178305,24,12,73,61,64,55,266,266,342,342,DESCRIPTIVE_SMALL_N
10,CROWD_ITEM__GBT,300_PLUS,1_9,mse,25,0.6792977083113838,25,25,55,55,49,49,125,125,153,153,DESCRIPTIVE_SMALL_N
10,CROWD_ITEM__GBT,300_PLUS,1_9,pa,8,0.5238839285714285,25,8,55,38,49,37,125,125,153,153,DESCRIPTIVE_SMALL_N
10,CROWD_ITEM__GBT,300_PLUS,1_9,als_mae,25,0.4361196247316502,25,25,55,55,49,49,125,125,153,153,DESCRIPTIVE_SMALL_N
10,CROWD_ITEM__GBT,300_PLUS,1_9,als_order,8,0.41885429385429385,25,8,55,38,49,37,125,125,153,153,DESCRIPTIVE_SMALL_N
10,CROWD_ITEM__GBT,300_PLUS,10_49,mse,29,0.8215065582240411,29,29,46,46,37,37,23,23,30,30,DESCRIPTIVE_SMALL_N
10,CROWD_ITEM__GBT,300_PLUS,10_49,pa,7,0.525,29,7,46,22,37,20,23,23,30,28,DESCRIPTIVE_SMALL_N
10,CROWD_ITEM__GBT,300_PLUS,10_49,als_mae,29,0.297541820382173,29,29,46,46,37,37,23,23,30,30,DESCRIPTIVE_SMALL_N
10,CROWD_ITEM__GBT,300_PLUS,10_49,als_order,9,0.4037037037037037,29,9,46,26,37,24,23,23,30,30,DESCRIPTIVE_SMALL_N
10,CROWD_ITEM__GBT,300_PLUS,50_PLUS,mse,65,0.8233849017420376,65,65,216,216,159,159,442,442,599,599,DESCRIPTIVE
10,CROWD_ITEM__GBT,300_PLUS,50_PLUS,pa,33,0.6839800453636875,65,33,216,174,159,140,442,442,599,585,DESCRIPTIVE
10,CROWD_ITEM__GBT,300_PLUS,50_PLUS,als_mae,65,0.38586953992738127,65,65,216,216,159,159,442,442,599,599,DESCRIPTIVE
10,CROWD_ITEM__GBT,300_PLUS,50_PLUS,als_order,40,0.6705275974025974,65,40,216,191,159,150,442,442,599,599,DESCRIPTIVE
10,CROWD_ITEM__FM,0,1_9,mse,0,,0,0,0,0,0,0,0,0,0,0,NO_DATA
10,CROWD_ITEM__FM,0,1_9,pa,0,,0,0,0,0,0,0,0,0,0,0,NO_DATA
10,CROWD_ITEM__FM,0,1_9,als_mae,0,,0,0,0,0,0,0,0,0,0,0,NO_DATA
10,CROWD_ITEM__FM,0,1_9,als_order,0,,0,0,0,0,0,0,0,0,0,0,NO_DATA
10,CROWD_ITEM__FM,0,10_49,mse,0,,0,0,0,0,0,0,0,0,0,0,NO_DATA
10,CROWD_ITEM__FM,0,10_49,pa,0,,0,0,0,0,0,0,0,0,0,0,NO_DATA
10,CROWD_ITEM__FM,0,10_49,als_mae,0,,0,0,0,0,0,0,0,0,0,0,NO_DATA
10,CROWD_ITEM__FM,0,10_49,als_order,0,,0,0,0,0,0,0,0,0,0,0,NO_DATA
10,CROWD_ITEM__FM,0,50_PLUS,mse,0,,0,0,0,0,0,0,0,0,0,0,NO_DATA
10,CROWD_ITEM__FM,0,50_PLUS,pa,0,,0,0,0,0,0,0,0,0,0,0,NO_DATA
10,CROWD_ITEM__FM,0,50_PLUS,als_mae,0,,0,0,0,0,0,0,0,0,0,0,NO_DATA
10,CROWD_ITEM__FM,0,50_PLUS,als_order,0,,0,0,0,0,0,0,0,0,0,0,NO_DATA
10,CROWD_ITEM__FM,1_9,1_9,mse,0,,0,0,0,0,0,0,0,0,0,0,NO_DATA
10,CROWD_ITEM__FM,1_9,1_9,pa,0,,0,0,0,0,0,0,0,0,0,0,NO_DATA
10,CROWD_ITEM__FM,1_9,1_9,als_mae,0,,0,0,0,0,0,0,0,0,0,0,NO_DATA
10,CROWD_ITEM__FM,1_9,1_9,als_order,0,,0,0,0,0,0,0,0,0,0,0,NO_DATA
10,CROWD_ITEM__FM,1_9,10_49,mse,0,,0,0,0,0,0,0,0,0,0,0,NO_DATA
10,CROWD_ITEM__FM,1_9,10_49,pa,0,,0,0,0,0,0,0,0,0,0,0,NO_DATA
10,CROWD_ITEM__FM,1_9,10_49,als_mae,0,,0,0,0,0,0,0,0,0,0,0,NO_DATA
10,CROWD_ITEM__FM,1_9,10_49,als_order,0,,0,0,0,0,0,0,0,0,0,0,NO_DATA
10,CROWD_ITEM__FM,1_9,50_PLUS,mse,0,,0,0,0,0,0,0,0,0,0,0,NO_DATA
10,CROWD_ITEM__FM,1_9,50_PLUS,pa,0,,0,0,0,0,0,0,0,0,0,0,NO_DATA
10,CROWD_ITEM__FM,1_9,50_PLUS,als_mae,0,,0,0,0,0,0,0,0,0,0,0,NO_DATA
10,CROWD_ITEM__FM,1_9,50_PLUS,als_order,0,,0,0,0,0,0,0,0,0,0,0,NO_DATA
10,CROWD_ITEM__FM,10_29,1_9,mse,0,,0,0,0,0,0,0,0,0,0,0,NO_DATA
10,CROWD_ITEM__FM,10_29,1_9,pa,0,,0,0,0,0,0,0,0,0,0,0,NO_DATA
10,CROWD_ITEM__FM,10_29,1_9,als_mae,0,,0,0,0,0,0,0,0,0,0,0,NO_DATA
10,CROWD_ITEM__FM,10_29,1_9,als_order,0,,0,0,0,0,0,0,0,0,0,0,NO_DATA
10,CROWD_ITEM__FM,10_29,10_49,mse,0,,0,0,0,0,0,0,0,0,0,0,NO_DATA
10,CROWD_ITEM__FM,10_29,10_49,pa,0,,0,0,0,0,0,0,0,0,0,0,NO_DATA
10,CROWD_ITEM__FM,10_29,10_49,als_mae,0,,0,0,0,0,0,0,0,0,0,0,NO_DATA
10,CROWD_ITEM__FM,10_29,10_49,als_order,0,,0,0,0,0,0,0,0,0,0,0,NO_DATA
10,CROWD_ITEM__FM,10_29,50_PLUS,mse,2,0.4787072736012124,2,2,4,4,3,3,3,3,3,3,DESCRIPTIVE_SMALL_N
10,CROWD_ITEM__FM,10_29,50_PLUS,pa,1,1.0,2,1,4,3,3,3,3,3,3,3,DESCRIPTIVE_SMALL_N
10,CROWD_ITEM__FM,10_29,50_PLUS,als_mae,2,0.49576062431686096,2,2,4,4,3,3,3,3,3,3,DESCRIPTIVE_SMALL_N
10,CROWD_ITEM__FM,10_29,50_PLUS,als_order,1,0.3333333333333333,2,1,4,3,3,3,3,3,3,3,DESCRIPTIVE_SMALL_N
10,CROWD_ITEM__FM,30_99,1_9,mse,0,,0,0,0,0,0,0,0,0,0,0,NO_DATA
10,CROWD_ITEM__FM,30_99,1_9,pa,0,,0,0,0,0,0,0,0,0,0,0,NO_DATA
10,CROWD_ITEM__FM,30_99,1_9,als_mae,0,,0,0,0,0,0,0,0,0,0,0,NO_DATA
10,CROWD_ITEM__FM,30_99,1_9,als_order,0,,0,0,0,0,0,0,0,0,0,0,NO_DATA
10,CROWD_ITEM__FM,30_99,10_49,mse,0,,0,0,0,0,0,0,0,0,0,0,NO_DATA
10,CROWD_ITEM__FM,30_99,10_49,pa,0,,0,0,0,0,0,0,0,0,0,0,NO_DATA
10,CROWD_ITEM__FM,30_99,10_49,als_mae,0,,0,0,0,0,0,0,0,0,0,0,NO_DATA
10,CROWD_ITEM__FM,30_99,10_49,als_order,0,,0,0,0,0,0,0,0,0,0,0,NO_DATA
10,CROWD_ITEM__FM,30_99,50_PLUS,mse,18,0.82671186426114,18,18,55,55,45,45,122,122,150,150,DESCRIPTIVE_SMALL_N
10,CROWD_ITEM__FM,30_99,50_PLUS,pa,10,0.7224882024882026,18,10,55,47,45,42,122,122,150,150,DESCRIPTIVE_SMALL_N
10,CROWD_ITEM__FM,30_99,50_PLUS,als_mae,18,0.3907903613661835,18,18,55,55,45,45,122,122,150,150,DESCRIPTIVE_SMALL_N
10,CROWD_ITEM__FM,30_99,50_PLUS,als_order,10,0.7161721611721612,18,10,55,47,45,42,122,122,150,150,DESCRIPTIVE_SMALL_N
10,CROWD_ITEM__FM,100_299,1_9,mse,5,1.2388460327395205,5,5,6,6,6,6,0,0,1,1,DESCRIPTIVE_SMALL_N
10,CROWD_ITEM__FM,100_299,1_9,pa,0,,5,0,6,0,6,0,0,0,1,0,NO_DATA
10,CROWD_ITEM__FM,100_299,1_9,als_mae,5,0.4615869447854837,5,5,6,6,6,6,0,0,1,1,DESCRIPTIVE_SMALL_N
10,CROWD_ITEM__FM,100_299,1_9,als_order,1,1.0,5,1,6,2,6,2,0,0,1,1,DESCRIPTIVE_SMALL_N
10,CROWD_ITEM__FM,100_299,10_49,mse,6,0.6356565688038855,6,6,6,6,6,6,0,0,0,0,DESCRIPTIVE_SMALL_N
10,CROWD_ITEM__FM,100_299,10_49,pa,0,,6,0,6,0,6,0,0,0,0,0,NO_DATA
10,CROWD_ITEM__FM,100_299,10_49,als_mae,6,0.4239510944060709,6,6,6,6,6,6,0,0,0,0,DESCRIPTIVE_SMALL_N
10,CROWD_ITEM__FM,100_299,10_49,als_order,0,,6,0,6,0,6,0,0,0,0,0,NO_DATA
10,CROWD_ITEM__FM,100_299,50_PLUS,mse,24,0.5848225391783843,24,24,73,73,64,64,266,266,342,342,DESCRIPTIVE_SMALL_N
10,CROWD_ITEM__FM,100_299,50_PLUS,pa,10,0.5624626865671642,24,10,73,57,64,51,266,266,342,340,DESCRIPTIVE_SMALL_N
10,CROWD_ITEM__FM,100_299,50_PLUS,als_mae,24,0.3153460615496788,24,24,73,73,64,64,266,266,342,342,DESCRIPTIVE_SMALL_N
10,CROWD_ITEM__FM,100_299,50_PLUS,als_order,12,0.702213048962275,24,12,73,61,64,55,266,266,342,342,DESCRIPTIVE_SMALL_N
10,CROWD_ITEM__FM,300_PLUS,1_9,mse,25,0.8474349936416907,25,25,55,55,49,49,125,125,153,153,DESCRIPTIVE_SMALL_N
10,CROWD_ITEM__FM,300_PLUS,1_9,pa,8,0.6483630952380952,25,8,55,38,49,37,125,125,153,153,DESCRIPTIVE_SMALL_N
10,CROWD_ITEM__FM,300_PLUS,1_9,als_mae,25,0.5086466453595501,25,25,55,55,49,49,125,125,153,153,DESCRIPTIVE_SMALL_N
10,CROWD_ITEM__FM,300_PLUS,1_9,als_order,8,0.7468457468457468,25,8,55,38,49,37,125,125,153,153,DESCRIPTIVE_SMALL_N
10,CROWD_ITEM__FM,300_PLUS,10_49,mse,29,0.9388381274374195,29,29,46,46,37,37,23,23,30,30,DESCRIPTIVE_SMALL_N
10,CROWD_ITEM__FM,300_PLUS,10_49,pa,7,0.6857142857142858,29,7,46,22,37,20,23,23,30,28,DESCRIPTIVE_SMALL_N
10,CROWD_ITEM__FM,300_PLUS,10_49,als_mae,29,0.3530917926764286,29,29,46,46,37,37,23,23,30,30,DESCRIPTIVE_SMALL_N
10,CROWD_ITEM__FM,300_PLUS,10_49,als_order,9,0.5740740740740741,29,9,46,26,37,24,23,23,30,30,DESCRIPTIVE_SMALL_N
10,CROWD_ITEM__FM,300_PLUS,50_PLUS,mse,65,0.7865349913762735,65,65,216,216,159,159,442,442,599,599,DESCRIPTIVE
10,CROWD_ITEM__FM,300_PLUS,50_PLUS,pa,33,0.535050389836746,65,33,216,174,159,140,442,442,599,585,DESCRIPTIVE
10,CROWD_ITEM__FM,300_PLUS,50_PLUS,als_mae,65,0.400182380677997,65,65,216,216,159,159,442,442,599,599,DESCRIPTIVE
10,CROWD_ITEM__FM,300_PLUS,50_PLUS,als_order,40,0.5960272366522366,65,40,216,191,159,150,442,442,599,599,DESCRIPTIVE
10,CROWD_RESPONSE__RIDGE,0,1_9,mse,0,,0,0,0,0,0,0,0,0,0,0,NO_DATA
10,CROWD_RESPONSE__RIDGE,0,1_9,pa,0,,0,0,0,0,0,0,0,0,0,0,NO_DATA
10,CROWD_RESPONSE__RIDGE,0,1_9,als_mae,0,,0,0,0,0,0,0,0,0,0,0,NO_DATA
10,CROWD_RESPONSE__RIDGE,0,1_9,als_order,0,,0,0,0,0,0,0,0,0,0,0,NO_DATA
10,CROWD_RESPONSE__RIDGE,0,10_49,mse,0,,0,0,0,0,0,0,0,0,0,0,NO_DATA
10,CROWD_RESPONSE__RIDGE,0,10_49,pa,0,,0,0,0,0,0,0,0,0,0,0,NO_DATA
10,CROWD_RESPONSE__RIDGE,0,10_49,als_mae,0,,0,0,0,0,0,0,0,0,0,0,NO_DATA
10,CROWD_RESPONSE__RIDGE,0,10_49,als_order,0,,0,0,0,0,0,0,0,0,0,0,NO_DATA
10,CROWD_RESPONSE__RIDGE,0,50_PLUS,mse,0,,0,0,0,0,0,0,0,0,0,0,NO_DATA
10,CROWD_RESPONSE__RIDGE,0,50_PLUS,pa,0,,0,0,0,0,0,0,0,0,0,0,NO_DATA
10,CROWD_RESPONSE__RIDGE,0,50_PLUS,als_mae,0,,0,0,0,0,0,0,0,0,0,0,NO_DATA
10,CROWD_RESPONSE__RIDGE,0,50_PLUS,als_order,0,,0,0,0,0,0,0,0,0,0,0,NO_DATA
10,CROWD_RESPONSE__RIDGE,1_9,1_9,mse,0,,0,0,0,0,0,0,0,0,0,0,NO_DATA
10,CROWD_RESPONSE__RIDGE,1_9,1_9,pa,0,,0,0,0,0,0,0,0,0,0,0,NO_DATA
10,CROWD_RESPONSE__RIDGE,1_9,1_9,als_mae,0,,0,0,0,0,0,0,0,0,0,0,NO_DATA
10,CROWD_RESPONSE__RIDGE,1_9,1_9,als_order,0,,0,0,0,0,0,0,0,0,0,0,NO_DATA
10,CROWD_RESPONSE__RIDGE,1_9,10_49,mse,0,,0,0,0,0,0,0,0,0,0,0,NO_DATA
10,CROWD_RESPONSE__RIDGE,1_9,10_49,pa,0,,0,0,0,0,0,0,0,0,0,0,NO_DATA
10,CROWD_RESPONSE__RIDGE,1_9,10_49,als_mae,0,,0,0,0,0,0,0,0,0,0,0,NO_DATA
10,CROWD_RESPONSE__RIDGE,1_9,10_49,als_order,0,,0,0,0,0,0,0,0,0,0,0,NO_DATA
10,CROWD_RESPONSE__RIDGE,1_9,50_PLUS,mse,0,,0,0,0,0,0,0,0,0,0,0,NO_DATA
10,CROWD_RESPONSE__RIDGE,1_9,50_PLUS,pa,0,,0,0,0,0,0,0,0,0,0,0,NO_DATA
10,CROWD_RESPONSE__RIDGE,1_9,50_PLUS,als_mae,0,,0,0,0,0,0,0,0,0,0,0,NO_DATA
10,CROWD_RESPONSE__RIDGE,1_9,50_PLUS,als_order,0,,0,0,0,0,0,0,0,0,0,0,NO_DATA
10,CROWD_RESPONSE__RIDGE,10_29,1_9,mse,0,,0,0,0,0,0,0,0,0,0,0,NO_DATA
10,CROWD_RESPONSE__RIDGE,10_29,1_9,pa,0,,0,0,0,0,0,0,0,0,0,0,NO_DATA
10,CROWD_RESPONSE__RIDGE,10_29,1_9,als_mae,0,,0,0,0,0,0,0,0,0,0,0,NO_DATA
10,CROWD_RESPONSE__RIDGE,10_29,1_9,als_order,0,,0,0,0,0,0,0,0,0,0,0,NO_DATA
10,CROWD_RESPONSE__RIDGE,10_29,10_49,mse,0,,0,0,0,0,0,0,0,0,0,0,NO_DATA
10,CROWD_RESPONSE__RIDGE,10_29,10_49,pa,0,,0,0,0,0,0,0,0,0,0,0,NO_DATA
10,CROWD_RESPONSE__RIDGE,10_29,10_49,als_mae,0,,0,0,0,0,0,0,0,0,0,0,NO_DATA
10,CROWD_RESPONSE__RIDGE,10_29,10_49,als_order,0,,0,0,0,0,0,0,0,0,0,0,NO_DATA
10,CROWD_RESPONSE__RIDGE,10_29,50_PLUS,mse,2,0.43675033302740734,2,2,4,4,3,3,3,3,3,3,DESCRIPTIVE_SMALL_N
10,CROWD_RESPONSE__RIDGE,10_29,50_PLUS,pa,1,0.3333333333333333,2,1,4,3,3,3,3,3,3,3,DESCRIPTIVE_SMALL_N
10,CROWD_RESPONSE__RIDGE,10_29,50_PLUS,als_mae,2,0.6003528630675286,2,2,4,4,3,3,3,3,3,3,DESCRIPTIVE_SMALL_N
10,CROWD_RESPONSE__RIDGE,10_29,50_PLUS,als_order,1,1.0,2,1,4,3,3,3,3,3,3,3,DESCRIPTIVE_SMALL_N
10,CROWD_RESPONSE__RIDGE,30_99,1_9,mse,0,,0,0,0,0,0,0,0,0,0,0,NO_DATA
10,CROWD_RESPONSE__RIDGE,30_99,1_9,pa,0,,0,0,0,0,0,0,0,0,0,0,NO_DATA
10,CROWD_RESPONSE__RIDGE,30_99,1_9,als_mae,0,,0,0,0,0,0,0,0,0,0,0,NO_DATA
10,CROWD_RESPONSE__RIDGE,30_99,1_9,als_order,0,,0,0,0,0,0,0,0,0,0,0,NO_DATA
10,CROWD_RESPONSE__RIDGE,30_99,10_49,mse,0,,0,0,0,0,0,0,0,0,0,0,NO_DATA
10,CROWD_RESPONSE__RIDGE,30_99,10_49,pa,0,,0,0,0,0,0,0,0,0,0,0,NO_DATA
10,CROWD_RESPONSE__RIDGE,30_99,10_49,als_mae,0,,0,0,0,0,0,0,0,0,0,0,NO_DATA
10,CROWD_RESPONSE__RIDGE,30_99,10_49,als_order,0,,0,0,0,0,0,0,0,0,0,0,NO_DATA
10,CROWD_RESPONSE__RIDGE,30_99,50_PLUS,mse,18,0.9491610361178543,18,18,55,55,45,45,122,122,150,150,DESCRIPTIVE_SMALL_N
10,CROWD_RESPONSE__RIDGE,30_99,50_PLUS,pa,10,0.582012012012012,18,10,55,47,45,42,122,122,150,150,DESCRIPTIVE_SMALL_N
10,CROWD_RESPONSE__RIDGE,30_99,50_PLUS,als_mae,18,0.42189019907716135,18,18,55,55,45,45,122,122,150,150,DESCRIPTIVE_SMALL_N
10,CROWD_RESPONSE__RIDGE,30_99,50_PLUS,als_order,10,0.875054945054945,18,10,55,47,45,42,122,122,150,150,DESCRIPTIVE_SMALL_N
10,CROWD_RESPONSE__RIDGE,100_299,1_9,mse,5,1.0193320757910016,5,5,6,6,6,6,0,0,1,1,DESCRIPTIVE_SMALL_N
10,CROWD_RESPONSE__RIDGE,100_299,1_9,pa,0,,5,0,6,0,6,0,0,0,1,0,NO_DATA
10,CROWD_RESPONSE__RIDGE,100_299,1_9,als_mae,5,0.4041852157100398,5,5,6,6,6,6,0,0,1,1,DESCRIPTIVE_SMALL_N
10,CROWD_RESPONSE__RIDGE,100_299,1_9,als_order,1,1.0,5,1,6,2,6,2,0,0,1,1,DESCRIPTIVE_SMALL_N
10,CROWD_RESPONSE__RIDGE,100_299,10_49,mse,6,0.8254926081996766,6,6,6,6,6,6,0,0,0,0,DESCRIPTIVE_SMALL_N
10,CROWD_RESPONSE__RIDGE,100_299,10_49,pa,0,,6,0,6,0,6,0,0,0,0,0,NO_DATA
10,CROWD_RESPONSE__RIDGE,100_299,10_49,als_mae,6,0.4506465575612886,6,6,6,6,6,6,0,0,0,0,DESCRIPTIVE_SMALL_N
10,CROWD_RESPONSE__RIDGE,100_299,10_49,als_order,0,,6,0,6,0,6,0,0,0,0,0,NO_DATA
10,CROWD_RESPONSE__RIDGE,100_299,50_PLUS,mse,24,0.630077046326492,24,24,73,73,64,64,266,266,342,342,DESCRIPTIVE_SMALL_N
10,CROWD_RESPONSE__RIDGE,100_299,50_PLUS,pa,10,0.41803482587064683,24,10,73,57,64,51,266,266,342,340,DESCRIPTIVE_SMALL_N
10,CROWD_RESPONSE__RIDGE,100_299,50_PLUS,als_mae,24,0.3463875129348633,24,24,73,73,64,64,266,266,342,342,DESCRIPTIVE_SMALL_N
10,CROWD_RESPONSE__RIDGE,100_299,50_PLUS,als_order,12,0.5896686159844055,24,12,73,61,64,55,266,266,342,342,DESCRIPTIVE_SMALL_N
10,CROWD_RESPONSE__RIDGE,300_PLUS,1_9,mse,25,0.779060168750777,25,25,55,55,49,49,125,125,153,153,DESCRIPTIVE_SMALL_N
10,CROWD_RESPONSE__RIDGE,300_PLUS,1_9,pa,8,0.509375,25,8,55,38,49,37,125,125,153,153,DESCRIPTIVE_SMALL_N
10,CROWD_RESPONSE__RIDGE,300_PLUS,1_9,als_mae,25,0.5648304555348317,25,25,55,55,49,49,125,125,153,153,DESCRIPTIVE_SMALL_N
10,CROWD_RESPONSE__RIDGE,300_PLUS,1_9,als_order,8,0.46385327635327633,25,8,55,38,49,37,125,125,153,153,DESCRIPTIVE_SMALL_N
10,CROWD_RESPONSE__RIDGE,300_PLUS,10_49,mse,29,1.0131488024664954,29,29,46,46,37,37,23,23,30,30,DESCRIPTIVE_SMALL_N
10,CROWD_RESPONSE__RIDGE,300_PLUS,10_49,pa,7,0.7142857142857143,29,7,46,22,37,20,23,23,30,28,DESCRIPTIVE_SMALL_N
10,CROWD_RESPONSE__RIDGE,300_PLUS,10_49,als_mae,29,0.42238608140831124,29,29,46,46,37,37,23,23,30,30,DESCRIPTIVE_SMALL_N
10,CROWD_RESPONSE__RIDGE,300_PLUS,10_49,als_order,9,0.5592592592592591,29,9,46,26,37,24,23,23,30,30,DESCRIPTIVE_SMALL_N
10,CROWD_RESPONSE__RIDGE,300_PLUS,50_PLUS,mse,65,0.9201657327943805,65,65,216,216,159,159,442,442,599,599,DESCRIPTIVE
10,CROWD_RESPONSE__RIDGE,300_PLUS,50_PLUS,pa,33,0.6118372794147596,65,33,216,174,159,140,442,442,599,585,DESCRIPTIVE
10,CROWD_RESPONSE__RIDGE,300_PLUS,50_PLUS,als_mae,65,0.49225192230645737,65,65,216,216,159,159,442,442,599,599,DESCRIPTIVE
10,CROWD_RESPONSE__RIDGE,300_PLUS,50_PLUS,als_order,40,0.6150901875901875,65,40,216,191,159,150,442,442,599,599,DESCRIPTIVE
10,CROWD_RESPONSE__GBT,0,1_9,mse,0,,0,0,0,0,0,0,0,0,0,0,NO_DATA
10,CROWD_RESPONSE__GBT,0,1_9,pa,0,,0,0,0,0,0,0,0,0,0,0,NO_DATA
10,CROWD_RESPONSE__GBT,0,1_9,als_mae,0,,0,0,0,0,0,0,0,0,0,0,NO_DATA
10,CROWD_RESPONSE__GBT,0,1_9,als_order,0,,0,0,0,0,0,0,0,0,0,0,NO_DATA
10,CROWD_RESPONSE__GBT,0,10_49,mse,0,,0,0,0,0,0,0,0,0,0,0,NO_DATA
10,CROWD_RESPONSE__GBT,0,10_49,pa,0,,0,0,0,0,0,0,0,0,0,0,NO_DATA
10,CROWD_RESPONSE__GBT,0,10_49,als_mae,0,,0,0,0,0,0,0,0,0,0,0,NO_DATA
10,CROWD_RESPONSE__GBT,0,10_49,als_order,0,,0,0,0,0,0,0,0,0,0,0,NO_DATA
10,CROWD_RESPONSE__GBT,0,50_PLUS,mse,0,,0,0,0,0,0,0,0,0,0,0,NO_DATA
10,CROWD_RESPONSE__GBT,0,50_PLUS,pa,0,,0,0,0,0,0,0,0,0,0,0,NO_DATA
10,CROWD_RESPONSE__GBT,0,50_PLUS,als_mae,0,,0,0,0,0,0,0,0,0,0,0,NO_DATA
10,CROWD_RESPONSE__GBT,0,50_PLUS,als_order,0,,0,0,0,0,0,0,0,0,0,0,NO_DATA
10,CROWD_RESPONSE__GBT,1_9,1_9,mse,0,,0,0,0,0,0,0,0,0,0,0,NO_DATA
10,CROWD_RESPONSE__GBT,1_9,1_9,pa,0,,0,0,0,0,0,0,0,0,0,0,NO_DATA
10,CROWD_RESPONSE__GBT,1_9,1_9,als_mae,0,,0,0,0,0,0,0,0,0,0,0,NO_DATA
10,CROWD_RESPONSE__GBT,1_9,1_9,als_order,0,,0,0,0,0,0,0,0,0,0,0,NO_DATA
10,CROWD_RESPONSE__GBT,1_9,10_49,mse,0,,0,0,0,0,0,0,0,0,0,0,NO_DATA
10,CROWD_RESPONSE__GBT,1_9,10_49,pa,0,,0,0,0,0,0,0,0,0,0,0,NO_DATA
10,CROWD_RESPONSE__GBT,1_9,10_49,als_mae,0,,0,0,0,0,0,0,0,0,0,0,NO_DATA
10,CROWD_RESPONSE__GBT,1_9,10_49,als_order,0,,0,0,0,0,0,0,0,0,0,0,NO_DATA
10,CROWD_RESPONSE__GBT,1_9,50_PLUS,mse,0,,0,0,0,0,0,0,0,0,0,0,NO_DATA
10,CROWD_RESPONSE__GBT,1_9,50_PLUS,pa,0,,0,0,0,0,0,0,0,0,0,0,NO_DATA
10,CROWD_RESPONSE__GBT,1_9,50_PLUS,als_mae,0,,0,0,0,0,0,0,0,0,0,0,NO_DATA
10,CROWD_RESPONSE__GBT,1_9,50_PLUS,als_order,0,,0,0,0,0,0,0,0,0,0,0,NO_DATA
10,CROWD_RESPONSE__GBT,10_29,1_9,mse,0,,0,0,0,0,0,0,0,0,0,0,NO_DATA
10,CROWD_RESPONSE__GBT,10_29,1_9,pa,0,,0,0,0,0,0,0,0,0,0,0,NO_DATA
10,CROWD_RESPONSE__GBT,10_29,1_9,als_mae,0,,0,0,0,0,0,0,0,0,0,0,NO_DATA
10,CROWD_RESPONSE__GBT,10_29,1_9,als_order,0,,0,0,0,0,0,0,0,0,0,0,NO_DATA
10,CROWD_RESPONSE__GBT,10_29,10_49,mse,0,,0,0,0,0,0,0,0,0,0,0,NO_DATA
10,CROWD_RESPONSE__GBT,10_29,10_49,pa,0,,0,0,0,0,0,0,0,0,0,0,NO_DATA
10,CROWD_RESPONSE__GBT,10_29,10_49,als_mae,0,,0,0,0,0,0,0,0,0,0,0,NO_DATA
10,CROWD_RESPONSE__GBT,10_29,10_49,als_order,0,,0,0,0,0,0,0,0,0,0,0,NO_DATA
10,CROWD_RESPONSE__GBT,10_29,50_PLUS,mse,2,0.5550716530732358,2,2,4,4,3,3,3,3,3,3,DESCRIPTIVE_SMALL_N
10,CROWD_RESPONSE__GBT,10_29,50_PLUS,pa,1,0.3333333333333333,2,1,4,3,3,3,3,3,3,3,DESCRIPTIVE_SMALL_N
10,CROWD_RESPONSE__GBT,10_29,50_PLUS,als_mae,2,0.4507043344103943,2,2,4,4,3,3,3,3,3,3,DESCRIPTIVE_SMALL_N
10,CROWD_RESPONSE__GBT,10_29,50_PLUS,als_order,1,1.0,2,1,4,3,3,3,3,3,3,3,DESCRIPTIVE_SMALL_N
10,CROWD_RESPONSE__GBT,30_99,1_9,mse,0,,0,0,0,0,0,0,0,0,0,0,NO_DATA
10,CROWD_RESPONSE__GBT,30_99,1_9,pa,0,,0,0,0,0,0,0,0,0,0,0,NO_DATA
10,CROWD_RESPONSE__GBT,30_99,1_9,als_mae,0,,0,0,0,0,0,0,0,0,0,0,NO_DATA
10,CROWD_RESPONSE__GBT,30_99,1_9,als_order,0,,0,0,0,0,0,0,0,0,0,0,NO_DATA
10,CROWD_RESPONSE__GBT,30_99,10_49,mse,0,,0,0,0,0,0,0,0,0,0,0,NO_DATA
10,CROWD_RESPONSE__GBT,30_99,10_49,pa,0,,0,0,0,0,0,0,0,0,0,0,NO_DATA
10,CROWD_RESPONSE__GBT,30_99,10_49,als_mae,0,,0,0,0,0,0,0,0,0,0,0,NO_DATA
10,CROWD_RESPONSE__GBT,30_99,10_49,als_order,0,,0,0,0,0,0,0,0,0,0,0,NO_DATA
10,CROWD_RESPONSE__GBT,30_99,50_PLUS,mse,18,0.9130384979604423,18,18,55,55,45,45,122,122,150,150,DESCRIPTIVE_SMALL_N
10,CROWD_RESPONSE__GBT,30_99,50_PLUS,pa,10,0.7247061347061348,18,10,55,47,45,42,122,122,150,150,DESCRIPTIVE_SMALL_N
10,CROWD_RESPONSE__GBT,30_99,50_PLUS,als_mae,18,0.3435917312860796,18,18,55,55,45,45,122,122,150,150,DESCRIPTIVE_SMALL_N
10,CROWD_RESPONSE__GBT,30_99,50_PLUS,als_order,10,0.7417216117216117,18,10,55,47,45,42,122,122,150,150,DESCRIPTIVE_SMALL_N
10,CROWD_RESPONSE__GBT,100_299,1_9,mse,5,1.0602917617601544,5,5,6,6,6,6,0,0,1,1,DESCRIPTIVE_SMALL_N
10,CROWD_RESPONSE__GBT,100_299,1_9,pa,0,,5,0,6,0,6,0,0,0,1,0,NO_DATA
10,CROWD_RESPONSE__GBT,100_299,1_9,als_mae,5,0.313366683350367,5,5,6,6,6,6,0,0,1,1,DESCRIPTIVE_SMALL_N
10,CROWD_RESPONSE__GBT,100_299,1_9,als_order,1,1.0,5,1,6,2,6,2,0,0,1,1,DESCRIPTIVE_SMALL_N
10,CROWD_RESPONSE__GBT,100_299,10_49,mse,6,0.7028138746314068,6,6,6,6,6,6,0,0,0,0,DESCRIPTIVE_SMALL_N
10,CROWD_RESPONSE__GBT,100_299,10_49,pa,0,,6,0,6,0,6,0,0,0,0,0,NO_DATA
10,CROWD_RESPONSE__GBT,100_299,10_49,als_mae,6,0.3540562419025959,6,6,6,6,6,6,0,0,0,0,DESCRIPTIVE_SMALL_N
10,CROWD_RESPONSE__GBT,100_299,10_49,als_order,0,,6,0,6,0,6,0,0,0,0,0,NO_DATA
10,CROWD_RESPONSE__GBT,100_299,50_PLUS,mse,24,0.5440129370219949,24,24,73,73,64,64,266,266,342,342,DESCRIPTIVE_SMALL_N
10,CROWD_RESPONSE__GBT,100_299,50_PLUS,pa,10,0.6747014925373135,24,10,73,57,64,51,266,266,342,340,DESCRIPTIVE_SMALL_N
10,CROWD_RESPONSE__GBT,100_299,50_PLUS,als_mae,24,0.2906419528840789,24,24,73,73,64,64,266,266,342,342,DESCRIPTIVE_SMALL_N
10,CROWD_RESPONSE__GBT,100_299,50_PLUS,als_order,12,0.6174177273248481,24,12,73,61,64,55,266,266,342,342,DESCRIPTIVE_SMALL_N
10,CROWD_RESPONSE__GBT,300_PLUS,1_9,mse,25,0.6623968591201167,25,25,55,55,49,49,125,125,153,153,DESCRIPTIVE_SMALL_N
10,CROWD_RESPONSE__GBT,300_PLUS,1_9,pa,8,0.6523065476190476,25,8,55,38,49,37,125,125,153,153,DESCRIPTIVE_SMALL_N
10,CROWD_RESPONSE__GBT,300_PLUS,1_9,als_mae,25,0.4607022212327927,25,25,55,55,49,49,125,125,153,153,DESCRIPTIVE_SMALL_N
10,CROWD_RESPONSE__GBT,300_PLUS,1_9,als_order,8,0.5687321937321937,25,8,55,38,49,37,125,125,153,153,DESCRIPTIVE_SMALL_N
10,CROWD_RESPONSE__GBT,300_PLUS,10_49,mse,29,0.9212756379456164,29,29,46,46,37,37,23,23,30,30,DESCRIPTIVE_SMALL_N
10,CROWD_RESPONSE__GBT,300_PLUS,10_49,pa,7,0.525,29,7,46,22,37,20,23,23,30,28,DESCRIPTIVE_SMALL_N
10,CROWD_RESPONSE__GBT,300_PLUS,10_49,als_mae,29,0.35149444881679853,29,29,46,46,37,37,23,23,30,30,DESCRIPTIVE_SMALL_N
10,CROWD_RESPONSE__GBT,300_PLUS,10_49,als_order,9,0.4259259259259259,29,9,46,26,37,24,23,23,30,30,DESCRIPTIVE_SMALL_N
10,CROWD_RESPONSE__GBT,300_PLUS,50_PLUS,mse,65,0.7912198332605515,65,65,216,216,159,159,442,442,599,599,DESCRIPTIVE
10,CROWD_RESPONSE__GBT,300_PLUS,50_PLUS,pa,33,0.6883598358566266,65,33,216,174,159,140,442,442,599,585,DESCRIPTIVE
10,CROWD_RESPONSE__GBT,300_PLUS,50_PLUS,als_mae,65,0.3793543344957948,65,65,216,216,159,159,442,442,599,599,DESCRIPTIVE
10,CROWD_RESPONSE__GBT,300_PLUS,50_PLUS,als_order,40,0.6877263708513708,65,40,216,191,159,150,442,442,599,599,DESCRIPTIVE
10,CROWD_RESPONSE__FM,0,1_9,mse,0,,0,0,0,0,0,0,0,0,0,0,NO_DATA
10,CROWD_RESPONSE__FM,0,1_9,pa,0,,0,0,0,0,0,0,0,0,0,0,NO_DATA
10,CROWD_RESPONSE__FM,0,1_9,als_mae,0,,0,0,0,0,0,0,0,0,0,0,NO_DATA
10,CROWD_RESPONSE__FM,0,1_9,als_order,0,,0,0,0,0,0,0,0,0,0,0,NO_DATA
10,CROWD_RESPONSE__FM,0,10_49,mse,0,,0,0,0,0,0,0,0,0,0,0,NO_DATA
10,CROWD_RESPONSE__FM,0,10_49,pa,0,,0,0,0,0,0,0,0,0,0,0,NO_DATA
10,CROWD_RESPONSE__FM,0,10_49,als_mae,0,,0,0,0,0,0,0,0,0,0,0,NO_DATA
10,CROWD_RESPONSE__FM,0,10_49,als_order,0,,0,0,0,0,0,0,0,0,0,0,NO_DATA
10,CROWD_RESPONSE__FM,0,50_PLUS,mse,0,,0,0,0,0,0,0,0,0,0,0,NO_DATA
10,CROWD_RESPONSE__FM,0,50_PLUS,pa,0,,0,0,0,0,0,0,0,0,0,0,NO_DATA
10,CROWD_RESPONSE__FM,0,50_PLUS,als_mae,0,,0,0,0,0,0,0,0,0,0,0,NO_DATA
10,CROWD_RESPONSE__FM,0,50_PLUS,als_order,0,,0,0,0,0,0,0,0,0,0,0,NO_DATA
10,CROWD_RESPONSE__FM,1_9,1_9,mse,0,,0,0,0,0,0,0,0,0,0,0,NO_DATA
10,CROWD_RESPONSE__FM,1_9,1_9,pa,0,,0,0,0,0,0,0,0,0,0,0,NO_DATA
10,CROWD_RESPONSE__FM,1_9,1_9,als_mae,0,,0,0,0,0,0,0,0,0,0,0,NO_DATA
10,CROWD_RESPONSE__FM,1_9,1_9,als_order,0,,0,0,0,0,0,0,0,0,0,0,NO_DATA
10,CROWD_RESPONSE__FM,1_9,10_49,mse,0,,0,0,0,0,0,0,0,0,0,0,NO_DATA
10,CROWD_RESPONSE__FM,1_9,10_49,pa,0,,0,0,0,0,0,0,0,0,0,0,NO_DATA
10,CROWD_RESPONSE__FM,1_9,10_49,als_mae,0,,0,0,0,0,0,0,0,0,0,0,NO_DATA
10,CROWD_RESPONSE__FM,1_9,10_49,als_order,0,,0,0,0,0,0,0,0,0,0,0,NO_DATA
10,CROWD_RESPONSE__FM,1_9,50_PLUS,mse,0,,0,0,0,0,0,0,0,0,0,0,NO_DATA
10,CROWD_RESPONSE__FM,1_9,50_PLUS,pa,0,,0,0,0,0,0,0,0,0,0,0,NO_DATA
10,CROWD_RESPONSE__FM,1_9,50_PLUS,als_mae,0,,0,0,0,0,0,0,0,0,0,0,NO_DATA
10,CROWD_RESPONSE__FM,1_9,50_PLUS,als_order,0,,0,0,0,0,0,0,0,0,0,0,NO_DATA
10,CROWD_RESPONSE__FM,10_29,1_9,mse,0,,0,0,0,0,0,0,0,0,0,0,NO_DATA
10,CROWD_RESPONSE__FM,10_29,1_9,pa,0,,0,0,0,0,0,0,0,0,0,0,NO_DATA
10,CROWD_RESPONSE__FM,10_29,1_9,als_mae,0,,0,0,0,0,0,0,0,0,0,0,NO_DATA
10,CROWD_RESPONSE__FM,10_29,1_9,als_order,0,,0,0,0,0,0,0,0,0,0,0,NO_DATA
10,CROWD_RESPONSE__FM,10_29,10_49,mse,0,,0,0,0,0,0,0,0,0,0,0,NO_DATA
10,CROWD_RESPONSE__FM,10_29,10_49,pa,0,,0,0,0,0,0,0,0,0,0,0,NO_DATA
10,CROWD_RESPONSE__FM,10_29,10_49,als_mae,0,,0,0,0,0,0,0,0,0,0,0,NO_DATA
10,CROWD_RESPONSE__FM,10_29,10_49,als_order,0,,0,0,0,0,0,0,0,0,0,0,NO_DATA
10,CROWD_RESPONSE__FM,10_29,50_PLUS,mse,2,0.47798421659327095,2,2,4,4,3,3,3,3,3,3,DESCRIPTIVE_SMALL_N
10,CROWD_RESPONSE__FM,10_29,50_PLUS,pa,1,1.0,2,1,4,3,3,3,3,3,3,3,DESCRIPTIVE_SMALL_N
10,CROWD_RESPONSE__FM,10_29,50_PLUS,als_mae,2,0.5258227575143722,2,2,4,4,3,3,3,3,3,3,DESCRIPTIVE_SMALL_N
10,CROWD_RESPONSE__FM,10_29,50_PLUS,als_order,1,0.3333333333333333,2,1,4,3,3,3,3,3,3,3,DESCRIPTIVE_SMALL_N
10,CROWD_RESPONSE__FM,30_99,1_9,mse,0,,0,0,0,0,0,0,0,0,0,0,NO_DATA
10,CROWD_RESPONSE__FM,30_99,1_9,pa,0,,0,0,0,0,0,0,0,0,0,0,NO_DATA
10,CROWD_RESPONSE__FM,30_99,1_9,als_mae,0,,0,0,0,0,0,0,0,0,0,0,NO_DATA
10,CROWD_RESPONSE__FM,30_99,1_9,als_order,0,,0,0,0,0,0,0,0,0,0,0,NO_DATA
10,CROWD_RESPONSE__FM,30_99,10_49,mse,0,,0,0,0,0,0,0,0,0,0,0,NO_DATA
10,CROWD_RESPONSE__FM,30_99,10_49,pa,0,,0,0,0,0,0,0,0,0,0,0,NO_DATA
10,CROWD_RESPONSE__FM,30_99,10_49,als_mae,0,,0,0,0,0,0,0,0,0,0,0,NO_DATA
10,CROWD_RESPONSE__FM,30_99,10_49,als_order,0,,0,0,0,0,0,0,0,0,0,0,NO_DATA
10,CROWD_RESPONSE__FM,30_99,50_PLUS,mse,18,0.8259048398319955,18,18,55,55,45,45,122,122,150,150,DESCRIPTIVE_SMALL_N
10,CROWD_RESPONSE__FM,30_99,50_PLUS,pa,10,0.7292320892320893,18,10,55,47,45,42,122,122,150,150,DESCRIPTIVE_SMALL_N
10,CROWD_RESPONSE__FM,30_99,50_PLUS,als_mae,18,0.33403090776356126,18,18,55,55,45,45,122,122,150,150,DESCRIPTIVE_SMALL_N
10,CROWD_RESPONSE__FM,30_99,50_PLUS,als_order,10,0.7709340659340659,18,10,55,47,45,42,122,122,150,150,DESCRIPTIVE_SMALL_N
10,CROWD_RESPONSE__FM,100_299,1_9,mse,5,1.092616045477234,5,5,6,6,6,6,0,0,1,1,DESCRIPTIVE_SMALL_N
10,CROWD_RESPONSE__FM,100_299,1_9,pa,0,,5,0,6,0,6,0,0,0,1,0,NO_DATA
10,CROWD_RESPONSE__FM,100_299,1_9,als_mae,5,0.3983474189841531,5,5,6,6,6,6,0,0,1,1,DESCRIPTIVE_SMALL_N
10,CROWD_RESPONSE__FM,100_299,1_9,als_order,1,1.0,5,1,6,2,6,2,0,0,1,1,DESCRIPTIVE_SMALL_N
10,CROWD_RESPONSE__FM,100_299,10_49,mse,6,0.667360880765825,6,6,6,6,6,6,0,0,0,0,DESCRIPTIVE_SMALL_N
10,CROWD_RESPONSE__FM,100_299,10_49,pa,0,,6,0,6,0,6,0,0,0,0,0,NO_DATA
10,CROWD_RESPONSE__FM,100_299,10_49,als_mae,6,0.35188937482802235,6,6,6,6,6,6,0,0,0,0,DESCRIPTIVE_SMALL_N
10,CROWD_RESPONSE__FM,100_299,10_49,als_order,0,,6,0,6,0,6,0,0,0,0,0,NO_DATA
10,CROWD_RESPONSE__FM,100_299,50_PLUS,mse,24,0.5592718287294004,24,24,73,73,64,64,266,266,342,342,DESCRIPTIVE_SMALL_N
10,CROWD_RESPONSE__FM,100_299,50_PLUS,pa,10,0.6248383084577115,24,10,73,57,64,51,266,266,342,340,DESCRIPTIVE_SMALL_N
10,CROWD_RESPONSE__FM,100_299,50_PLUS,als_mae,24,0.2820163143811188,24,24,73,73,64,64,266,266,342,342,DESCRIPTIVE_SMALL_N
10,CROWD_RESPONSE__FM,100_299,50_PLUS,als_order,12,0.816047471620227,24,12,73,61,64,55,266,266,342,342,DESCRIPTIVE_SMALL_N
10,CROWD_RESPONSE__FM,300_PLUS,1_9,mse,25,0.696849500673489,25,25,55,55,49,49,125,125,153,153,DESCRIPTIVE_SMALL_N
10,CROWD_RESPONSE__FM,300_PLUS,1_9,pa,8,0.6473958333333334,25,8,55,38,49,37,125,125,153,153,DESCRIPTIVE_SMALL_N
10,CROWD_RESPONSE__FM,300_PLUS,1_9,als_mae,25,0.4327468433948644,25,25,55,55,49,49,125,125,153,153,DESCRIPTIVE_SMALL_N
10,CROWD_RESPONSE__FM,300_PLUS,1_9,als_order,8,0.55499592999593,25,8,55,38,49,37,125,125,153,153,DESCRIPTIVE_SMALL_N
10,CROWD_RESPONSE__FM,300_PLUS,10_49,mse,29,0.8796647509656667,29,29,46,46,37,37,23,23,30,30,DESCRIPTIVE_SMALL_N
10,CROWD_RESPONSE__FM,300_PLUS,10_49,pa,7,0.7035714285714286,29,7,46,22,37,20,23,23,30,28,DESCRIPTIVE_SMALL_N
10,CROWD_RESPONSE__FM,300_PLUS,10_49,als_mae,29,0.30742561795913476,29,29,46,46,37,37,23,23,30,30,DESCRIPTIVE_SMALL_N
10,CROWD_RESPONSE__FM,300_PLUS,10_49,als_order,9,0.5555555555555556,29,9,46,26,37,24,23,23,30,30,DESCRIPTIVE_SMALL_N
10,CROWD_RESPONSE__FM,300_PLUS,50_PLUS,mse,65,0.7463915741421008,65,65,216,216,159,159,442,442,599,599,DESCRIPTIVE
10,CROWD_RESPONSE__FM,300_PLUS,50_PLUS,pa,33,0.5960937497614557,65,33,216,174,159,140,442,442,599,585,DESCRIPTIVE
10,CROWD_RESPONSE__FM,300_PLUS,50_PLUS,als_mae,65,0.37208236454205074,65,65,216,216,159,159,442,442,599,599,DESCRIPTIVE
10,CROWD_RESPONSE__FM,300_PLUS,50_PLUS,als_order,40,0.6703427128427129,65,40,216,191,159,150,442,442,599,599,DESCRIPTIVE
30,ALS,0,1_9,mse,0,,0,0,0,0,0,0,0,0,0,0,NO_DATA
30,ALS,0,1_9,pa,0,,0,0,0,0,0,0,0,0,0,0,NO_DATA
30,ALS,0,1_9,als_mae,0,,0,0,0,0,0,0,0,0,0,0,NO_DATA
30,ALS,0,1_9,als_order,0,,0,0,0,0,0,0,0,0,0,0,NO_DATA
30,ALS,0,10_49,mse,0,,0,0,0,0,0,0,0,0,0,0,NO_DATA
30,ALS,0,10_49,pa,0,,0,0,0,0,0,0,0,0,0,0,NO_DATA
30,ALS,0,10_49,als_mae,0,,0,0,0,0,0,0,0,0,0,0,NO_DATA
30,ALS,0,10_49,als_order,0,,0,0,0,0,0,0,0,0,0,0,NO_DATA
30,ALS,0,50_PLUS,mse,0,,0,0,0,0,0,0,0,0,0,0,NO_DATA
30,ALS,0,50_PLUS,pa,0,,0,0,0,0,0,0,0,0,0,0,NO_DATA
30,ALS,0,50_PLUS,als_mae,0,,0,0,0,0,0,0,0,0,0,0,NO_DATA
30,ALS,0,50_PLUS,als_order,0,,0,0,0,0,0,0,0,0,0,0,NO_DATA
30,ALS,1_9,1_9,mse,0,,0,0,0,0,0,0,0,0,0,0,NO_DATA
30,ALS,1_9,1_9,pa,0,,0,0,0,0,0,0,0,0,0,0,NO_DATA
30,ALS,1_9,1_9,als_mae,0,,0,0,0,0,0,0,0,0,0,0,NO_DATA
30,ALS,1_9,1_9,als_order,0,,0,0,0,0,0,0,0,0,0,0,NO_DATA
30,ALS,1_9,10_49,mse,0,,0,0,0,0,0,0,0,0,0,0,NO_DATA
30,ALS,1_9,10_49,pa,0,,0,0,0,0,0,0,0,0,0,0,NO_DATA
30,ALS,1_9,10_49,als_mae,0,,0,0,0,0,0,0,0,0,0,0,NO_DATA
30,ALS,1_9,10_49,als_order,0,,0,0,0,0,0,0,0,0,0,0,NO_DATA
30,ALS,1_9,50_PLUS,mse,0,,0,0,0,0,0,0,0,0,0,0,NO_DATA
30,ALS,1_9,50_PLUS,pa,0,,0,0,0,0,0,0,0,0,0,0,NO_DATA
30,ALS,1_9,50_PLUS,als_mae,0,,0,0,0,0,0,0,0,0,0,0,NO_DATA
30,ALS,1_9,50_PLUS,als_order,0,,0,0,0,0,0,0,0,0,0,0,NO_DATA
30,ALS,10_29,1_9,mse,0,,0,0,0,0,0,0,0,0,0,0,NO_DATA
30,ALS,10_29,1_9,pa,0,,0,0,0,0,0,0,0,0,0,0,NO_DATA
30,ALS,10_29,1_9,als_mae,0,,0,0,0,0,0,0,0,0,0,0,NO_DATA
30,ALS,10_29,1_9,als_order,0,,0,0,0,0,0,0,0,0,0,0,NO_DATA
30,ALS,10_29,10_49,mse,0,,0,0,0,0,0,0,0,0,0,0,NO_DATA
30,ALS,10_29,10_49,pa,0,,0,0,0,0,0,0,0,0,0,0,NO_DATA
30,ALS,10_29,10_49,als_mae,0,,0,0,0,0,0,0,0,0,0,0,NO_DATA
30,ALS,10_29,10_49,als_order,0,,0,0,0,0,0,0,0,0,0,0,NO_DATA
30,ALS,10_29,50_PLUS,mse,0,,0,0,0,0,0,0,0,0,0,0,NO_DATA
30,ALS,10_29,50_PLUS,pa,0,,0,0,0,0,0,0,0,0,0,0,NO_DATA
30,ALS,10_29,50_PLUS,als_mae,0,,0,0,0,0,0,0,0,0,0,0,NO_DATA
30,ALS,10_29,50_PLUS,als_order,0,,0,0,0,0,0,0,0,0,0,0,NO_DATA
30,ALS,30_99,1_9,mse,0,,0,0,0,0,0,0,0,0,0,0,NO_DATA
30,ALS,30_99,1_9,pa,0,,0,0,0,0,0,0,0,0,0,0,NO_DATA
30,ALS,30_99,1_9,als_mae,0,,0,0,0,0,0,0,0,0,0,0,NO_DATA
30,ALS,30_99,1_9,als_order,0,,0,0,0,0,0,0,0,0,0,0,NO_DATA
30,ALS,30_99,10_49,mse,0,,0,0,0,0,0,0,0,0,0,0,NO_DATA
30,ALS,30_99,10_49,pa,0,,0,0,0,0,0,0,0,0,0,0,NO_DATA
30,ALS,30_99,10_49,als_mae,0,,0,0,0,0,0,0,0,0,0,0,NO_DATA
30,ALS,30_99,10_49,als_order,0,,0,0,0,0,0,0,0,0,0,0,NO_DATA
30,ALS,30_99,50_PLUS,mse,16,0.8486406228565659,16,16,48,48,40,40,112,112,139,139,DESCRIPTIVE_SMALL_N
30,ALS,30_99,50_PLUS,pa,8,0.7299871299871299,16,8,48,40,40,37,112,112,139,139,DESCRIPTIVE_SMALL_N
30,ALS,30_99,50_PLUS,als_mae,16,0.0,16,16,48,48,40,40,112,112,139,139,DESCRIPTIVE_SMALL_N
30,ALS,30_99,50_PLUS,als_order,8,1.0,16,8,48,40,40,37,112,112,139,139,DESCRIPTIVE_SMALL_N
30,ALS,100_299,1_9,mse,5,1.3398348164853144,5,5,6,6,6,6,0,0,1,1,DESCRIPTIVE_SMALL_N
30,ALS,100_299,1_9,pa,0,,5,0,6,0,6,0,0,0,1,0,NO_DATA
30,ALS,100_299,1_9,als_mae,5,0.0,5,5,6,6,6,6,0,0,1,1,DESCRIPTIVE_SMALL_N
30,ALS,100_299,1_9,als_order,1,1.0,5,1,6,2,6,2,0,0,1,1,DESCRIPTIVE_SMALL_N
30,ALS,100_299,10_49,mse,6,0.5033059634792827,6,6,6,6,6,6,0,0,0,0,DESCRIPTIVE_SMALL_N
30,ALS,100_299,10_49,pa,0,,6,0,6,0,6,0,0,0,0,0,NO_DATA
30,ALS,100_299,10_49,als_mae,6,0.0,6,6,6,6,6,6,0,0,0,0,DESCRIPTIVE_SMALL_N
30,ALS,100_299,10_49,als_order,0,,6,0,6,0,6,0,0,0,0,0,NO_DATA
30,ALS,100_299,50_PLUS,mse,24,0.6114687466674219,24,24,73,73,64,64,266,266,342,342,DESCRIPTIVE_SMALL_N
30,ALS,100_299,50_PLUS,pa,10,0.5938432835820896,24,10,73,57,64,51,266,266,342,340,DESCRIPTIVE_SMALL_N
30,ALS,100_299,50_PLUS,als_mae,24,0.0,24,24,73,73,64,64,266,266,342,342,DESCRIPTIVE_SMALL_N
30,ALS,100_299,50_PLUS,als_order,12,1.0,24,12,73,61,64,55,266,266,342,342,DESCRIPTIVE_SMALL_N
30,ALS,300_PLUS,1_9,mse,25,0.7139094035575125,25,25,55,55,49,49,125,125,153,153,DESCRIPTIVE_SMALL_N
30,ALS,300_PLUS,1_9,pa,8,0.7553199404761904,25,8,55,38,49,37,125,125,153,153,DESCRIPTIVE_SMALL_N
30,ALS,300_PLUS,1_9,als_mae,25,0.0,25,25,55,55,49,49,125,125,153,153,DESCRIPTIVE_SMALL_N
30,ALS,300_PLUS,1_9,als_order,8,1.0,25,8,55,38,49,37,125,125,153,153,DESCRIPTIVE_SMALL_N
30,ALS,300_PLUS,10_49,mse,29,0.673581305422564,29,29,46,46,37,37,23,23,30,30,DESCRIPTIVE_SMALL_N
30,ALS,300_PLUS,10_49,pa,7,0.5821428571428572,29,7,46,22,37,20,23,23,30,28,DESCRIPTIVE_SMALL_N
30,ALS,300_PLUS,10_49,als_mae,29,0.0,29,29,46,46,37,37,23,23,30,30,DESCRIPTIVE_SMALL_N
30,ALS,300_PLUS,10_49,als_order,9,1.0,29,9,46,26,37,24,23,23,30,30,DESCRIPTIVE_SMALL_N
30,ALS,300_PLUS,50_PLUS,mse,65,0.6098560294077345,65,65,216,216,159,159,442,442,599,599,DESCRIPTIVE
30,ALS,300_PLUS,50_PLUS,pa,33,0.6441517796139106,65,33,216,174,159,140,442,442,599,585,DESCRIPTIVE
30,ALS,300_PLUS,50_PLUS,als_mae,65,0.0,65,65,216,216,159,159,442,442,599,599,DESCRIPTIVE
30,ALS,300_PLUS,50_PLUS,als_order,40,1.0,65,40,216,191,159,150,442,442,599,599,DESCRIPTIVE
30,BASE__RIDGE,0,1_9,mse,0,,0,0,0,0,0,0,0,0,0,0,NO_DATA
30,BASE__RIDGE,0,1_9,pa,0,,0,0,0,0,0,0,0,0,0,0,NO_DATA
30,BASE__RIDGE,0,1_9,als_mae,0,,0,0,0,0,0,0,0,0,0,0,NO_DATA
30,BASE__RIDGE,0,1_9,als_order,0,,0,0,0,0,0,0,0,0,0,0,NO_DATA
30,BASE__RIDGE,0,10_49,mse,0,,0,0,0,0,0,0,0,0,0,0,NO_DATA
30,BASE__RIDGE,0,10_49,pa,0,,0,0,0,0,0,0,0,0,0,0,NO_DATA
30,BASE__RIDGE,0,10_49,als_mae,0,,0,0,0,0,0,0,0,0,0,0,NO_DATA
30,BASE__RIDGE,0,10_49,als_order,0,,0,0,0,0,0,0,0,0,0,0,NO_DATA
30,BASE__RIDGE,0,50_PLUS,mse,0,,0,0,0,0,0,0,0,0,0,0,NO_DATA
30,BASE__RIDGE,0,50_PLUS,pa,0,,0,0,0,0,0,0,0,0,0,0,NO_DATA
30,BASE__RIDGE,0,50_PLUS,als_mae,0,,0,0,0,0,0,0,0,0,0,0,NO_DATA
30,BASE__RIDGE,0,50_PLUS,als_order,0,,0,0,0,0,0,0,0,0,0,0,NO_DATA
30,BASE__RIDGE,1_9,1_9,mse,0,,0,0,0,0,0,0,0,0,0,0,NO_DATA
30,BASE__RIDGE,1_9,1_9,pa,0,,0,0,0,0,0,0,0,0,0,0,NO_DATA
30,BASE__RIDGE,1_9,1_9,als_mae,0,,0,0,0,0,0,0,0,0,0,0,NO_DATA
30,BASE__RIDGE,1_9,1_9,als_order,0,,0,0,0,0,0,0,0,0,0,0,NO_DATA
30,BASE__RIDGE,1_9,10_49,mse,0,,0,0,0,0,0,0,0,0,0,0,NO_DATA
30,BASE__RIDGE,1_9,10_49,pa,0,,0,0,0,0,0,0,0,0,0,0,NO_DATA
30,BASE__RIDGE,1_9,10_49,als_mae,0,,0,0,0,0,0,0,0,0,0,0,NO_DATA
30,BASE__RIDGE,1_9,10_49,als_order,0,,0,0,0,0,0,0,0,0,0,0,NO_DATA
30,BASE__RIDGE,1_9,50_PLUS,mse,0,,0,0,0,0,0,0,0,0,0,0,NO_DATA
30,BASE__RIDGE,1_9,50_PLUS,pa,0,,0,0,0,0,0,0,0,0,0,0,NO_DATA
30,BASE__RIDGE,1_9,50_PLUS,als_mae,0,,0,0,0,0,0,0,0,0,0,0,NO_DATA
30,BASE__RIDGE,1_9,50_PLUS,als_order,0,,0,0,0,0,0,0,0,0,0,0,NO_DATA
30,BASE__RIDGE,10_29,1_9,mse,0,,0,0,0,0,0,0,0,0,0,0,NO_DATA
30,BASE__RIDGE,10_29,1_9,pa,0,,0,0,0,0,0,0,0,0,0,0,NO_DATA
30,BASE__RIDGE,10_29,1_9,als_mae,0,,0,0,0,0,0,0,0,0,0,0,NO_DATA
30,BASE__RIDGE,10_29,1_9,als_order,0,,0,0,0,0,0,0,0,0,0,0,NO_DATA
30,BASE__RIDGE,10_29,10_49,mse,0,,0,0,0,0,0,0,0,0,0,0,NO_DATA
30,BASE__RIDGE,10_29,10_49,pa,0,,0,0,0,0,0,0,0,0,0,0,NO_DATA
30,BASE__RIDGE,10_29,10_49,als_mae,0,,0,0,0,0,0,0,0,0,0,0,NO_DATA
30,BASE__RIDGE,10_29,10_49,als_order,0,,0,0,0,0,0,0,0,0,0,0,NO_DATA
30,BASE__RIDGE,10_29,50_PLUS,mse,0,,0,0,0,0,0,0,0,0,0,0,NO_DATA
30,BASE__RIDGE,10_29,50_PLUS,pa,0,,0,0,0,0,0,0,0,0,0,0,NO_DATA
30,BASE__RIDGE,10_29,50_PLUS,als_mae,0,,0,0,0,0,0,0,0,0,0,0,NO_DATA
30,BASE__RIDGE,10_29,50_PLUS,als_order,0,,0,0,0,0,0,0,0,0,0,0,NO_DATA
30,BASE__RIDGE,30_99,1_9,mse,0,,0,0,0,0,0,0,0,0,0,0,NO_DATA
30,BASE__RIDGE,30_99,1_9,pa,0,,0,0,0,0,0,0,0,0,0,0,NO_DATA
30,BASE__RIDGE,30_99,1_9,als_mae,0,,0,0,0,0,0,0,0,0,0,0,NO_DATA
30,BASE__RIDGE,30_99,1_9,als_order,0,,0,0,0,0,0,0,0,0,0,0,NO_DATA
30,BASE__RIDGE,30_99,10_49,mse,0,,0,0,0,0,0,0,0,0,0,0,NO_DATA
30,BASE__RIDGE,30_99,10_49,pa,0,,0,0,0,0,0,0,0,0,0,0,NO_DATA
30,BASE__RIDGE,30_99,10_49,als_mae,0,,0,0,0,0,0,0,0,0,0,0,NO_DATA
30,BASE__RIDGE,30_99,10_49,als_order,0,,0,0,0,0,0,0,0,0,0,0,NO_DATA
30,BASE__RIDGE,30_99,50_PLUS,mse,16,0.9700604383937355,16,16,48,48,40,40,112,112,139,139,DESCRIPTIVE_SMALL_N
30,BASE__RIDGE,30_99,50_PLUS,pa,8,0.7128217503217503,16,8,48,40,40,37,112,112,139,139,DESCRIPTIVE_SMALL_N
30,BASE__RIDGE,30_99,50_PLUS,als_mae,16,0.4242112774727249,16,16,48,48,40,40,112,112,139,139,DESCRIPTIVE_SMALL_N
30,BASE__RIDGE,30_99,50_PLUS,als_order,8,0.7338598901098901,16,8,48,40,40,37,112,112,139,139,DESCRIPTIVE_SMALL_N
30,BASE__RIDGE,100_299,1_9,mse,5,0.9242267056967328,5,5,6,6,6,6,0,0,1,1,DESCRIPTIVE_SMALL_N
30,BASE__RIDGE,100_299,1_9,pa,0,,5,0,6,0,6,0,0,0,1,0,NO_DATA
30,BASE__RIDGE,100_299,1_9,als_mae,5,0.5231861449167601,5,5,6,6,6,6,0,0,1,1,DESCRIPTIVE_SMALL_N
30,BASE__RIDGE,100_299,1_9,als_order,1,0.0,5,1,6,2,6,2,0,0,1,1,DESCRIPTIVE_SMALL_N
30,BASE__RIDGE,100_299,10_49,mse,6,0.5096600383361483,6,6,6,6,6,6,0,0,0,0,DESCRIPTIVE_SMALL_N
30,BASE__RIDGE,100_299,10_49,pa,0,,6,0,6,0,6,0,0,0,0,0,NO_DATA
30,BASE__RIDGE,100_299,10_49,als_mae,6,0.3767096492778295,6,6,6,6,6,6,0,0,0,0,DESCRIPTIVE_SMALL_N
30,BASE__RIDGE,100_299,10_49,als_order,0,,6,0,6,0,6,0,0,0,0,0,NO_DATA
30,BASE__RIDGE,100_299,50_PLUS,mse,24,0.7188867545437446,24,24,73,73,64,64,266,266,342,342,DESCRIPTIVE_SMALL_N
30,BASE__RIDGE,100_299,50_PLUS,pa,10,0.46189054726368156,24,10,73,57,64,51,266,266,342,340,DESCRIPTIVE_SMALL_N
30,BASE__RIDGE,100_299,50_PLUS,als_mae,24,0.32460012383926423,24,24,73,73,64,64,266,266,342,342,DESCRIPTIVE_SMALL_N
30,BASE__RIDGE,100_299,50_PLUS,als_order,12,0.5233344799908267,24,12,73,61,64,55,266,266,342,342,DESCRIPTIVE_SMALL_N
30,BASE__RIDGE,300_PLUS,1_9,mse,25,0.7652272405200905,25,25,55,55,49,49,125,125,153,153,DESCRIPTIVE_SMALL_N
30,BASE__RIDGE,300_PLUS,1_9,pa,8,0.4945684523809524,25,8,55,38,49,37,125,125,153,153,DESCRIPTIVE_SMALL_N
30,BASE__RIDGE,300_PLUS,1_9,als_mae,25,0.5386824088667216,25,25,55,55,49,49,125,125,153,153,DESCRIPTIVE_SMALL_N
30,BASE__RIDGE,300_PLUS,1_9,als_order,8,0.6178011803011803,25,8,55,38,49,37,125,125,153,153,DESCRIPTIVE_SMALL_N
30,BASE__RIDGE,300_PLUS,10_49,mse,29,0.8495697583155355,29,29,46,46,37,37,23,23,30,30,DESCRIPTIVE_SMALL_N
30,BASE__RIDGE,300_PLUS,10_49,pa,7,0.6857142857142858,29,7,46,22,37,20,23,23,30,28,DESCRIPTIVE_SMALL_N
30,BASE__RIDGE,300_PLUS,10_49,als_mae,29,0.3570627364478599,29,29,46,46,37,37,23,23,30,30,DESCRIPTIVE_SMALL_N
30,BASE__RIDGE,300_PLUS,10_49,als_order,9,0.6222222222222222,29,9,46,26,37,24,23,23,30,30,DESCRIPTIVE_SMALL_N
30,BASE__RIDGE,300_PLUS,50_PLUS,mse,65,0.8535588916458385,65,65,216,216,159,159,442,442,599,599,DESCRIPTIVE
30,BASE__RIDGE,300_PLUS,50_PLUS,pa,33,0.5751441082909998,65,33,216,174,159,140,442,442,599,585,DESCRIPTIVE
30,BASE__RIDGE,300_PLUS,50_PLUS,als_mae,65,0.4191771592451576,65,65,216,216,159,159,442,442,599,599,DESCRIPTIVE
30,BASE__RIDGE,300_PLUS,50_PLUS,als_order,40,0.7393262987012987,65,40,216,191,159,150,442,442,599,599,DESCRIPTIVE
30,BASE__GBT,0,1_9,mse,0,,0,0,0,0,0,0,0,0,0,0,NO_DATA
30,BASE__GBT,0,1_9,pa,0,,0,0,0,0,0,0,0,0,0,0,NO_DATA
30,BASE__GBT,0,1_9,als_mae,0,,0,0,0,0,0,0,0,0,0,0,NO_DATA
30,BASE__GBT,0,1_9,als_order,0,,0,0,0,0,0,0,0,0,0,0,NO_DATA
30,BASE__GBT,0,10_49,mse,0,,0,0,0,0,0,0,0,0,0,0,NO_DATA
30,BASE__GBT,0,10_49,pa,0,,0,0,0,0,0,0,0,0,0,0,NO_DATA
30,BASE__GBT,0,10_49,als_mae,0,,0,0,0,0,0,0,0,0,0,0,NO_DATA
30,BASE__GBT,0,10_49,als_order,0,,0,0,0,0,0,0,0,0,0,0,NO_DATA
30,BASE__GBT,0,50_PLUS,mse,0,,0,0,0,0,0,0,0,0,0,0,NO_DATA
30,BASE__GBT,0,50_PLUS,pa,0,,0,0,0,0,0,0,0,0,0,0,NO_DATA
30,BASE__GBT,0,50_PLUS,als_mae,0,,0,0,0,0,0,0,0,0,0,0,NO_DATA
30,BASE__GBT,0,50_PLUS,als_order,0,,0,0,0,0,0,0,0,0,0,0,NO_DATA
30,BASE__GBT,1_9,1_9,mse,0,,0,0,0,0,0,0,0,0,0,0,NO_DATA
30,BASE__GBT,1_9,1_9,pa,0,,0,0,0,0,0,0,0,0,0,0,NO_DATA
30,BASE__GBT,1_9,1_9,als_mae,0,,0,0,0,0,0,0,0,0,0,0,NO_DATA
30,BASE__GBT,1_9,1_9,als_order,0,,0,0,0,0,0,0,0,0,0,0,NO_DATA
30,BASE__GBT,1_9,10_49,mse,0,,0,0,0,0,0,0,0,0,0,0,NO_DATA
30,BASE__GBT,1_9,10_49,pa,0,,0,0,0,0,0,0,0,0,0,0,NO_DATA
30,BASE__GBT,1_9,10_49,als_mae,0,,0,0,0,0,0,0,0,0,0,0,NO_DATA
30,BASE__GBT,1_9,10_49,als_order,0,,0,0,0,0,0,0,0,0,0,0,NO_DATA
30,BASE__GBT,1_9,50_PLUS,mse,0,,0,0,0,0,0,0,0,0,0,0,NO_DATA
30,BASE__GBT,1_9,50_PLUS,pa,0,,0,0,0,0,0,0,0,0,0,0,NO_DATA
30,BASE__GBT,1_9,50_PLUS,als_mae,0,,0,0,0,0,0,0,0,0,0,0,NO_DATA
30,BASE__GBT,1_9,50_PLUS,als_order,0,,0,0,0,0,0,0,0,0,0,0,NO_DATA
30,BASE__GBT,10_29,1_9,mse,0,,0,0,0,0,0,0,0,0,0,0,NO_DATA
30,BASE__GBT,10_29,1_9,pa,0,,0,0,0,0,0,0,0,0,0,0,NO_DATA
30,BASE__GBT,10_29,1_9,als_mae,0,,0,0,0,0,0,0,0,0,0,0,NO_DATA
30,BASE__GBT,10_29,1_9,als_order,0,,0,0,0,0,0,0,0,0,0,0,NO_DATA
30,BASE__GBT,10_29,10_49,mse,0,,0,0,0,0,0,0,0,0,0,0,NO_DATA
30,BASE__GBT,10_29,10_49,pa,0,,0,0,0,0,0,0,0,0,0,0,NO_DATA
30,BASE__GBT,10_29,10_49,als_mae,0,,0,0,0,0,0,0,0,0,0,0,NO_DATA
30,BASE__GBT,10_29,10_49,als_order,0,,0,0,0,0,0,0,0,0,0,0,NO_DATA
30,BASE__GBT,10_29,50_PLUS,mse,0,,0,0,0,0,0,0,0,0,0,0,NO_DATA
30,BASE__GBT,10_29,50_PLUS,pa,0,,0,0,0,0,0,0,0,0,0,0,NO_DATA
30,BASE__GBT,10_29,50_PLUS,als_mae,0,,0,0,0,0,0,0,0,0,0,0,NO_DATA
30,BASE__GBT,10_29,50_PLUS,als_order,0,,0,0,0,0,0,0,0,0,0,0,NO_DATA
30,BASE__GBT,30_99,1_9,mse,0,,0,0,0,0,0,0,0,0,0,0,NO_DATA
30,BASE__GBT,30_99,1_9,pa,0,,0,0,0,0,0,0,0,0,0,0,NO_DATA
30,BASE__GBT,30_99,1_9,als_mae,0,,0,0,0,0,0,0,0,0,0,0,NO_DATA
30,BASE__GBT,30_99,1_9,als_order,0,,0,0,0,0,0,0,0,0,0,0,NO_DATA
30,BASE__GBT,30_99,10_49,mse,0,,0,0,0,0,0,0,0,0,0,0,NO_DATA
30,BASE__GBT,30_99,10_49,pa,0,,0,0,0,0,0,0,0,0,0,0,NO_DATA
30,BASE__GBT,30_99,10_49,als_mae,0,,0,0,0,0,0,0,0,0,0,0,NO_DATA
30,BASE__GBT,30_99,10_49,als_order,0,,0,0,0,0,0,0,0,0,0,0,NO_DATA
30,BASE__GBT,30_99,50_PLUS,mse,16,0.819718878573345,16,16,48,48,40,40,112,112,139,139,DESCRIPTIVE_SMALL_N
30,BASE__GBT,30_99,50_PLUS,pa,8,0.6613416988416988,16,8,48,40,40,37,112,112,139,139,DESCRIPTIVE_SMALL_N
30,BASE__GBT,30_99,50_PLUS,als_mae,16,0.3364968987432413,16,16,48,48,40,40,112,112,139,139,DESCRIPTIVE_SMALL_N
30,BASE__GBT,30_99,50_PLUS,als_order,8,0.7703754578754578,16,8,48,40,40,37,112,112,139,139,DESCRIPTIVE_SMALL_N
30,BASE__GBT,100_299,1_9,mse,5,0.9464898743897008,5,5,6,6,6,6,0,0,1,1,DESCRIPTIVE_SMALL_N
30,BASE__GBT,100_299,1_9,pa,0,,5,0,6,0,6,0,0,0,1,0,NO_DATA
30,BASE__GBT,100_299,1_9,als_mae,5,0.6689763580006346,5,5,6,6,6,6,0,0,1,1,DESCRIPTIVE_SMALL_N
30,BASE__GBT,100_299,1_9,als_order,1,1.0,5,1,6,2,6,2,0,0,1,1,DESCRIPTIVE_SMALL_N
30,BASE__GBT,100_299,10_49,mse,6,0.4328473349664144,6,6,6,6,6,6,0,0,0,0,DESCRIPTIVE_SMALL_N
30,BASE__GBT,100_299,10_49,pa,0,,6,0,6,0,6,0,0,0,0,0,NO_DATA
30,BASE__GBT,100_299,10_49,als_mae,6,0.4002023109019322,6,6,6,6,6,6,0,0,0,0,DESCRIPTIVE_SMALL_N
30,BASE__GBT,100_299,10_49,als_order,0,,6,0,6,0,6,0,0,0,0,0,NO_DATA
30,BASE__GBT,100_299,50_PLUS,mse,24,0.5782372030194344,24,24,73,73,64,64,266,266,342,342,DESCRIPTIVE_SMALL_N
30,BASE__GBT,100_299,50_PLUS,pa,10,0.6268345771144278,24,10,73,57,64,51,266,266,342,340,DESCRIPTIVE_SMALL_N
30,BASE__GBT,100_299,50_PLUS,als_mae,24,0.26335567908966956,24,24,73,73,64,64,266,266,342,342,DESCRIPTIVE_SMALL_N
30,BASE__GBT,100_299,50_PLUS,als_order,12,0.5856123151014793,24,12,73,61,64,55,266,266,342,342,DESCRIPTIVE_SMALL_N
30,BASE__GBT,300_PLUS,1_9,mse,25,0.7357734352032292,25,25,55,55,49,49,125,125,153,153,DESCRIPTIVE_SMALL_N
30,BASE__GBT,300_PLUS,1_9,pa,8,0.6402529761904763,25,8,55,38,49,37,125,125,153,153,DESCRIPTIVE_SMALL_N
30,BASE__GBT,300_PLUS,1_9,als_mae,25,0.505571904253525,25,25,55,55,49,49,125,125,153,153,DESCRIPTIVE_SMALL_N
30,BASE__GBT,300_PLUS,1_9,als_order,8,0.7722323972323972,25,8,55,38,49,37,125,125,153,153,DESCRIPTIVE_SMALL_N
30,BASE__GBT,300_PLUS,10_49,mse,29,0.7312254111160141,29,29,46,46,37,37,23,23,30,30,DESCRIPTIVE_SMALL_N
30,BASE__GBT,300_PLUS,10_49,pa,7,0.692857142857143,29,7,46,22,37,20,23,23,30,28,DESCRIPTIVE_SMALL_N
30,BASE__GBT,300_PLUS,10_49,als_mae,29,0.3402967478803798,29,29,46,46,37,37,23,23,30,30,DESCRIPTIVE_SMALL_N
30,BASE__GBT,300_PLUS,10_49,als_order,9,0.7185185185185184,29,9,46,26,37,24,23,23,30,30,DESCRIPTIVE_SMALL_N
30,BASE__GBT,300_PLUS,50_PLUS,mse,65,0.757959378784446,65,65,216,216,159,159,442,442,599,599,DESCRIPTIVE
30,BASE__GBT,300_PLUS,50_PLUS,pa,33,0.565744937256032,65,33,216,174,159,140,442,442,599,585,DESCRIPTIVE
30,BASE__GBT,300_PLUS,50_PLUS,als_mae,65,0.36374058976307383,65,65,216,216,159,159,442,442,599,599,DESCRIPTIVE
30,BASE__GBT,300_PLUS,50_PLUS,als_order,40,0.7467135642135642,65,40,216,191,159,150,442,442,599,599,DESCRIPTIVE
30,BASE__FM,0,1_9,mse,0,,0,0,0,0,0,0,0,0,0,0,NO_DATA
30,BASE__FM,0,1_9,pa,0,,0,0,0,0,0,0,0,0,0,0,NO_DATA
30,BASE__FM,0,1_9,als_mae,0,,0,0,0,0,0,0,0,0,0,0,NO_DATA
30,BASE__FM,0,1_9,als_order,0,,0,0,0,0,0,0,0,0,0,0,NO_DATA
30,BASE__FM,0,10_49,mse,0,,0,0,0,0,0,0,0,0,0,0,NO_DATA
30,BASE__FM,0,10_49,pa,0,,0,0,0,0,0,0,0,0,0,0,NO_DATA
30,BASE__FM,0,10_49,als_mae,0,,0,0,0,0,0,0,0,0,0,0,NO_DATA
30,BASE__FM,0,10_49,als_order,0,,0,0,0,0,0,0,0,0,0,0,NO_DATA
30,BASE__FM,0,50_PLUS,mse,0,,0,0,0,0,0,0,0,0,0,0,NO_DATA
30,BASE__FM,0,50_PLUS,pa,0,,0,0,0,0,0,0,0,0,0,0,NO_DATA
30,BASE__FM,0,50_PLUS,als_mae,0,,0,0,0,0,0,0,0,0,0,0,NO_DATA
30,BASE__FM,0,50_PLUS,als_order,0,,0,0,0,0,0,0,0,0,0,0,NO_DATA
30,BASE__FM,1_9,1_9,mse,0,,0,0,0,0,0,0,0,0,0,0,NO_DATA
30,BASE__FM,1_9,1_9,pa,0,,0,0,0,0,0,0,0,0,0,0,NO_DATA
30,BASE__FM,1_9,1_9,als_mae,0,,0,0,0,0,0,0,0,0,0,0,NO_DATA
30,BASE__FM,1_9,1_9,als_order,0,,0,0,0,0,0,0,0,0,0,0,NO_DATA
30,BASE__FM,1_9,10_49,mse,0,,0,0,0,0,0,0,0,0,0,0,NO_DATA
30,BASE__FM,1_9,10_49,pa,0,,0,0,0,0,0,0,0,0,0,0,NO_DATA
30,BASE__FM,1_9,10_49,als_mae,0,,0,0,0,0,0,0,0,0,0,0,NO_DATA
30,BASE__FM,1_9,10_49,als_order,0,,0,0,0,0,0,0,0,0,0,0,NO_DATA
30,BASE__FM,1_9,50_PLUS,mse,0,,0,0,0,0,0,0,0,0,0,0,NO_DATA
30,BASE__FM,1_9,50_PLUS,pa,0,,0,0,0,0,0,0,0,0,0,0,NO_DATA
30,BASE__FM,1_9,50_PLUS,als_mae,0,,0,0,0,0,0,0,0,0,0,0,NO_DATA
30,BASE__FM,1_9,50_PLUS,als_order,0,,0,0,0,0,0,0,0,0,0,0,NO_DATA
30,BASE__FM,10_29,1_9,mse,0,,0,0,0,0,0,0,0,0,0,0,NO_DATA
30,BASE__FM,10_29,1_9,pa,0,,0,0,0,0,0,0,0,0,0,0,NO_DATA
30,BASE__FM,10_29,1_9,als_mae,0,,0,0,0,0,0,0,0,0,0,0,NO_DATA
30,BASE__FM,10_29,1_9,als_order,0,,0,0,0,0,0,0,0,0,0,0,NO_DATA
30,BASE__FM,10_29,10_49,mse,0,,0,0,0,0,0,0,0,0,0,0,NO_DATA
30,BASE__FM,10_29,10_49,pa,0,,0,0,0,0,0,0,0,0,0,0,NO_DATA
30,BASE__FM,10_29,10_49,als_mae,0,,0,0,0,0,0,0,0,0,0,0,NO_DATA
30,BASE__FM,10_29,10_49,als_order,0,,0,0,0,0,0,0,0,0,0,0,NO_DATA
30,BASE__FM,10_29,50_PLUS,mse,0,,0,0,0,0,0,0,0,0,0,0,NO_DATA
30,BASE__FM,10_29,50_PLUS,pa,0,,0,0,0,0,0,0,0,0,0,0,NO_DATA
30,BASE__FM,10_29,50_PLUS,als_mae,0,,0,0,0,0,0,0,0,0,0,0,NO_DATA
30,BASE__FM,10_29,50_PLUS,als_order,0,,0,0,0,0,0,0,0,0,0,0,NO_DATA
30,BASE__FM,30_99,1_9,mse,0,,0,0,0,0,0,0,0,0,0,0,NO_DATA
30,BASE__FM,30_99,1_9,pa,0,,0,0,0,0,0,0,0,0,0,0,NO_DATA
30,BASE__FM,30_99,1_9,als_mae,0,,0,0,0,0,0,0,0,0,0,0,NO_DATA
30,BASE__FM,30_99,1_9,als_order,0,,0,0,0,0,0,0,0,0,0,0,NO_DATA
30,BASE__FM,30_99,10_49,mse,0,,0,0,0,0,0,0,0,0,0,0,NO_DATA
30,BASE__FM,30_99,10_49,pa,0,,0,0,0,0,0,0,0,0,0,0,NO_DATA
30,BASE__FM,30_99,10_49,als_mae,0,,0,0,0,0,0,0,0,0,0,0,NO_DATA
30,BASE__FM,30_99,10_49,als_order,0,,0,0,0,0,0,0,0,0,0,0,NO_DATA
30,BASE__FM,30_99,50_PLUS,mse,16,0.8238692086405541,16,16,48,48,40,40,112,112,139,139,DESCRIPTIVE_SMALL_N
30,BASE__FM,30_99,50_PLUS,pa,8,0.6966537966537966,16,8,48,40,40,37,112,112,139,139,DESCRIPTIVE_SMALL_N
30,BASE__FM,30_99,50_PLUS,als_mae,16,0.3489344337155762,16,16,48,48,40,40,112,112,139,139,DESCRIPTIVE_SMALL_N
30,BASE__FM,30_99,50_PLUS,als_order,8,0.7098214285714286,16,8,48,40,40,37,112,112,139,139,DESCRIPTIVE_SMALL_N
30,BASE__FM,100_299,1_9,mse,5,1.062721481980165,5,5,6,6,6,6,0,0,1,1,DESCRIPTIVE_SMALL_N
30,BASE__FM,100_299,1_9,pa,0,,5,0,6,0,6,0,0,0,1,0,NO_DATA
30,BASE__FM,100_299,1_9,als_mae,5,0.6824665301867942,5,5,6,6,6,6,0,0,1,1,DESCRIPTIVE_SMALL_N
30,BASE__FM,100_299,1_9,als_order,1,0.0,5,1,6,2,6,2,0,0,1,1,DESCRIPTIVE_SMALL_N
30,BASE__FM,100_299,10_49,mse,6,0.48575846988095855,6,6,6,6,6,6,0,0,0,0,DESCRIPTIVE_SMALL_N
30,BASE__FM,100_299,10_49,pa,0,,6,0,6,0,6,0,0,0,0,0,NO_DATA
30,BASE__FM,100_299,10_49,als_mae,6,0.32071356144907953,6,6,6,6,6,6,0,0,0,0,DESCRIPTIVE_SMALL_N
30,BASE__FM,100_299,10_49,als_order,0,,6,0,6,0,6,0,0,0,0,0,NO_DATA
30,BASE__FM,100_299,50_PLUS,mse,24,0.6256487320013225,24,24,73,73,64,64,266,266,342,342,DESCRIPTIVE_SMALL_N
30,BASE__FM,100_299,50_PLUS,pa,10,0.7169402985074627,24,10,73,57,64,51,266,266,342,340,DESCRIPTIVE_SMALL_N
30,BASE__FM,100_299,50_PLUS,als_mae,24,0.2976037897712835,24,24,73,73,64,64,266,266,342,342,DESCRIPTIVE_SMALL_N
30,BASE__FM,100_299,50_PLUS,als_order,12,0.5849673202614379,24,12,73,61,64,55,266,266,342,342,DESCRIPTIVE_SMALL_N
30,BASE__FM,300_PLUS,1_9,mse,25,0.8312614721224925,25,25,55,55,49,49,125,125,153,153,DESCRIPTIVE_SMALL_N
30,BASE__FM,300_PLUS,1_9,pa,8,0.5225446428571429,25,8,55,38,49,37,125,125,153,153,DESCRIPTIVE_SMALL_N
30,BASE__FM,300_PLUS,1_9,als_mae,25,0.4915845187404004,25,25,55,55,49,49,125,125,153,153,DESCRIPTIVE_SMALL_N
30,BASE__FM,300_PLUS,1_9,als_order,8,0.5806878306878307,25,8,55,38,49,37,125,125,153,153,DESCRIPTIVE_SMALL_N
30,BASE__FM,300_PLUS,10_49,mse,29,0.8266524543746463,29,29,46,46,37,37,23,23,30,30,DESCRIPTIVE_SMALL_N
30,BASE__FM,300_PLUS,10_49,pa,7,0.7321428571428571,29,7,46,22,37,20,23,23,30,28,DESCRIPTIVE_SMALL_N
30,BASE__FM,300_PLUS,10_49,als_mae,29,0.32098211987194136,29,29,46,46,37,37,23,23,30,30,DESCRIPTIVE_SMALL_N
30,BASE__FM,300_PLUS,10_49,als_order,9,0.6111111111111112,29,9,46,26,37,24,23,23,30,30,DESCRIPTIVE_SMALL_N
30,BASE__FM,300_PLUS,50_PLUS,mse,65,0.7218330472101001,65,65,216,216,159,159,442,442,599,599,DESCRIPTIVE
30,BASE__FM,300_PLUS,50_PLUS,pa,33,0.5684093938541032,65,33,216,174,159,140,442,442,599,585,DESCRIPTIVE
30,BASE__FM,300_PLUS,50_PLUS,als_mae,65,0.33549701147599437,65,65,216,216,159,159,442,442,599,599,DESCRIPTIVE
30,BASE__FM,300_PLUS,50_PLUS,als_order,40,0.6666801948051948,65,40,216,191,159,150,442,442,599,599,DESCRIPTIVE
30,SUPPORT__RIDGE,0,1_9,mse,0,,0,0,0,0,0,0,0,0,0,0,NO_DATA
30,SUPPORT__RIDGE,0,1_9,pa,0,,0,0,0,0,0,0,0,0,0,0,NO_DATA
30,SUPPORT__RIDGE,0,1_9,als_mae,0,,0,0,0,0,0,0,0,0,0,0,NO_DATA
30,SUPPORT__RIDGE,0,1_9,als_order,0,,0,0,0,0,0,0,0,0,0,0,NO_DATA
30,SUPPORT__RIDGE,0,10_49,mse,0,,0,0,0,0,0,0,0,0,0,0,NO_DATA
30,SUPPORT__RIDGE,0,10_49,pa,0,,0,0,0,0,0,0,0,0,0,0,NO_DATA
30,SUPPORT__RIDGE,0,10_49,als_mae,0,,0,0,0,0,0,0,0,0,0,0,NO_DATA
30,SUPPORT__RIDGE,0,10_49,als_order,0,,0,0,0,0,0,0,0,0,0,0,NO_DATA
30,SUPPORT__RIDGE,0,50_PLUS,mse,0,,0,0,0,0,0,0,0,0,0,0,NO_DATA
30,SUPPORT__RIDGE,0,50_PLUS,pa,0,,0,0,0,0,0,0,0,0,0,0,NO_DATA
30,SUPPORT__RIDGE,0,50_PLUS,als_mae,0,,0,0,0,0,0,0,0,0,0,0,NO_DATA
30,SUPPORT__RIDGE,0,50_PLUS,als_order,0,,0,0,0,0,0,0,0,0,0,0,NO_DATA
30,SUPPORT__RIDGE,1_9,1_9,mse,0,,0,0,0,0,0,0,0,0,0,0,NO_DATA
30,SUPPORT__RIDGE,1_9,1_9,pa,0,,0,0,0,0,0,0,0,0,0,0,NO_DATA
30,SUPPORT__RIDGE,1_9,1_9,als_mae,0,,0,0,0,0,0,0,0,0,0,0,NO_DATA
30,SUPPORT__RIDGE,1_9,1_9,als_order,0,,0,0,0,0,0,0,0,0,0,0,NO_DATA
30,SUPPORT__RIDGE,1_9,10_49,mse,0,,0,0,0,0,0,0,0,0,0,0,NO_DATA
30,SUPPORT__RIDGE,1_9,10_49,pa,0,,0,0,0,0,0,0,0,0,0,0,NO_DATA
30,SUPPORT__RIDGE,1_9,10_49,als_mae,0,,0,0,0,0,0,0,0,0,0,0,NO_DATA
30,SUPPORT__RIDGE,1_9,10_49,als_order,0,,0,0,0,0,0,0,0,0,0,0,NO_DATA
30,SUPPORT__RIDGE,1_9,50_PLUS,mse,0,,0,0,0,0,0,0,0,0,0,0,NO_DATA
30,SUPPORT__RIDGE,1_9,50_PLUS,pa,0,,0,0,0,0,0,0,0,0,0,0,NO_DATA
30,SUPPORT__RIDGE,1_9,50_PLUS,als_mae,0,,0,0,0,0,0,0,0,0,0,0,NO_DATA
30,SUPPORT__RIDGE,1_9,50_PLUS,als_order,0,,0,0,0,0,0,0,0,0,0,0,NO_DATA
30,SUPPORT__RIDGE,10_29,1_9,mse,0,,0,0,0,0,0,0,0,0,0,0,NO_DATA
30,SUPPORT__RIDGE,10_29,1_9,pa,0,,0,0,0,0,0,0,0,0,0,0,NO_DATA
30,SUPPORT__RIDGE,10_29,1_9,als_mae,0,,0,0,0,0,0,0,0,0,0,0,NO_DATA
30,SUPPORT__RIDGE,10_29,1_9,als_order,0,,0,0,0,0,0,0,0,0,0,0,NO_DATA
30,SUPPORT__RIDGE,10_29,10_49,mse,0,,0,0,0,0,0,0,0,0,0,0,NO_DATA
30,SUPPORT__RIDGE,10_29,10_49,pa,0,,0,0,0,0,0,0,0,0,0,0,NO_DATA
30,SUPPORT__RIDGE,10_29,10_49,als_mae,0,,0,0,0,0,0,0,0,0,0,0,NO_DATA
30,SUPPORT__RIDGE,10_29,10_49,als_order,0,,0,0,0,0,0,0,0,0,0,0,NO_DATA
30,SUPPORT__RIDGE,10_29,50_PLUS,mse,0,,0,0,0,0,0,0,0,0,0,0,NO_DATA
30,SUPPORT__RIDGE,10_29,50_PLUS,pa,0,,0,0,0,0,0,0,0,0,0,0,NO_DATA
30,SUPPORT__RIDGE,10_29,50_PLUS,als_mae,0,,0,0,0,0,0,0,0,0,0,0,NO_DATA
30,SUPPORT__RIDGE,10_29,50_PLUS,als_order,0,,0,0,0,0,0,0,0,0,0,0,NO_DATA
30,SUPPORT__RIDGE,30_99,1_9,mse,0,,0,0,0,0,0,0,0,0,0,0,NO_DATA
30,SUPPORT__RIDGE,30_99,1_9,pa,0,,0,0,0,0,0,0,0,0,0,0,NO_DATA
30,SUPPORT__RIDGE,30_99,1_9,als_mae,0,,0,0,0,0,0,0,0,0,0,0,NO_DATA
30,SUPPORT__RIDGE,30_99,1_9,als_order,0,,0,0,0,0,0,0,0,0,0,0,NO_DATA
30,SUPPORT__RIDGE,30_99,10_49,mse,0,,0,0,0,0,0,0,0,0,0,0,NO_DATA
30,SUPPORT__RIDGE,30_99,10_49,pa,0,,0,0,0,0,0,0,0,0,0,0,NO_DATA
30,SUPPORT__RIDGE,30_99,10_49,als_mae,0,,0,0,0,0,0,0,0,0,0,0,NO_DATA
30,SUPPORT__RIDGE,30_99,10_49,als_order,0,,0,0,0,0,0,0,0,0,0,0,NO_DATA
30,SUPPORT__RIDGE,30_99,50_PLUS,mse,16,0.9953281633136641,16,16,48,48,40,40,112,112,139,139,DESCRIPTIVE_SMALL_N
30,SUPPORT__RIDGE,30_99,50_PLUS,pa,8,0.7026061776061776,16,8,48,40,40,37,112,112,139,139,DESCRIPTIVE_SMALL_N
30,SUPPORT__RIDGE,30_99,50_PLUS,als_mae,16,0.43989019632786386,16,16,48,48,40,40,112,112,139,139,DESCRIPTIVE_SMALL_N
30,SUPPORT__RIDGE,30_99,50_PLUS,als_order,8,0.6818910256410255,16,8,48,40,40,37,112,112,139,139,DESCRIPTIVE_SMALL_N
30,SUPPORT__RIDGE,100_299,1_9,mse,5,0.9348605063314046,5,5,6,6,6,6,0,0,1,1,DESCRIPTIVE_SMALL_N
30,SUPPORT__RIDGE,100_299,1_9,pa,0,,5,0,6,0,6,0,0,0,1,0,NO_DATA
30,SUPPORT__RIDGE,100_299,1_9,als_mae,5,0.539693724830471,5,5,6,6,6,6,0,0,1,1,DESCRIPTIVE_SMALL_N
30,SUPPORT__RIDGE,100_299,1_9,als_order,1,0.0,5,1,6,2,6,2,0,0,1,1,DESCRIPTIVE_SMALL_N
30,SUPPORT__RIDGE,100_299,10_49,mse,6,0.5386845019389384,6,6,6,6,6,6,0,0,0,0,DESCRIPTIVE_SMALL_N
30,SUPPORT__RIDGE,100_299,10_49,pa,0,,6,0,6,0,6,0,0,0,0,0,NO_DATA
30,SUPPORT__RIDGE,100_299,10_49,als_mae,6,0.3938320601093392,6,6,6,6,6,6,0,0,0,0,DESCRIPTIVE_SMALL_N
30,SUPPORT__RIDGE,100_299,10_49,als_order,0,,6,0,6,0,6,0,0,0,0,0,NO_DATA
30,SUPPORT__RIDGE,100_299,50_PLUS,mse,24,0.7530375646945933,24,24,73,73,64,64,266,266,342,342,DESCRIPTIVE_SMALL_N
30,SUPPORT__RIDGE,100_299,50_PLUS,pa,10,0.41439054726368163,24,10,73,57,64,51,266,266,342,340,DESCRIPTIVE_SMALL_N
30,SUPPORT__RIDGE,100_299,50_PLUS,als_mae,24,0.3366897985065509,24,24,73,73,64,64,266,266,342,342,DESCRIPTIVE_SMALL_N
30,SUPPORT__RIDGE,100_299,50_PLUS,als_order,12,0.5507395940832474,24,12,73,61,64,55,266,266,342,342,DESCRIPTIVE_SMALL_N
30,SUPPORT__RIDGE,300_PLUS,1_9,mse,25,0.7901203517581695,25,25,55,55,49,49,125,125,153,153,DESCRIPTIVE_SMALL_N
30,SUPPORT__RIDGE,300_PLUS,1_9,pa,8,0.49813988095238093,25,8,55,38,49,37,125,125,153,153,DESCRIPTIVE_SMALL_N
30,SUPPORT__RIDGE,300_PLUS,1_9,als_mae,25,0.5505842157478279,25,25,55,55,49,49,125,125,153,153,DESCRIPTIVE_SMALL_N
30,SUPPORT__RIDGE,300_PLUS,1_9,als_order,8,0.6178011803011803,25,8,55,38,49,37,125,125,153,153,DESCRIPTIVE_SMALL_N
30,SUPPORT__RIDGE,300_PLUS,10_49,mse,29,0.8755422690156776,29,29,46,46,37,37,23,23,30,30,DESCRIPTIVE_SMALL_N
30,SUPPORT__RIDGE,300_PLUS,10_49,pa,7,0.7035714285714286,29,7,46,22,37,20,23,23,30,28,DESCRIPTIVE_SMALL_N
30,SUPPORT__RIDGE,300_PLUS,10_49,als_mae,29,0.3609627570948975,29,29,46,46,37,37,23,23,30,30,DESCRIPTIVE_SMALL_N
30,SUPPORT__RIDGE,300_PLUS,10_49,als_order,9,0.6111111111111112,29,9,46,26,37,24,23,23,30,30,DESCRIPTIVE_SMALL_N
30,SUPPORT__RIDGE,300_PLUS,50_PLUS,mse,65,0.8849497821008324,65,65,216,216,159,159,442,442,599,599,DESCRIPTIVE
30,SUPPORT__RIDGE,300_PLUS,50_PLUS,pa,33,0.5794753415787709,65,33,216,174,159,140,442,442,599,585,DESCRIPTIVE
30,SUPPORT__RIDGE,300_PLUS,50_PLUS,als_mae,65,0.43062929462675265,65,65,216,216,159,159,442,442,599,599,DESCRIPTIVE
30,SUPPORT__RIDGE,300_PLUS,50_PLUS,als_order,40,0.7600856782106782,65,40,216,191,159,150,442,442,599,599,DESCRIPTIVE
30,SUPPORT__GBT,0,1_9,mse,0,,0,0,0,0,0,0,0,0,0,0,NO_DATA
30,SUPPORT__GBT,0,1_9,pa,0,,0,0,0,0,0,0,0,0,0,0,NO_DATA
30,SUPPORT__GBT,0,1_9,als_mae,0,,0,0,0,0,0,0,0,0,0,0,NO_DATA
30,SUPPORT__GBT,0,1_9,als_order,0,,0,0,0,0,0,0,0,0,0,0,NO_DATA
30,SUPPORT__GBT,0,10_49,mse,0,,0,0,0,0,0,0,0,0,0,0,NO_DATA
30,SUPPORT__GBT,0,10_49,pa,0,,0,0,0,0,0,0,0,0,0,0,NO_DATA
30,SUPPORT__GBT,0,10_49,als_mae,0,,0,0,0,0,0,0,0,0,0,0,NO_DATA
30,SUPPORT__GBT,0,10_49,als_order,0,,0,0,0,0,0,0,0,0,0,0,NO_DATA
30,SUPPORT__GBT,0,50_PLUS,mse,0,,0,0,0,0,0,0,0,0,0,0,NO_DATA
30,SUPPORT__GBT,0,50_PLUS,pa,0,,0,0,0,0,0,0,0,0,0,0,NO_DATA
30,SUPPORT__GBT,0,50_PLUS,als_mae,0,,0,0,0,0,0,0,0,0,0,0,NO_DATA
30,SUPPORT__GBT,0,50_PLUS,als_order,0,,0,0,0,0,0,0,0,0,0,0,NO_DATA
30,SUPPORT__GBT,1_9,1_9,mse,0,,0,0,0,0,0,0,0,0,0,0,NO_DATA
30,SUPPORT__GBT,1_9,1_9,pa,0,,0,0,0,0,0,0,0,0,0,0,NO_DATA
30,SUPPORT__GBT,1_9,1_9,als_mae,0,,0,0,0,0,0,0,0,0,0,0,NO_DATA
30,SUPPORT__GBT,1_9,1_9,als_order,0,,0,0,0,0,0,0,0,0,0,0,NO_DATA
30,SUPPORT__GBT,1_9,10_49,mse,0,,0,0,0,0,0,0,0,0,0,0,NO_DATA
30,SUPPORT__GBT,1_9,10_49,pa,0,,0,0,0,0,0,0,0,0,0,0,NO_DATA
30,SUPPORT__GBT,1_9,10_49,als_mae,0,,0,0,0,0,0,0,0,0,0,0,NO_DATA
30,SUPPORT__GBT,1_9,10_49,als_order,0,,0,0,0,0,0,0,0,0,0,0,NO_DATA
30,SUPPORT__GBT,1_9,50_PLUS,mse,0,,0,0,0,0,0,0,0,0,0,0,NO_DATA
30,SUPPORT__GBT,1_9,50_PLUS,pa,0,,0,0,0,0,0,0,0,0,0,0,NO_DATA
30,SUPPORT__GBT,1_9,50_PLUS,als_mae,0,,0,0,0,0,0,0,0,0,0,0,NO_DATA
30,SUPPORT__GBT,1_9,50_PLUS,als_order,0,,0,0,0,0,0,0,0,0,0,0,NO_DATA
30,SUPPORT__GBT,10_29,1_9,mse,0,,0,0,0,0,0,0,0,0,0,0,NO_DATA
30,SUPPORT__GBT,10_29,1_9,pa,0,,0,0,0,0,0,0,0,0,0,0,NO_DATA
30,SUPPORT__GBT,10_29,1_9,als_mae,0,,0,0,0,0,0,0,0,0,0,0,NO_DATA
30,SUPPORT__GBT,10_29,1_9,als_order,0,,0,0,0,0,0,0,0,0,0,0,NO_DATA
30,SUPPORT__GBT,10_29,10_49,mse,0,,0,0,0,0,0,0,0,0,0,0,NO_DATA
30,SUPPORT__GBT,10_29,10_49,pa,0,,0,0,0,0,0,0,0,0,0,0,NO_DATA
30,SUPPORT__GBT,10_29,10_49,als_mae,0,,0,0,0,0,0,0,0,0,0,0,NO_DATA
30,SUPPORT__GBT,10_29,10_49,als_order,0,,0,0,0,0,0,0,0,0,0,0,NO_DATA
30,SUPPORT__GBT,10_29,50_PLUS,mse,0,,0,0,0,0,0,0,0,0,0,0,NO_DATA
30,SUPPORT__GBT,10_29,50_PLUS,pa,0,,0,0,0,0,0,0,0,0,0,0,NO_DATA
30,SUPPORT__GBT,10_29,50_PLUS,als_mae,0,,0,0,0,0,0,0,0,0,0,0,NO_DATA
30,SUPPORT__GBT,10_29,50_PLUS,als_order,0,,0,0,0,0,0,0,0,0,0,0,NO_DATA
30,SUPPORT__GBT,30_99,1_9,mse,0,,0,0,0,0,0,0,0,0,0,0,NO_DATA
30,SUPPORT__GBT,30_99,1_9,pa,0,,0,0,0,0,0,0,0,0,0,0,NO_DATA
30,SUPPORT__GBT,30_99,1_9,als_mae,0,,0,0,0,0,0,0,0,0,0,0,NO_DATA
30,SUPPORT__GBT,30_99,1_9,als_order,0,,0,0,0,0,0,0,0,0,0,0,NO_DATA
30,SUPPORT__GBT,30_99,10_49,mse,0,,0,0,0,0,0,0,0,0,0,0,NO_DATA
30,SUPPORT__GBT,30_99,10_49,pa,0,,0,0,0,0,0,0,0,0,0,0,NO_DATA
30,SUPPORT__GBT,30_99,10_49,als_mae,0,,0,0,0,0,0,0,0,0,0,0,NO_DATA
30,SUPPORT__GBT,30_99,10_49,als_order,0,,0,0,0,0,0,0,0,0,0,0,NO_DATA
30,SUPPORT__GBT,30_99,50_PLUS,mse,16,0.8071942398418557,16,16,48,48,40,40,112,112,139,139,DESCRIPTIVE_SMALL_N
30,SUPPORT__GBT,30_99,50_PLUS,pa,8,0.6822554697554697,16,8,48,40,40,37,112,112,139,139,DESCRIPTIVE_SMALL_N
30,SUPPORT__GBT,30_99,50_PLUS,als_mae,16,0.37849356222719427,16,16,48,48,40,40,112,112,139,139,DESCRIPTIVE_SMALL_N
30,SUPPORT__GBT,30_99,50_PLUS,als_order,8,0.6709020146520146,16,8,48,40,40,37,112,112,139,139,DESCRIPTIVE_SMALL_N
30,SUPPORT__GBT,100_299,1_9,mse,5,1.404915427046066,5,5,6,6,6,6,0,0,1,1,DESCRIPTIVE_SMALL_N
30,SUPPORT__GBT,100_299,1_9,pa,0,,5,0,6,0,6,0,0,0,1,0,NO_DATA
30,SUPPORT__GBT,100_299,1_9,als_mae,5,0.7254043680758377,5,5,6,6,6,6,0,0,1,1,DESCRIPTIVE_SMALL_N
30,SUPPORT__GBT,100_299,1_9,als_order,1,0.0,5,1,6,2,6,2,0,0,1,1,DESCRIPTIVE_SMALL_N
30,SUPPORT__GBT,100_299,10_49,mse,6,0.5220173874657305,6,6,6,6,6,6,0,0,0,0,DESCRIPTIVE_SMALL_N
30,SUPPORT__GBT,100_299,10_49,pa,0,,6,0,6,0,6,0,0,0,0,0,NO_DATA
30,SUPPORT__GBT,100_299,10_49,als_mae,6,0.35636532958140527,6,6,6,6,6,6,0,0,0,0,DESCRIPTIVE_SMALL_N
30,SUPPORT__GBT,100_299,10_49,als_order,0,,6,0,6,0,6,0,0,0,0,0,NO_DATA
30,SUPPORT__GBT,100_299,50_PLUS,mse,24,0.6423832938545986,24,24,73,73,64,64,266,266,342,342,DESCRIPTIVE_SMALL_N
30,SUPPORT__GBT,100_299,50_PLUS,pa,10,0.6023756218905472,24,10,73,57,64,51,266,266,342,340,DESCRIPTIVE_SMALL_N
30,SUPPORT__GBT,100_299,50_PLUS,als_mae,24,0.3153526393155091,24,24,73,73,64,64,266,266,342,342,DESCRIPTIVE_SMALL_N
30,SUPPORT__GBT,100_299,50_PLUS,als_order,12,0.5566448801742919,24,12,73,61,64,55,266,266,342,342,DESCRIPTIVE_SMALL_N
30,SUPPORT__GBT,300_PLUS,1_9,mse,25,0.6997284399568907,25,25,55,55,49,49,125,125,153,153,DESCRIPTIVE_SMALL_N
30,SUPPORT__GBT,300_PLUS,1_9,pa,8,0.5206101190476191,25,8,55,38,49,37,125,125,153,153,DESCRIPTIVE_SMALL_N
30,SUPPORT__GBT,300_PLUS,1_9,als_mae,25,0.4547419679953063,25,25,55,55,49,49,125,125,153,153,DESCRIPTIVE_SMALL_N
30,SUPPORT__GBT,300_PLUS,1_9,als_order,8,0.6088980463980465,25,8,55,38,49,37,125,125,153,153,DESCRIPTIVE_SMALL_N
30,SUPPORT__GBT,300_PLUS,10_49,mse,29,0.717532428507701,29,29,46,46,37,37,23,23,30,30,DESCRIPTIVE_SMALL_N
30,SUPPORT__GBT,300_PLUS,10_49,pa,7,0.55,29,7,46,22,37,20,23,23,30,28,DESCRIPTIVE_SMALL_N
30,SUPPORT__GBT,300_PLUS,10_49,als_mae,29,0.24378157754607918,29,29,46,46,37,37,23,23,30,30,DESCRIPTIVE_SMALL_N
30,SUPPORT__GBT,300_PLUS,10_49,als_order,9,0.4592592592592592,29,9,46,26,37,24,23,23,30,30,DESCRIPTIVE_SMALL_N
30,SUPPORT__GBT,300_PLUS,50_PLUS,mse,65,0.803305728516945,65,65,216,216,159,159,442,442,599,599,DESCRIPTIVE
30,SUPPORT__GBT,300_PLUS,50_PLUS,pa,33,0.5703002450205824,65,33,216,174,159,140,442,442,599,585,DESCRIPTIVE
30,SUPPORT__GBT,300_PLUS,50_PLUS,als_mae,65,0.3514392109792224,65,65,216,216,159,159,442,442,599,599,DESCRIPTIVE
30,SUPPORT__GBT,300_PLUS,50_PLUS,als_order,40,0.7418335137085137,65,40,216,191,159,150,442,442,599,599,DESCRIPTIVE
30,SUPPORT__FM,0,1_9,mse,0,,0,0,0,0,0,0,0,0,0,0,NO_DATA
30,SUPPORT__FM,0,1_9,pa,0,,0,0,0,0,0,0,0,0,0,0,NO_DATA
30,SUPPORT__FM,0,1_9,als_mae,0,,0,0,0,0,0,0,0,0,0,0,NO_DATA
30,SUPPORT__FM,0,1_9,als_order,0,,0,0,0,0,0,0,0,0,0,0,NO_DATA
30,SUPPORT__FM,0,10_49,mse,0,,0,0,0,0,0,0,0,0,0,0,NO_DATA
30,SUPPORT__FM,0,10_49,pa,0,,0,0,0,0,0,0,0,0,0,0,NO_DATA
30,SUPPORT__FM,0,10_49,als_mae,0,,0,0,0,0,0,0,0,0,0,0,NO_DATA
30,SUPPORT__FM,0,10_49,als_order,0,,0,0,0,0,0,0,0,0,0,0,NO_DATA
30,SUPPORT__FM,0,50_PLUS,mse,0,,0,0,0,0,0,0,0,0,0,0,NO_DATA
30,SUPPORT__FM,0,50_PLUS,pa,0,,0,0,0,0,0,0,0,0,0,0,NO_DATA
30,SUPPORT__FM,0,50_PLUS,als_mae,0,,0,0,0,0,0,0,0,0,0,0,NO_DATA
30,SUPPORT__FM,0,50_PLUS,als_order,0,,0,0,0,0,0,0,0,0,0,0,NO_DATA
30,SUPPORT__FM,1_9,1_9,mse,0,,0,0,0,0,0,0,0,0,0,0,NO_DATA
30,SUPPORT__FM,1_9,1_9,pa,0,,0,0,0,0,0,0,0,0,0,0,NO_DATA
30,SUPPORT__FM,1_9,1_9,als_mae,0,,0,0,0,0,0,0,0,0,0,0,NO_DATA
30,SUPPORT__FM,1_9,1_9,als_order,0,,0,0,0,0,0,0,0,0,0,0,NO_DATA
30,SUPPORT__FM,1_9,10_49,mse,0,,0,0,0,0,0,0,0,0,0,0,NO_DATA
30,SUPPORT__FM,1_9,10_49,pa,0,,0,0,0,0,0,0,0,0,0,0,NO_DATA
30,SUPPORT__FM,1_9,10_49,als_mae,0,,0,0,0,0,0,0,0,0,0,0,NO_DATA
30,SUPPORT__FM,1_9,10_49,als_order,0,,0,0,0,0,0,0,0,0,0,0,NO_DATA
30,SUPPORT__FM,1_9,50_PLUS,mse,0,,0,0,0,0,0,0,0,0,0,0,NO_DATA
30,SUPPORT__FM,1_9,50_PLUS,pa,0,,0,0,0,0,0,0,0,0,0,0,NO_DATA
30,SUPPORT__FM,1_9,50_PLUS,als_mae,0,,0,0,0,0,0,0,0,0,0,0,NO_DATA
30,SUPPORT__FM,1_9,50_PLUS,als_order,0,,0,0,0,0,0,0,0,0,0,0,NO_DATA
30,SUPPORT__FM,10_29,1_9,mse,0,,0,0,0,0,0,0,0,0,0,0,NO_DATA
30,SUPPORT__FM,10_29,1_9,pa,0,,0,0,0,0,0,0,0,0,0,0,NO_DATA
30,SUPPORT__FM,10_29,1_9,als_mae,0,,0,0,0,0,0,0,0,0,0,0,NO_DATA
30,SUPPORT__FM,10_29,1_9,als_order,0,,0,0,0,0,0,0,0,0,0,0,NO_DATA
30,SUPPORT__FM,10_29,10_49,mse,0,,0,0,0,0,0,0,0,0,0,0,NO_DATA
30,SUPPORT__FM,10_29,10_49,pa,0,,0,0,0,0,0,0,0,0,0,0,NO_DATA
30,SUPPORT__FM,10_29,10_49,als_mae,0,,0,0,0,0,0,0,0,0,0,0,NO_DATA
30,SUPPORT__FM,10_29,10_49,als_order,0,,0,0,0,0,0,0,0,0,0,0,NO_DATA
30,SUPPORT__FM,10_29,50_PLUS,mse,0,,0,0,0,0,0,0,0,0,0,0,NO_DATA
30,SUPPORT__FM,10_29,50_PLUS,pa,0,,0,0,0,0,0,0,0,0,0,0,NO_DATA
30,SUPPORT__FM,10_29,50_PLUS,als_mae,0,,0,0,0,0,0,0,0,0,0,0,NO_DATA
30,SUPPORT__FM,10_29,50_PLUS,als_order,0,,0,0,0,0,0,0,0,0,0,0,NO_DATA
30,SUPPORT__FM,30_99,1_9,mse,0,,0,0,0,0,0,0,0,0,0,0,NO_DATA
30,SUPPORT__FM,30_99,1_9,pa,0,,0,0,0,0,0,0,0,0,0,0,NO_DATA
30,SUPPORT__FM,30_99,1_9,als_mae,0,,0,0,0,0,0,0,0,0,0,0,NO_DATA
30,SUPPORT__FM,30_99,1_9,als_order,0,,0,0,0,0,0,0,0,0,0,0,NO_DATA
30,SUPPORT__FM,30_99,10_49,mse,0,,0,0,0,0,0,0,0,0,0,0,NO_DATA
30,SUPPORT__FM,30_99,10_49,pa,0,,0,0,0,0,0,0,0,0,0,0,NO_DATA
30,SUPPORT__FM,30_99,10_49,als_mae,0,,0,0,0,0,0,0,0,0,0,0,NO_DATA
30,SUPPORT__FM,30_99,10_49,als_order,0,,0,0,0,0,0,0,0,0,0,0,NO_DATA
30,SUPPORT__FM,30_99,50_PLUS,mse,16,0.810940730556451,16,16,48,48,40,40,112,112,139,139,DESCRIPTIVE_SMALL_N
30,SUPPORT__FM,30_99,50_PLUS,pa,8,0.7174871299871299,16,8,48,40,40,37,112,112,139,139,DESCRIPTIVE_SMALL_N
30,SUPPORT__FM,30_99,50_PLUS,als_mae,16,0.34731598453167944,16,16,48,48,40,40,112,112,139,139,DESCRIPTIVE_SMALL_N
30,SUPPORT__FM,30_99,50_PLUS,als_order,8,0.6944826007326007,16,8,48,40,40,37,112,112,139,139,DESCRIPTIVE_SMALL_N
30,SUPPORT__FM,100_299,1_9,mse,5,1.0951843270072499,5,5,6,6,6,6,0,0,1,1,DESCRIPTIVE_SMALL_N
30,SUPPORT__FM,100_299,1_9,pa,0,,5,0,6,0,6,0,0,0,1,0,NO_DATA
30,SUPPORT__FM,100_299,1_9,als_mae,5,0.6557987035614475,5,5,6,6,6,6,0,0,1,1,DESCRIPTIVE_SMALL_N
30,SUPPORT__FM,100_299,1_9,als_order,1,0.0,5,1,6,2,6,2,0,0,1,1,DESCRIPTIVE_SMALL_N
30,SUPPORT__FM,100_299,10_49,mse,6,0.49546930920752946,6,6,6,6,6,6,0,0,0,0,DESCRIPTIVE_SMALL_N
30,SUPPORT__FM,100_299,10_49,pa,0,,6,0,6,0,6,0,0,0,0,0,NO_DATA
30,SUPPORT__FM,100_299,10_49,als_mae,6,0.31967097922435506,6,6,6,6,6,6,0,0,0,0,DESCRIPTIVE_SMALL_N
30,SUPPORT__FM,100_299,10_49,als_order,0,,6,0,6,0,6,0,0,0,0,0,NO_DATA
30,SUPPORT__FM,100_299,50_PLUS,mse,24,0.6468451294177773,24,24,73,73,64,64,266,266,342,342,DESCRIPTIVE_SMALL_N
30,SUPPORT__FM,100_299,50_PLUS,pa,10,0.6231716417910448,24,10,73,57,64,51,266,266,342,340,DESCRIPTIVE_SMALL_N
30,SUPPORT__FM,100_299,50_PLUS,als_mae,24,0.30353194631644287,24,24,73,73,64,64,266,266,342,342,DESCRIPTIVE_SMALL_N
30,SUPPORT__FM,100_299,50_PLUS,als_order,12,0.6695619768375186,24,12,73,61,64,55,266,266,342,342,DESCRIPTIVE_SMALL_N
30,SUPPORT__FM,300_PLUS,1_9,mse,25,0.8173545372282792,25,25,55,55,49,49,125,125,153,153,DESCRIPTIVE_SMALL_N
30,SUPPORT__FM,300_PLUS,1_9,pa,8,0.525967261904762,25,8,55,38,49,37,125,125,153,153,DESCRIPTIVE_SMALL_N
30,SUPPORT__FM,300_PLUS,1_9,als_mae,25,0.4696817790573685,25,25,55,55,49,49,125,125,153,153,DESCRIPTIVE_SMALL_N
30,SUPPORT__FM,300_PLUS,1_9,als_order,8,0.5788054538054538,25,8,55,38,49,37,125,125,153,153,DESCRIPTIVE_SMALL_N
30,SUPPORT__FM,300_PLUS,10_49,mse,29,0.8511323404328978,29,29,46,46,37,37,23,23,30,30,DESCRIPTIVE_SMALL_N
30,SUPPORT__FM,300_PLUS,10_49,pa,7,0.7321428571428571,29,7,46,22,37,20,23,23,30,28,DESCRIPTIVE_SMALL_N
30,SUPPORT__FM,300_PLUS,10_49,als_mae,29,0.3226955897681866,29,29,46,46,37,37,23,23,30,30,DESCRIPTIVE_SMALL_N
30,SUPPORT__FM,300_PLUS,10_49,als_order,9,0.6111111111111112,29,9,46,26,37,24,23,23,30,30,DESCRIPTIVE_SMALL_N
30,SUPPORT__FM,300_PLUS,50_PLUS,mse,65,0.7493575231655429,65,65,216,216,159,159,442,442,599,599,DESCRIPTIVE
30,SUPPORT__FM,300_PLUS,50_PLUS,pa,33,0.5755283156438484,65,33,216,174,159,140,442,442,599,585,DESCRIPTIVE
30,SUPPORT__FM,300_PLUS,50_PLUS,als_mae,65,0.3438224597818575,65,65,216,216,159,159,442,442,599,599,DESCRIPTIVE
30,SUPPORT__FM,300_PLUS,50_PLUS,als_order,40,0.7002660533910534,65,40,216,191,159,150,442,442,599,599,DESCRIPTIVE
30,CROWD_ITEM__RIDGE,0,1_9,mse,0,,0,0,0,0,0,0,0,0,0,0,NO_DATA
30,CROWD_ITEM__RIDGE,0,1_9,pa,0,,0,0,0,0,0,0,0,0,0,0,NO_DATA
30,CROWD_ITEM__RIDGE,0,1_9,als_mae,0,,0,0,0,0,0,0,0,0,0,0,NO_DATA
30,CROWD_ITEM__RIDGE,0,1_9,als_order,0,,0,0,0,0,0,0,0,0,0,0,NO_DATA
30,CROWD_ITEM__RIDGE,0,10_49,mse,0,,0,0,0,0,0,0,0,0,0,0,NO_DATA
30,CROWD_ITEM__RIDGE,0,10_49,pa,0,,0,0,0,0,0,0,0,0,0,0,NO_DATA
30,CROWD_ITEM__RIDGE,0,10_49,als_mae,0,,0,0,0,0,0,0,0,0,0,0,NO_DATA
30,CROWD_ITEM__RIDGE,0,10_49,als_order,0,,0,0,0,0,0,0,0,0,0,0,NO_DATA
30,CROWD_ITEM__RIDGE,0,50_PLUS,mse,0,,0,0,0,0,0,0,0,0,0,0,NO_DATA
30,CROWD_ITEM__RIDGE,0,50_PLUS,pa,0,,0,0,0,0,0,0,0,0,0,0,NO_DATA
30,CROWD_ITEM__RIDGE,0,50_PLUS,als_mae,0,,0,0,0,0,0,0,0,0,0,0,NO_DATA
30,CROWD_ITEM__RIDGE,0,50_PLUS,als_order,0,,0,0,0,0,0,0,0,0,0,0,NO_DATA
30,CROWD_ITEM__RIDGE,1_9,1_9,mse,0,,0,0,0,0,0,0,0,0,0,0,NO_DATA
30,CROWD_ITEM__RIDGE,1_9,1_9,pa,0,,0,0,0,0,0,0,0,0,0,0,NO_DATA
30,CROWD_ITEM__RIDGE,1_9,1_9,als_mae,0,,0,0,0,0,0,0,0,0,0,0,NO_DATA
30,CROWD_ITEM__RIDGE,1_9,1_9,als_order,0,,0,0,0,0,0,0,0,0,0,0,NO_DATA
30,CROWD_ITEM__RIDGE,1_9,10_49,mse,0,,0,0,0,0,0,0,0,0,0,0,NO_DATA
30,CROWD_ITEM__RIDGE,1_9,10_49,pa,0,,0,0,0,0,0,0,0,0,0,0,NO_DATA
30,CROWD_ITEM__RIDGE,1_9,10_49,als_mae,0,,0,0,0,0,0,0,0,0,0,0,NO_DATA
30,CROWD_ITEM__RIDGE,1_9,10_49,als_order,0,,0,0,0,0,0,0,0,0,0,0,NO_DATA
30,CROWD_ITEM__RIDGE,1_9,50_PLUS,mse,0,,0,0,0,0,0,0,0,0,0,0,NO_DATA
30,CROWD_ITEM__RIDGE,1_9,50_PLUS,pa,0,,0,0,0,0,0,0,0,0,0,0,NO_DATA
30,CROWD_ITEM__RIDGE,1_9,50_PLUS,als_mae,0,,0,0,0,0,0,0,0,0,0,0,NO_DATA
30,CROWD_ITEM__RIDGE,1_9,50_PLUS,als_order,0,,0,0,0,0,0,0,0,0,0,0,NO_DATA
30,CROWD_ITEM__RIDGE,10_29,1_9,mse,0,,0,0,0,0,0,0,0,0,0,0,NO_DATA
30,CROWD_ITEM__RIDGE,10_29,1_9,pa,0,,0,0,0,0,0,0,0,0,0,0,NO_DATA
30,CROWD_ITEM__RIDGE,10_29,1_9,als_mae,0,,0,0,0,0,0,0,0,0,0,0,NO_DATA
30,CROWD_ITEM__RIDGE,10_29,1_9,als_order,0,,0,0,0,0,0,0,0,0,0,0,NO_DATA
30,CROWD_ITEM__RIDGE,10_29,10_49,mse,0,,0,0,0,0,0,0,0,0,0,0,NO_DATA
30,CROWD_ITEM__RIDGE,10_29,10_49,pa,0,,0,0,0,0,0,0,0,0,0,0,NO_DATA
30,CROWD_ITEM__RIDGE,10_29,10_49,als_mae,0,,0,0,0,0,0,0,0,0,0,0,NO_DATA
30,CROWD_ITEM__RIDGE,10_29,10_49,als_order,0,,0,0,0,0,0,0,0,0,0,0,NO_DATA
30,CROWD_ITEM__RIDGE,10_29,50_PLUS,mse,0,,0,0,0,0,0,0,0,0,0,0,NO_DATA
30,CROWD_ITEM__RIDGE,10_29,50_PLUS,pa,0,,0,0,0,0,0,0,0,0,0,0,NO_DATA
30,CROWD_ITEM__RIDGE,10_29,50_PLUS,als_mae,0,,0,0,0,0,0,0,0,0,0,0,NO_DATA
30,CROWD_ITEM__RIDGE,10_29,50_PLUS,als_order,0,,0,0,0,0,0,0,0,0,0,0,NO_DATA
30,CROWD_ITEM__RIDGE,30_99,1_9,mse,0,,0,0,0,0,0,0,0,0,0,0,NO_DATA
30,CROWD_ITEM__RIDGE,30_99,1_9,pa,0,,0,0,0,0,0,0,0,0,0,0,NO_DATA
30,CROWD_ITEM__RIDGE,30_99,1_9,als_mae,0,,0,0,0,0,0,0,0,0,0,0,NO_DATA
30,CROWD_ITEM__RIDGE,30_99,1_9,als_order,0,,0,0,0,0,0,0,0,0,0,0,NO_DATA
30,CROWD_ITEM__RIDGE,30_99,10_49,mse,0,,0,0,0,0,0,0,0,0,0,0,NO_DATA
30,CROWD_ITEM__RIDGE,30_99,10_49,pa,0,,0,0,0,0,0,0,0,0,0,0,NO_DATA
30,CROWD_ITEM__RIDGE,30_99,10_49,als_mae,0,,0,0,0,0,0,0,0,0,0,0,NO_DATA
30,CROWD_ITEM__RIDGE,30_99,10_49,als_order,0,,0,0,0,0,0,0,0,0,0,0,NO_DATA
30,CROWD_ITEM__RIDGE,30_99,50_PLUS,mse,16,0.949318205873197,16,16,48,48,40,40,112,112,139,139,DESCRIPTIVE_SMALL_N
30,CROWD_ITEM__RIDGE,30_99,50_PLUS,pa,8,0.7166023166023165,16,8,48,40,40,37,112,112,139,139,DESCRIPTIVE_SMALL_N
30,CROWD_ITEM__RIDGE,30_99,50_PLUS,als_mae,16,0.3648716949863925,16,16,48,48,40,40,112,112,139,139,DESCRIPTIVE_SMALL_N
30,CROWD_ITEM__RIDGE,30_99,50_PLUS,als_order,8,0.8491300366300366,16,8,48,40,40,37,112,112,139,139,DESCRIPTIVE_SMALL_N
30,CROWD_ITEM__RIDGE,100_299,1_9,mse,5,1.1308285673025984,5,5,6,6,6,6,0,0,1,1,DESCRIPTIVE_SMALL_N
30,CROWD_ITEM__RIDGE,100_299,1_9,pa,0,,5,0,6,0,6,0,0,0,1,0,NO_DATA
30,CROWD_ITEM__RIDGE,100_299,1_9,als_mae,5,0.5201166316458223,5,5,6,6,6,6,0,0,1,1,DESCRIPTIVE_SMALL_N
30,CROWD_ITEM__RIDGE,100_299,1_9,als_order,1,1.0,5,1,6,2,6,2,0,0,1,1,DESCRIPTIVE_SMALL_N
30,CROWD_ITEM__RIDGE,100_299,10_49,mse,6,0.6585953957049827,6,6,6,6,6,6,0,0,0,0,DESCRIPTIVE_SMALL_N
30,CROWD_ITEM__RIDGE,100_299,10_49,pa,0,,6,0,6,0,6,0,0,0,0,0,NO_DATA
30,CROWD_ITEM__RIDGE,100_299,10_49,als_mae,6,0.4144070540771703,6,6,6,6,6,6,0,0,0,0,DESCRIPTIVE_SMALL_N
30,CROWD_ITEM__RIDGE,100_299,10_49,als_order,0,,6,0,6,0,6,0,0,0,0,0,NO_DATA
30,CROWD_ITEM__RIDGE,100_299,50_PLUS,mse,24,0.6506180068487648,24,24,73,73,64,64,266,266,342,342,DESCRIPTIVE_SMALL_N
30,CROWD_ITEM__RIDGE,100_299,50_PLUS,pa,10,0.4659701492537313,24,10,73,57,64,51,266,266,342,340,DESCRIPTIVE_SMALL_N
30,CROWD_ITEM__RIDGE,100_299,50_PLUS,als_mae,24,0.2928253063121374,24,24,73,73,64,64,266,266,342,342,DESCRIPTIVE_SMALL_N
30,CROWD_ITEM__RIDGE,100_299,50_PLUS,als_order,12,0.6746646026831785,24,12,73,61,64,55,266,266,342,342,DESCRIPTIVE_SMALL_N
30,CROWD_ITEM__RIDGE,300_PLUS,1_9,mse,25,0.7159597285461038,25,25,55,55,49,49,125,125,153,153,DESCRIPTIVE_SMALL_N
30,CROWD_ITEM__RIDGE,300_PLUS,1_9,pa,8,0.621875,25,8,55,38,49,37,125,125,153,153,DESCRIPTIVE_SMALL_N
30,CROWD_ITEM__RIDGE,300_PLUS,1_9,als_mae,25,0.4851814493460006,25,25,55,55,49,49,125,125,153,153,DESCRIPTIVE_SMALL_N
30,CROWD_ITEM__RIDGE,300_PLUS,1_9,als_order,8,0.5176790801790803,25,8,55,38,49,37,125,125,153,153,DESCRIPTIVE_SMALL_N
30,CROWD_ITEM__RIDGE,300_PLUS,10_49,mse,29,0.8994633996638197,29,29,46,46,37,37,23,23,30,30,DESCRIPTIVE_SMALL_N
30,CROWD_ITEM__RIDGE,300_PLUS,10_49,pa,7,0.6857142857142858,29,7,46,22,37,20,23,23,30,28,DESCRIPTIVE_SMALL_N
30,CROWD_ITEM__RIDGE,300_PLUS,10_49,als_mae,29,0.3472076702168254,29,29,46,46,37,37,23,23,30,30,DESCRIPTIVE_SMALL_N
30,CROWD_ITEM__RIDGE,300_PLUS,10_49,als_order,9,0.5666666666666667,29,9,46,26,37,24,23,23,30,30,DESCRIPTIVE_SMALL_N
30,CROWD_ITEM__RIDGE,300_PLUS,50_PLUS,mse,65,0.8512253737823129,65,65,216,216,159,159,442,442,599,599,DESCRIPTIVE
30,CROWD_ITEM__RIDGE,300_PLUS,50_PLUS,pa,33,0.5957620603411911,65,33,216,174,159,140,442,442,599,585,DESCRIPTIVE
30,CROWD_ITEM__RIDGE,300_PLUS,50_PLUS,als_mae,65,0.41911596498739423,65,65,216,216,159,159,442,442,599,599,DESCRIPTIVE
30,CROWD_ITEM__RIDGE,300_PLUS,50_PLUS,als_order,40,0.6702389971139971,65,40,216,191,159,150,442,442,599,599,DESCRIPTIVE
30,CROWD_ITEM__GBT,0,1_9,mse,0,,0,0,0,0,0,0,0,0,0,0,NO_DATA
30,CROWD_ITEM__GBT,0,1_9,pa,0,,0,0,0,0,0,0,0,0,0,0,NO_DATA
30,CROWD_ITEM__GBT,0,1_9,als_mae,0,,0,0,0,0,0,0,0,0,0,0,NO_DATA
30,CROWD_ITEM__GBT,0,1_9,als_order,0,,0,0,0,0,0,0,0,0,0,0,NO_DATA
30,CROWD_ITEM__GBT,0,10_49,mse,0,,0,0,0,0,0,0,0,0,0,0,NO_DATA
30,CROWD_ITEM__GBT,0,10_49,pa,0,,0,0,0,0,0,0,0,0,0,0,NO_DATA
30,CROWD_ITEM__GBT,0,10_49,als_mae,0,,0,0,0,0,0,0,0,0,0,0,NO_DATA
30,CROWD_ITEM__GBT,0,10_49,als_order,0,,0,0,0,0,0,0,0,0,0,0,NO_DATA
30,CROWD_ITEM__GBT,0,50_PLUS,mse,0,,0,0,0,0,0,0,0,0,0,0,NO_DATA
30,CROWD_ITEM__GBT,0,50_PLUS,pa,0,,0,0,0,0,0,0,0,0,0,0,NO_DATA
30,CROWD_ITEM__GBT,0,50_PLUS,als_mae,0,,0,0,0,0,0,0,0,0,0,0,NO_DATA
30,CROWD_ITEM__GBT,0,50_PLUS,als_order,0,,0,0,0,0,0,0,0,0,0,0,NO_DATA
30,CROWD_ITEM__GBT,1_9,1_9,mse,0,,0,0,0,0,0,0,0,0,0,0,NO_DATA
30,CROWD_ITEM__GBT,1_9,1_9,pa,0,,0,0,0,0,0,0,0,0,0,0,NO_DATA
30,CROWD_ITEM__GBT,1_9,1_9,als_mae,0,,0,0,0,0,0,0,0,0,0,0,NO_DATA
30,CROWD_ITEM__GBT,1_9,1_9,als_order,0,,0,0,0,0,0,0,0,0,0,0,NO_DATA
30,CROWD_ITEM__GBT,1_9,10_49,mse,0,,0,0,0,0,0,0,0,0,0,0,NO_DATA
30,CROWD_ITEM__GBT,1_9,10_49,pa,0,,0,0,0,0,0,0,0,0,0,0,NO_DATA
30,CROWD_ITEM__GBT,1_9,10_49,als_mae,0,,0,0,0,0,0,0,0,0,0,0,NO_DATA
30,CROWD_ITEM__GBT,1_9,10_49,als_order,0,,0,0,0,0,0,0,0,0,0,0,NO_DATA
30,CROWD_ITEM__GBT,1_9,50_PLUS,mse,0,,0,0,0,0,0,0,0,0,0,0,NO_DATA
30,CROWD_ITEM__GBT,1_9,50_PLUS,pa,0,,0,0,0,0,0,0,0,0,0,0,NO_DATA
30,CROWD_ITEM__GBT,1_9,50_PLUS,als_mae,0,,0,0,0,0,0,0,0,0,0,0,NO_DATA
30,CROWD_ITEM__GBT,1_9,50_PLUS,als_order,0,,0,0,0,0,0,0,0,0,0,0,NO_DATA
30,CROWD_ITEM__GBT,10_29,1_9,mse,0,,0,0,0,0,0,0,0,0,0,0,NO_DATA
30,CROWD_ITEM__GBT,10_29,1_9,pa,0,,0,0,0,0,0,0,0,0,0,0,NO_DATA
30,CROWD_ITEM__GBT,10_29,1_9,als_mae,0,,0,0,0,0,0,0,0,0,0,0,NO_DATA
30,CROWD_ITEM__GBT,10_29,1_9,als_order,0,,0,0,0,0,0,0,0,0,0,0,NO_DATA
30,CROWD_ITEM__GBT,10_29,10_49,mse,0,,0,0,0,0,0,0,0,0,0,0,NO_DATA
30,CROWD_ITEM__GBT,10_29,10_49,pa,0,,0,0,0,0,0,0,0,0,0,0,NO_DATA
30,CROWD_ITEM__GBT,10_29,10_49,als_mae,0,,0,0,0,0,0,0,0,0,0,0,NO_DATA
30,CROWD_ITEM__GBT,10_29,10_49,als_order,0,,0,0,0,0,0,0,0,0,0,0,NO_DATA
30,CROWD_ITEM__GBT,10_29,50_PLUS,mse,0,,0,0,0,0,0,0,0,0,0,0,NO_DATA
30,CROWD_ITEM__GBT,10_29,50_PLUS,pa,0,,0,0,0,0,0,0,0,0,0,0,NO_DATA
30,CROWD_ITEM__GBT,10_29,50_PLUS,als_mae,0,,0,0,0,0,0,0,0,0,0,0,NO_DATA
30,CROWD_ITEM__GBT,10_29,50_PLUS,als_order,0,,0,0,0,0,0,0,0,0,0,0,NO_DATA
30,CROWD_ITEM__GBT,30_99,1_9,mse,0,,0,0,0,0,0,0,0,0,0,0,NO_DATA
30,CROWD_ITEM__GBT,30_99,1_9,pa,0,,0,0,0,0,0,0,0,0,0,0,NO_DATA
30,CROWD_ITEM__GBT,30_99,1_9,als_mae,0,,0,0,0,0,0,0,0,0,0,0,NO_DATA
30,CROWD_ITEM__GBT,30_99,1_9,als_order,0,,0,0,0,0,0,0,0,0,0,0,NO_DATA
30,CROWD_ITEM__GBT,30_99,10_49,mse,0,,0,0,0,0,0,0,0,0,0,0,NO_DATA
30,CROWD_ITEM__GBT,30_99,10_49,pa,0,,0,0,0,0,0,0,0,0,0,0,NO_DATA
30,CROWD_ITEM__GBT,30_99,10_49,als_mae,0,,0,0,0,0,0,0,0,0,0,0,NO_DATA
30,CROWD_ITEM__GBT,30_99,10_49,als_order,0,,0,0,0,0,0,0,0,0,0,0,NO_DATA
30,CROWD_ITEM__GBT,30_99,50_PLUS,mse,16,0.8587475291952098,16,16,48,48,40,40,112,112,139,139,DESCRIPTIVE_SMALL_N
30,CROWD_ITEM__GBT,30_99,50_PLUS,pa,8,0.6812741312741313,16,8,48,40,40,37,112,112,139,139,DESCRIPTIVE_SMALL_N
30,CROWD_ITEM__GBT,30_99,50_PLUS,als_mae,16,0.26099975914662,16,16,48,48,40,40,112,112,139,139,DESCRIPTIVE_SMALL_N
30,CROWD_ITEM__GBT,30_99,50_PLUS,als_order,8,0.8001373626373626,16,8,48,40,40,37,112,112,139,139,DESCRIPTIVE_SMALL_N
30,CROWD_ITEM__GBT,100_299,1_9,mse,5,1.1124197249462604,5,5,6,6,6,6,0,0,1,1,DESCRIPTIVE_SMALL_N
30,CROWD_ITEM__GBT,100_299,1_9,pa,0,,5,0,6,0,6,0,0,0,1,0,NO_DATA
30,CROWD_ITEM__GBT,100_299,1_9,als_mae,5,0.47764571259002625,5,5,6,6,6,6,0,0,1,1,DESCRIPTIVE_SMALL_N
30,CROWD_ITEM__GBT,100_299,1_9,als_order,1,1.0,5,1,6,2,6,2,0,0,1,1,DESCRIPTIVE_SMALL_N
30,CROWD_ITEM__GBT,100_299,10_49,mse,6,0.7432803399178955,6,6,6,6,6,6,0,0,0,0,DESCRIPTIVE_SMALL_N
30,CROWD_ITEM__GBT,100_299,10_49,pa,0,,6,0,6,0,6,0,0,0,0,0,NO_DATA
30,CROWD_ITEM__GBT,100_299,10_49,als_mae,6,0.2718038254740456,6,6,6,6,6,6,0,0,0,0,DESCRIPTIVE_SMALL_N
30,CROWD_ITEM__GBT,100_299,10_49,als_order,0,,6,0,6,0,6,0,0,0,0,0,NO_DATA
30,CROWD_ITEM__GBT,100_299,50_PLUS,mse,24,0.5573943181881326,24,24,73,73,64,64,266,266,342,342,DESCRIPTIVE_SMALL_N
30,CROWD_ITEM__GBT,100_299,50_PLUS,pa,10,0.5761069651741294,24,10,73,57,64,51,266,266,342,340,DESCRIPTIVE_SMALL_N
30,CROWD_ITEM__GBT,100_299,50_PLUS,als_mae,24,0.2970563506317789,24,24,73,73,64,64,266,266,342,342,DESCRIPTIVE_SMALL_N
30,CROWD_ITEM__GBT,100_299,50_PLUS,als_order,12,0.7109563123495013,24,12,73,61,64,55,266,266,342,342,DESCRIPTIVE_SMALL_N
30,CROWD_ITEM__GBT,300_PLUS,1_9,mse,25,0.744633782441063,25,25,55,55,49,49,125,125,153,153,DESCRIPTIVE_SMALL_N
30,CROWD_ITEM__GBT,300_PLUS,1_9,pa,8,0.4050595238095238,25,8,55,38,49,37,125,125,153,153,DESCRIPTIVE_SMALL_N
30,CROWD_ITEM__GBT,300_PLUS,1_9,als_mae,25,0.4006074199271054,25,25,55,55,49,49,125,125,153,153,DESCRIPTIVE_SMALL_N
30,CROWD_ITEM__GBT,300_PLUS,1_9,als_order,8,0.5512311762311762,25,8,55,38,49,37,125,125,153,153,DESCRIPTIVE_SMALL_N
30,CROWD_ITEM__GBT,300_PLUS,10_49,mse,29,0.8069146083292517,29,29,46,46,37,37,23,23,30,30,DESCRIPTIVE_SMALL_N
30,CROWD_ITEM__GBT,300_PLUS,10_49,pa,7,0.55,29,7,46,22,37,20,23,23,30,28,DESCRIPTIVE_SMALL_N
30,CROWD_ITEM__GBT,300_PLUS,10_49,als_mae,29,0.24520514019021236,29,29,46,46,37,37,23,23,30,30,DESCRIPTIVE_SMALL_N
30,CROWD_ITEM__GBT,300_PLUS,10_49,als_order,9,0.46666666666666656,29,9,46,26,37,24,23,23,30,30,DESCRIPTIVE_SMALL_N
30,CROWD_ITEM__GBT,300_PLUS,50_PLUS,mse,65,0.7486507568027931,65,65,216,216,159,159,442,442,599,599,DESCRIPTIVE
30,CROWD_ITEM__GBT,300_PLUS,50_PLUS,pa,33,0.6970589535370391,65,33,216,174,159,140,442,442,599,585,DESCRIPTIVE
30,CROWD_ITEM__GBT,300_PLUS,50_PLUS,als_mae,65,0.34290393730275565,65,65,216,216,159,159,442,442,599,599,DESCRIPTIVE
30,CROWD_ITEM__GBT,300_PLUS,50_PLUS,als_order,40,0.6977281746031746,65,40,216,191,159,150,442,442,599,599,DESCRIPTIVE
30,CROWD_ITEM__FM,0,1_9,mse,0,,0,0,0,0,0,0,0,0,0,0,NO_DATA
30,CROWD_ITEM__FM,0,1_9,pa,0,,0,0,0,0,0,0,0,0,0,0,NO_DATA
30,CROWD_ITEM__FM,0,1_9,als_mae,0,,0,0,0,0,0,0,0,0,0,0,NO_DATA
30,CROWD_ITEM__FM,0,1_9,als_order,0,,0,0,0,0,0,0,0,0,0,0,NO_DATA
30,CROWD_ITEM__FM,0,10_49,mse,0,,0,0,0,0,0,0,0,0,0,0,NO_DATA
30,CROWD_ITEM__FM,0,10_49,pa,0,,0,0,0,0,0,0,0,0,0,0,NO_DATA
30,CROWD_ITEM__FM,0,10_49,als_mae,0,,0,0,0,0,0,0,0,0,0,0,NO_DATA
30,CROWD_ITEM__FM,0,10_49,als_order,0,,0,0,0,0,0,0,0,0,0,0,NO_DATA
30,CROWD_ITEM__FM,0,50_PLUS,mse,0,,0,0,0,0,0,0,0,0,0,0,NO_DATA
30,CROWD_ITEM__FM,0,50_PLUS,pa,0,,0,0,0,0,0,0,0,0,0,0,NO_DATA
30,CROWD_ITEM__FM,0,50_PLUS,als_mae,0,,0,0,0,0,0,0,0,0,0,0,NO_DATA
30,CROWD_ITEM__FM,0,50_PLUS,als_order,0,,0,0,0,0,0,0,0,0,0,0,NO_DATA
30,CROWD_ITEM__FM,1_9,1_9,mse,0,,0,0,0,0,0,0,0,0,0,0,NO_DATA
30,CROWD_ITEM__FM,1_9,1_9,pa,0,,0,0,0,0,0,0,0,0,0,0,NO_DATA
30,CROWD_ITEM__FM,1_9,1_9,als_mae,0,,0,0,0,0,0,0,0,0,0,0,NO_DATA
30,CROWD_ITEM__FM,1_9,1_9,als_order,0,,0,0,0,0,0,0,0,0,0,0,NO_DATA
30,CROWD_ITEM__FM,1_9,10_49,mse,0,,0,0,0,0,0,0,0,0,0,0,NO_DATA
30,CROWD_ITEM__FM,1_9,10_49,pa,0,,0,0,0,0,0,0,0,0,0,0,NO_DATA
30,CROWD_ITEM__FM,1_9,10_49,als_mae,0,,0,0,0,0,0,0,0,0,0,0,NO_DATA
30,CROWD_ITEM__FM,1_9,10_49,als_order,0,,0,0,0,0,0,0,0,0,0,0,NO_DATA
30,CROWD_ITEM__FM,1_9,50_PLUS,mse,0,,0,0,0,0,0,0,0,0,0,0,NO_DATA
30,CROWD_ITEM__FM,1_9,50_PLUS,pa,0,,0,0,0,0,0,0,0,0,0,0,NO_DATA
30,CROWD_ITEM__FM,1_9,50_PLUS,als_mae,0,,0,0,0,0,0,0,0,0,0,0,NO_DATA
30,CROWD_ITEM__FM,1_9,50_PLUS,als_order,0,,0,0,0,0,0,0,0,0,0,0,NO_DATA
30,CROWD_ITEM__FM,10_29,1_9,mse,0,,0,0,0,0,0,0,0,0,0,0,NO_DATA
30,CROWD_ITEM__FM,10_29,1_9,pa,0,,0,0,0,0,0,0,0,0,0,0,NO_DATA
30,CROWD_ITEM__FM,10_29,1_9,als_mae,0,,0,0,0,0,0,0,0,0,0,0,NO_DATA
30,CROWD_ITEM__FM,10_29,1_9,als_order,0,,0,0,0,0,0,0,0,0,0,0,NO_DATA
30,CROWD_ITEM__FM,10_29,10_49,mse,0,,0,0,0,0,0,0,0,0,0,0,NO_DATA
30,CROWD_ITEM__FM,10_29,10_49,pa,0,,0,0,0,0,0,0,0,0,0,0,NO_DATA
30,CROWD_ITEM__FM,10_29,10_49,als_mae,0,,0,0,0,0,0,0,0,0,0,0,NO_DATA
30,CROWD_ITEM__FM,10_29,10_49,als_order,0,,0,0,0,0,0,0,0,0,0,0,NO_DATA
30,CROWD_ITEM__FM,10_29,50_PLUS,mse,0,,0,0,0,0,0,0,0,0,0,0,NO_DATA
30,CROWD_ITEM__FM,10_29,50_PLUS,pa,0,,0,0,0,0,0,0,0,0,0,0,NO_DATA
30,CROWD_ITEM__FM,10_29,50_PLUS,als_mae,0,,0,0,0,0,0,0,0,0,0,0,NO_DATA
30,CROWD_ITEM__FM,10_29,50_PLUS,als_order,0,,0,0,0,0,0,0,0,0,0,0,NO_DATA
30,CROWD_ITEM__FM,30_99,1_9,mse,0,,0,0,0,0,0,0,0,0,0,0,NO_DATA
30,CROWD_ITEM__FM,30_99,1_9,pa,0,,0,0,0,0,0,0,0,0,0,0,NO_DATA
30,CROWD_ITEM__FM,30_99,1_9,als_mae,0,,0,0,0,0,0,0,0,0,0,0,NO_DATA
30,CROWD_ITEM__FM,30_99,1_9,als_order,0,,0,0,0,0,0,0,0,0,0,0,NO_DATA
30,CROWD_ITEM__FM,30_99,10_49,mse,0,,0,0,0,0,0,0,0,0,0,0,NO_DATA
30,CROWD_ITEM__FM,30_99,10_49,pa,0,,0,0,0,0,0,0,0,0,0,0,NO_DATA
30,CROWD_ITEM__FM,30_99,10_49,als_mae,0,,0,0,0,0,0,0,0,0,0,0,NO_DATA
30,CROWD_ITEM__FM,30_99,10_49,als_order,0,,0,0,0,0,0,0,0,0,0,0,NO_DATA
30,CROWD_ITEM__FM,30_99,50_PLUS,mse,16,0.8163146009631739,16,16,48,48,40,40,112,112,139,139,DESCRIPTIVE_SMALL_N
30,CROWD_ITEM__FM,30_99,50_PLUS,pa,8,0.7506274131274131,16,8,48,40,40,37,112,112,139,139,DESCRIPTIVE_SMALL_N
30,CROWD_ITEM__FM,30_99,50_PLUS,als_mae,16,0.33666869813681777,16,16,48,48,40,40,112,112,139,139,DESCRIPTIVE_SMALL_N
30,CROWD_ITEM__FM,30_99,50_PLUS,als_order,8,0.7570970695970696,16,8,48,40,40,37,112,112,139,139,DESCRIPTIVE_SMALL_N
30,CROWD_ITEM__FM,100_299,1_9,mse,5,1.233094118763295,5,5,6,6,6,6,0,0,1,1,DESCRIPTIVE_SMALL_N
30,CROWD_ITEM__FM,100_299,1_9,pa,0,,5,0,6,0,6,0,0,0,1,0,NO_DATA
30,CROWD_ITEM__FM,100_299,1_9,als_mae,5,0.5849941725033051,5,5,6,6,6,6,0,0,1,1,DESCRIPTIVE_SMALL_N
30,CROWD_ITEM__FM,100_299,1_9,als_order,1,1.0,5,1,6,2,6,2,0,0,1,1,DESCRIPTIVE_SMALL_N
30,CROWD_ITEM__FM,100_299,10_49,mse,6,0.5534042390132231,6,6,6,6,6,6,0,0,0,0,DESCRIPTIVE_SMALL_N
30,CROWD_ITEM__FM,100_299,10_49,pa,0,,6,0,6,0,6,0,0,0,0,0,NO_DATA
30,CROWD_ITEM__FM,100_299,10_49,als_mae,6,0.30761078491312327,6,6,6,6,6,6,0,0,0,0,DESCRIPTIVE_SMALL_N
30,CROWD_ITEM__FM,100_299,10_49,als_order,0,,6,0,6,0,6,0,0,0,0,0,NO_DATA
30,CROWD_ITEM__FM,100_299,50_PLUS,mse,24,0.5841536511525215,24,24,73,73,64,64,266,266,342,342,DESCRIPTIVE_SMALL_N
30,CROWD_ITEM__FM,100_299,50_PLUS,pa,10,0.5225124378109454,24,10,73,57,64,51,266,266,342,340,DESCRIPTIVE_SMALL_N
30,CROWD_ITEM__FM,100_299,50_PLUS,als_mae,24,0.2809686112804546,24,24,73,73,64,64,266,266,342,342,DESCRIPTIVE_SMALL_N
30,CROWD_ITEM__FM,100_299,50_PLUS,als_order,12,0.6730019493177387,24,12,73,61,64,55,266,266,342,342,DESCRIPTIVE_SMALL_N
30,CROWD_ITEM__FM,300_PLUS,1_9,mse,25,0.7777087822977191,25,25,55,55,49,49,125,125,153,153,DESCRIPTIVE_SMALL_N
30,CROWD_ITEM__FM,300_PLUS,1_9,pa,8,0.6535714285714286,25,8,55,38,49,37,125,125,153,153,DESCRIPTIVE_SMALL_N
30,CROWD_ITEM__FM,300_PLUS,1_9,als_mae,25,0.4402154667723371,25,25,55,55,49,49,125,125,153,153,DESCRIPTIVE_SMALL_N
30,CROWD_ITEM__FM,300_PLUS,1_9,als_order,8,0.7098087098087098,25,8,55,38,49,37,125,125,153,153,DESCRIPTIVE_SMALL_N
30,CROWD_ITEM__FM,300_PLUS,10_49,mse,29,0.8665983571951051,29,29,46,46,37,37,23,23,30,30,DESCRIPTIVE_SMALL_N
30,CROWD_ITEM__FM,300_PLUS,10_49,pa,7,0.7035714285714286,29,7,46,22,37,20,23,23,30,28,DESCRIPTIVE_SMALL_N
30,CROWD_ITEM__FM,300_PLUS,10_49,als_mae,29,0.30973835039531794,29,29,46,46,37,37,23,23,30,30,DESCRIPTIVE_SMALL_N
30,CROWD_ITEM__FM,300_PLUS,10_49,als_order,9,0.5555555555555556,29,9,46,26,37,24,23,23,30,30,DESCRIPTIVE_SMALL_N
30,CROWD_ITEM__FM,300_PLUS,50_PLUS,mse,65,0.7177491603246442,65,65,216,216,159,159,442,442,599,599,DESCRIPTIVE
30,CROWD_ITEM__FM,300_PLUS,50_PLUS,pa,33,0.6176113054987069,65,33,216,174,159,140,442,442,599,585,DESCRIPTIVE
30,CROWD_ITEM__FM,300_PLUS,50_PLUS,als_mae,65,0.33293008256623047,65,65,216,216,159,159,442,442,599,599,DESCRIPTIVE
30,CROWD_ITEM__FM,300_PLUS,50_PLUS,als_order,40,0.6971599927849927,65,40,216,191,159,150,442,442,599,599,DESCRIPTIVE
30,CROWD_RESPONSE__RIDGE,0,1_9,mse,0,,0,0,0,0,0,0,0,0,0,0,NO_DATA
30,CROWD_RESPONSE__RIDGE,0,1_9,pa,0,,0,0,0,0,0,0,0,0,0,0,NO_DATA
30,CROWD_RESPONSE__RIDGE,0,1_9,als_mae,0,,0,0,0,0,0,0,0,0,0,0,NO_DATA
30,CROWD_RESPONSE__RIDGE,0,1_9,als_order,0,,0,0,0,0,0,0,0,0,0,0,NO_DATA
30,CROWD_RESPONSE__RIDGE,0,10_49,mse,0,,0,0,0,0,0,0,0,0,0,0,NO_DATA
30,CROWD_RESPONSE__RIDGE,0,10_49,pa,0,,0,0,0,0,0,0,0,0,0,0,NO_DATA
30,CROWD_RESPONSE__RIDGE,0,10_49,als_mae,0,,0,0,0,0,0,0,0,0,0,0,NO_DATA
30,CROWD_RESPONSE__RIDGE,0,10_49,als_order,0,,0,0,0,0,0,0,0,0,0,0,NO_DATA
30,CROWD_RESPONSE__RIDGE,0,50_PLUS,mse,0,,0,0,0,0,0,0,0,0,0,0,NO_DATA
30,CROWD_RESPONSE__RIDGE,0,50_PLUS,pa,0,,0,0,0,0,0,0,0,0,0,0,NO_DATA
30,CROWD_RESPONSE__RIDGE,0,50_PLUS,als_mae,0,,0,0,0,0,0,0,0,0,0,0,NO_DATA
30,CROWD_RESPONSE__RIDGE,0,50_PLUS,als_order,0,,0,0,0,0,0,0,0,0,0,0,NO_DATA
30,CROWD_RESPONSE__RIDGE,1_9,1_9,mse,0,,0,0,0,0,0,0,0,0,0,0,NO_DATA
30,CROWD_RESPONSE__RIDGE,1_9,1_9,pa,0,,0,0,0,0,0,0,0,0,0,0,NO_DATA
30,CROWD_RESPONSE__RIDGE,1_9,1_9,als_mae,0,,0,0,0,0,0,0,0,0,0,0,NO_DATA
30,CROWD_RESPONSE__RIDGE,1_9,1_9,als_order,0,,0,0,0,0,0,0,0,0,0,0,NO_DATA
30,CROWD_RESPONSE__RIDGE,1_9,10_49,mse,0,,0,0,0,0,0,0,0,0,0,0,NO_DATA
30,CROWD_RESPONSE__RIDGE,1_9,10_49,pa,0,,0,0,0,0,0,0,0,0,0,0,NO_DATA
30,CROWD_RESPONSE__RIDGE,1_9,10_49,als_mae,0,,0,0,0,0,0,0,0,0,0,0,NO_DATA
30,CROWD_RESPONSE__RIDGE,1_9,10_49,als_order,0,,0,0,0,0,0,0,0,0,0,0,NO_DATA
30,CROWD_RESPONSE__RIDGE,1_9,50_PLUS,mse,0,,0,0,0,0,0,0,0,0,0,0,NO_DATA
30,CROWD_RESPONSE__RIDGE,1_9,50_PLUS,pa,0,,0,0,0,0,0,0,0,0,0,0,NO_DATA
30,CROWD_RESPONSE__RIDGE,1_9,50_PLUS,als_mae,0,,0,0,0,0,0,0,0,0,0,0,NO_DATA
30,CROWD_RESPONSE__RIDGE,1_9,50_PLUS,als_order,0,,0,0,0,0,0,0,0,0,0,0,NO_DATA
30,CROWD_RESPONSE__RIDGE,10_29,1_9,mse,0,,0,0,0,0,0,0,0,0,0,0,NO_DATA
30,CROWD_RESPONSE__RIDGE,10_29,1_9,pa,0,,0,0,0,0,0,0,0,0,0,0,NO_DATA
30,CROWD_RESPONSE__RIDGE,10_29,1_9,als_mae,0,,0,0,0,0,0,0,0,0,0,0,NO_DATA
30,CROWD_RESPONSE__RIDGE,10_29,1_9,als_order,0,,0,0,0,0,0,0,0,0,0,0,NO_DATA
30,CROWD_RESPONSE__RIDGE,10_29,10_49,mse,0,,0,0,0,0,0,0,0,0,0,0,NO_DATA
30,CROWD_RESPONSE__RIDGE,10_29,10_49,pa,0,,0,0,0,0,0,0,0,0,0,0,NO_DATA
30,CROWD_RESPONSE__RIDGE,10_29,10_49,als_mae,0,,0,0,0,0,0,0,0,0,0,0,NO_DATA
30,CROWD_RESPONSE__RIDGE,10_29,10_49,als_order,0,,0,0,0,0,0,0,0,0,0,0,NO_DATA
30,CROWD_RESPONSE__RIDGE,10_29,50_PLUS,mse,0,,0,0,0,0,0,0,0,0,0,0,NO_DATA
30,CROWD_RESPONSE__RIDGE,10_29,50_PLUS,pa,0,,0,0,0,0,0,0,0,0,0,0,NO_DATA
30,CROWD_RESPONSE__RIDGE,10_29,50_PLUS,als_mae,0,,0,0,0,0,0,0,0,0,0,0,NO_DATA
30,CROWD_RESPONSE__RIDGE,10_29,50_PLUS,als_order,0,,0,0,0,0,0,0,0,0,0,0,NO_DATA
30,CROWD_RESPONSE__RIDGE,30_99,1_9,mse,0,,0,0,0,0,0,0,0,0,0,0,NO_DATA
30,CROWD_RESPONSE__RIDGE,30_99,1_9,pa,0,,0,0,0,0,0,0,0,0,0,0,NO_DATA
30,CROWD_RESPONSE__RIDGE,30_99,1_9,als_mae,0,,0,0,0,0,0,0,0,0,0,0,NO_DATA
30,CROWD_RESPONSE__RIDGE,30_99,1_9,als_order,0,,0,0,0,0,0,0,0,0,0,0,NO_DATA
30,CROWD_RESPONSE__RIDGE,30_99,10_49,mse,0,,0,0,0,0,0,0,0,0,0,0,NO_DATA
30,CROWD_RESPONSE__RIDGE,30_99,10_49,pa,0,,0,0,0,0,0,0,0,0,0,0,NO_DATA
30,CROWD_RESPONSE__RIDGE,30_99,10_49,als_mae,0,,0,0,0,0,0,0,0,0,0,0,NO_DATA
30,CROWD_RESPONSE__RIDGE,30_99,10_49,als_order,0,,0,0,0,0,0,0,0,0,0,0,NO_DATA
30,CROWD_RESPONSE__RIDGE,30_99,50_PLUS,mse,16,0.9149714664568644,16,16,48,48,40,40,112,112,139,139,DESCRIPTIVE_SMALL_N
30,CROWD_RESPONSE__RIDGE,30_99,50_PLUS,pa,8,0.6987451737451738,16,8,48,40,40,37,112,112,139,139,DESCRIPTIVE_SMALL_N
30,CROWD_RESPONSE__RIDGE,30_99,50_PLUS,als_mae,16,0.39308771134283305,16,16,48,48,40,40,112,112,139,139,DESCRIPTIVE_SMALL_N
30,CROWD_RESPONSE__RIDGE,30_99,50_PLUS,als_order,8,0.7981913919413919,16,8,48,40,40,37,112,112,139,139,DESCRIPTIVE_SMALL_N
30,CROWD_RESPONSE__RIDGE,100_299,1_9,mse,5,1.068124646114226,5,5,6,6,6,6,0,0,1,1,DESCRIPTIVE_SMALL_N
30,CROWD_RESPONSE__RIDGE,100_299,1_9,pa,0,,5,0,6,0,6,0,0,0,1,0,NO_DATA
30,CROWD_RESPONSE__RIDGE,100_299,1_9,als_mae,5,0.5246336563317289,5,5,6,6,6,6,0,0,1,1,DESCRIPTIVE_SMALL_N
30,CROWD_RESPONSE__RIDGE,100_299,1_9,als_order,1,1.0,5,1,6,2,6,2,0,0,1,1,DESCRIPTIVE_SMALL_N
30,CROWD_RESPONSE__RIDGE,100_299,10_49,mse,6,0.8074725140822907,6,6,6,6,6,6,0,0,0,0,DESCRIPTIVE_SMALL_N
30,CROWD_RESPONSE__RIDGE,100_299,10_49,pa,0,,6,0,6,0,6,0,0,0,0,0,NO_DATA
30,CROWD_RESPONSE__RIDGE,100_299,10_49,als_mae,6,0.4782451026081493,6,6,6,6,6,6,0,0,0,0,DESCRIPTIVE_SMALL_N
30,CROWD_RESPONSE__RIDGE,100_299,10_49,als_order,0,,6,0,6,0,6,0,0,0,0,0,NO_DATA
30,CROWD_RESPONSE__RIDGE,100_299,50_PLUS,mse,24,0.5990712760449286,24,24,73,73,64,64,266,266,342,342,DESCRIPTIVE_SMALL_N
30,CROWD_RESPONSE__RIDGE,100_299,50_PLUS,pa,10,0.4652238805970149,24,10,73,57,64,51,266,266,342,340,DESCRIPTIVE_SMALL_N
30,CROWD_RESPONSE__RIDGE,100_299,50_PLUS,als_mae,24,0.30891100239842234,24,24,73,73,64,64,266,266,342,342,DESCRIPTIVE_SMALL_N
30,CROWD_RESPONSE__RIDGE,100_299,50_PLUS,als_order,12,0.617905056759546,24,12,73,61,64,55,266,266,342,342,DESCRIPTIVE_SMALL_N
30,CROWD_RESPONSE__RIDGE,300_PLUS,1_9,mse,25,0.7976892246764272,25,25,55,55,49,49,125,125,153,153,DESCRIPTIVE_SMALL_N
30,CROWD_RESPONSE__RIDGE,300_PLUS,1_9,pa,8,0.6290178571428571,25,8,55,38,49,37,125,125,153,153,DESCRIPTIVE_SMALL_N
30,CROWD_RESPONSE__RIDGE,300_PLUS,1_9,als_mae,25,0.5406045650524107,25,25,55,55,49,49,125,125,153,153,DESCRIPTIVE_SMALL_N
30,CROWD_RESPONSE__RIDGE,300_PLUS,1_9,als_order,8,0.5820614570614571,25,8,55,38,49,37,125,125,153,153,DESCRIPTIVE_SMALL_N
30,CROWD_RESPONSE__RIDGE,300_PLUS,10_49,mse,29,0.9973817233832152,29,29,46,46,37,37,23,23,30,30,DESCRIPTIVE_SMALL_N
30,CROWD_RESPONSE__RIDGE,300_PLUS,10_49,pa,7,0.7142857142857143,29,7,46,22,37,20,23,23,30,28,DESCRIPTIVE_SMALL_N
30,CROWD_RESPONSE__RIDGE,300_PLUS,10_49,als_mae,29,0.4189963824943088,29,29,46,46,37,37,23,23,30,30,DESCRIPTIVE_SMALL_N
30,CROWD_RESPONSE__RIDGE,300_PLUS,10_49,als_order,9,0.548148148148148,29,9,46,26,37,24,23,23,30,30,DESCRIPTIVE_SMALL_N
30,CROWD_RESPONSE__RIDGE,300_PLUS,50_PLUS,mse,65,0.9541575737905642,65,65,216,216,159,159,442,442,599,599,DESCRIPTIVE
30,CROWD_RESPONSE__RIDGE,300_PLUS,50_PLUS,pa,33,0.630036173558088,65,33,216,174,159,140,442,442,599,585,DESCRIPTIVE
30,CROWD_RESPONSE__RIDGE,300_PLUS,50_PLUS,als_mae,65,0.4920351256152098,65,65,216,216,159,159,442,442,599,599,DESCRIPTIVE
30,CROWD_RESPONSE__RIDGE,300_PLUS,50_PLUS,als_order,40,0.6596491702741702,65,40,216,191,159,150,442,442,599,599,DESCRIPTIVE
30,CROWD_RESPONSE__GBT,0,1_9,mse,0,,0,0,0,0,0,0,0,0,0,0,NO_DATA
30,CROWD_RESPONSE__GBT,0,1_9,pa,0,,0,0,0,0,0,0,0,0,0,0,NO_DATA
30,CROWD_RESPONSE__GBT,0,1_9,als_mae,0,,0,0,0,0,0,0,0,0,0,0,NO_DATA
30,CROWD_RESPONSE__GBT,0,1_9,als_order,0,,0,0,0,0,0,0,0,0,0,0,NO_DATA
30,CROWD_RESPONSE__GBT,0,10_49,mse,0,,0,0,0,0,0,0,0,0,0,0,NO_DATA
30,CROWD_RESPONSE__GBT,0,10_49,pa,0,,0,0,0,0,0,0,0,0,0,0,NO_DATA
30,CROWD_RESPONSE__GBT,0,10_49,als_mae,0,,0,0,0,0,0,0,0,0,0,0,NO_DATA
30,CROWD_RESPONSE__GBT,0,10_49,als_order,0,,0,0,0,0,0,0,0,0,0,0,NO_DATA
30,CROWD_RESPONSE__GBT,0,50_PLUS,mse,0,,0,0,0,0,0,0,0,0,0,0,NO_DATA
30,CROWD_RESPONSE__GBT,0,50_PLUS,pa,0,,0,0,0,0,0,0,0,0,0,0,NO_DATA
30,CROWD_RESPONSE__GBT,0,50_PLUS,als_mae,0,,0,0,0,0,0,0,0,0,0,0,NO_DATA
30,CROWD_RESPONSE__GBT,0,50_PLUS,als_order,0,,0,0,0,0,0,0,0,0,0,0,NO_DATA
30,CROWD_RESPONSE__GBT,1_9,1_9,mse,0,,0,0,0,0,0,0,0,0,0,0,NO_DATA
30,CROWD_RESPONSE__GBT,1_9,1_9,pa,0,,0,0,0,0,0,0,0,0,0,0,NO_DATA
30,CROWD_RESPONSE__GBT,1_9,1_9,als_mae,0,,0,0,0,0,0,0,0,0,0,0,NO_DATA
30,CROWD_RESPONSE__GBT,1_9,1_9,als_order,0,,0,0,0,0,0,0,0,0,0,0,NO_DATA
30,CROWD_RESPONSE__GBT,1_9,10_49,mse,0,,0,0,0,0,0,0,0,0,0,0,NO_DATA
30,CROWD_RESPONSE__GBT,1_9,10_49,pa,0,,0,0,0,0,0,0,0,0,0,0,NO_DATA
30,CROWD_RESPONSE__GBT,1_9,10_49,als_mae,0,,0,0,0,0,0,0,0,0,0,0,NO_DATA
30,CROWD_RESPONSE__GBT,1_9,10_49,als_order,0,,0,0,0,0,0,0,0,0,0,0,NO_DATA
30,CROWD_RESPONSE__GBT,1_9,50_PLUS,mse,0,,0,0,0,0,0,0,0,0,0,0,NO_DATA
30,CROWD_RESPONSE__GBT,1_9,50_PLUS,pa,0,,0,0,0,0,0,0,0,0,0,0,NO_DATA
30,CROWD_RESPONSE__GBT,1_9,50_PLUS,als_mae,0,,0,0,0,0,0,0,0,0,0,0,NO_DATA
30,CROWD_RESPONSE__GBT,1_9,50_PLUS,als_order,0,,0,0,0,0,0,0,0,0,0,0,NO_DATA
30,CROWD_RESPONSE__GBT,10_29,1_9,mse,0,,0,0,0,0,0,0,0,0,0,0,NO_DATA
30,CROWD_RESPONSE__GBT,10_29,1_9,pa,0,,0,0,0,0,0,0,0,0,0,0,NO_DATA
30,CROWD_RESPONSE__GBT,10_29,1_9,als_mae,0,,0,0,0,0,0,0,0,0,0,0,NO_DATA
30,CROWD_RESPONSE__GBT,10_29,1_9,als_order,0,,0,0,0,0,0,0,0,0,0,0,NO_DATA
30,CROWD_RESPONSE__GBT,10_29,10_49,mse,0,,0,0,0,0,0,0,0,0,0,0,NO_DATA
30,CROWD_RESPONSE__GBT,10_29,10_49,pa,0,,0,0,0,0,0,0,0,0,0,0,NO_DATA
30,CROWD_RESPONSE__GBT,10_29,10_49,als_mae,0,,0,0,0,0,0,0,0,0,0,0,NO_DATA
30,CROWD_RESPONSE__GBT,10_29,10_49,als_order,0,,0,0,0,0,0,0,0,0,0,0,NO_DATA
30,CROWD_RESPONSE__GBT,10_29,50_PLUS,mse,0,,0,0,0,0,0,0,0,0,0,0,NO_DATA
30,CROWD_RESPONSE__GBT,10_29,50_PLUS,pa,0,,0,0,0,0,0,0,0,0,0,0,NO_DATA
30,CROWD_RESPONSE__GBT,10_29,50_PLUS,als_mae,0,,0,0,0,0,0,0,0,0,0,0,NO_DATA
30,CROWD_RESPONSE__GBT,10_29,50_PLUS,als_order,0,,0,0,0,0,0,0,0,0,0,0,NO_DATA
30,CROWD_RESPONSE__GBT,30_99,1_9,mse,0,,0,0,0,0,0,0,0,0,0,0,NO_DATA
30,CROWD_RESPONSE__GBT,30_99,1_9,pa,0,,0,0,0,0,0,0,0,0,0,0,NO_DATA
30,CROWD_RESPONSE__GBT,30_99,1_9,als_mae,0,,0,0,0,0,0,0,0,0,0,0,NO_DATA
30,CROWD_RESPONSE__GBT,30_99,1_9,als_order,0,,0,0,0,0,0,0,0,0,0,0,NO_DATA
30,CROWD_RESPONSE__GBT,30_99,10_49,mse,0,,0,0,0,0,0,0,0,0,0,0,NO_DATA
30,CROWD_RESPONSE__GBT,30_99,10_49,pa,0,,0,0,0,0,0,0,0,0,0,0,NO_DATA
30,CROWD_RESPONSE__GBT,30_99,10_49,als_mae,0,,0,0,0,0,0,0,0,0,0,0,NO_DATA
30,CROWD_RESPONSE__GBT,30_99,10_49,als_order,0,,0,0,0,0,0,0,0,0,0,0,NO_DATA
30,CROWD_RESPONSE__GBT,30_99,50_PLUS,mse,16,0.8773247925698568,16,16,48,48,40,40,112,112,139,139,DESCRIPTIVE_SMALL_N
30,CROWD_RESPONSE__GBT,30_99,50_PLUS,pa,8,0.7306788931788932,16,8,48,40,40,37,112,112,139,139,DESCRIPTIVE_SMALL_N
30,CROWD_RESPONSE__GBT,30_99,50_PLUS,als_mae,16,0.27042131694870536,16,16,48,48,40,40,112,112,139,139,DESCRIPTIVE_SMALL_N
30,CROWD_RESPONSE__GBT,30_99,50_PLUS,als_order,8,0.7678571428571428,16,8,48,40,40,37,112,112,139,139,DESCRIPTIVE_SMALL_N
30,CROWD_RESPONSE__GBT,100_299,1_9,mse,5,0.9013371154577774,5,5,6,6,6,6,0,0,1,1,DESCRIPTIVE_SMALL_N
30,CROWD_RESPONSE__GBT,100_299,1_9,pa,0,,5,0,6,0,6,0,0,0,1,0,NO_DATA
30,CROWD_RESPONSE__GBT,100_299,1_9,als_mae,5,0.37431282446605707,5,5,6,6,6,6,0,0,1,1,DESCRIPTIVE_SMALL_N
30,CROWD_RESPONSE__GBT,100_299,1_9,als_order,1,1.0,5,1,6,2,6,2,0,0,1,1,DESCRIPTIVE_SMALL_N
30,CROWD_RESPONSE__GBT,100_299,10_49,mse,6,0.6872331318331981,6,6,6,6,6,6,0,0,0,0,DESCRIPTIVE_SMALL_N
30,CROWD_RESPONSE__GBT,100_299,10_49,pa,0,,6,0,6,0,6,0,0,0,0,0,NO_DATA
30,CROWD_RESPONSE__GBT,100_299,10_49,als_mae,6,0.38300908495787694,6,6,6,6,6,6,0,0,0,0,DESCRIPTIVE_SMALL_N
30,CROWD_RESPONSE__GBT,100_299,10_49,als_order,0,,6,0,6,0,6,0,0,0,0,0,NO_DATA
30,CROWD_RESPONSE__GBT,100_299,50_PLUS,mse,24,0.5853319736472659,24,24,73,73,64,64,266,266,342,342,DESCRIPTIVE_SMALL_N
30,CROWD_RESPONSE__GBT,100_299,50_PLUS,pa,10,0.6345771144278606,24,10,73,57,64,51,266,266,342,340,DESCRIPTIVE_SMALL_N
30,CROWD_RESPONSE__GBT,100_299,50_PLUS,als_mae,24,0.2777570660294895,24,24,73,73,64,64,266,266,342,342,DESCRIPTIVE_SMALL_N
30,CROWD_RESPONSE__GBT,100_299,50_PLUS,als_order,12,0.9041680999885334,24,12,73,61,64,55,266,266,342,342,DESCRIPTIVE_SMALL_N
30,CROWD_RESPONSE__GBT,300_PLUS,1_9,mse,25,0.6706942137045163,25,25,55,55,49,49,125,125,153,153,DESCRIPTIVE_SMALL_N
30,CROWD_RESPONSE__GBT,300_PLUS,1_9,pa,8,0.6488839285714285,25,8,55,38,49,37,125,125,153,153,DESCRIPTIVE_SMALL_N
30,CROWD_RESPONSE__GBT,300_PLUS,1_9,als_mae,25,0.399280595472476,25,25,55,55,49,49,125,125,153,153,DESCRIPTIVE_SMALL_N
30,CROWD_RESPONSE__GBT,300_PLUS,1_9,als_order,8,0.5633140008140008,25,8,55,38,49,37,125,125,153,153,DESCRIPTIVE_SMALL_N
30,CROWD_RESPONSE__GBT,300_PLUS,10_49,mse,29,0.8420625578388319,29,29,46,46,37,37,23,23,30,30,DESCRIPTIVE_SMALL_N
30,CROWD_RESPONSE__GBT,300_PLUS,10_49,pa,7,0.5071428571428571,29,7,46,22,37,20,23,23,30,28,DESCRIPTIVE_SMALL_N
30,CROWD_RESPONSE__GBT,300_PLUS,10_49,als_mae,29,0.2788379293761905,29,29,46,46,37,37,23,23,30,30,DESCRIPTIVE_SMALL_N
30,CROWD_RESPONSE__GBT,300_PLUS,10_49,als_order,9,0.437037037037037,29,9,46,26,37,24,23,23,30,30,DESCRIPTIVE_SMALL_N
30,CROWD_RESPONSE__GBT,300_PLUS,50_PLUS,mse,65,0.7338976775559107,65,65,216,216,159,159,442,442,599,599,DESCRIPTIVE
30,CROWD_RESPONSE__GBT,300_PLUS,50_PLUS,pa,33,0.6547484475505748,65,33,216,174,159,140,442,442,599,585,DESCRIPTIVE
30,CROWD_RESPONSE__GBT,300_PLUS,50_PLUS,als_mae,65,0.36017093660653426,65,65,216,216,159,159,442,442,599,599,DESCRIPTIVE
30,CROWD_RESPONSE__GBT,300_PLUS,50_PLUS,als_order,40,0.7519579725829726,65,40,216,191,159,150,442,442,599,599,DESCRIPTIVE
30,CROWD_RESPONSE__FM,0,1_9,mse,0,,0,0,0,0,0,0,0,0,0,0,NO_DATA
30,CROWD_RESPONSE__FM,0,1_9,pa,0,,0,0,0,0,0,0,0,0,0,0,NO_DATA
30,CROWD_RESPONSE__FM,0,1_9,als_mae,0,,0,0,0,0,0,0,0,0,0,0,NO_DATA
30,CROWD_RESPONSE__FM,0,1_9,als_order,0,,0,0,0,0,0,0,0,0,0,0,NO_DATA
30,CROWD_RESPONSE__FM,0,10_49,mse,0,,0,0,0,0,0,0,0,0,0,0,NO_DATA
30,CROWD_RESPONSE__FM,0,10_49,pa,0,,0,0,0,0,0,0,0,0,0,0,NO_DATA
30,CROWD_RESPONSE__FM,0,10_49,als_mae,0,,0,0,0,0,0,0,0,0,0,0,NO_DATA
30,CROWD_RESPONSE__FM,0,10_49,als_order,0,,0,0,0,0,0,0,0,0,0,0,NO_DATA
30,CROWD_RESPONSE__FM,0,50_PLUS,mse,0,,0,0,0,0,0,0,0,0,0,0,NO_DATA
30,CROWD_RESPONSE__FM,0,50_PLUS,pa,0,,0,0,0,0,0,0,0,0,0,0,NO_DATA
30,CROWD_RESPONSE__FM,0,50_PLUS,als_mae,0,,0,0,0,0,0,0,0,0,0,0,NO_DATA
30,CROWD_RESPONSE__FM,0,50_PLUS,als_order,0,,0,0,0,0,0,0,0,0,0,0,NO_DATA
30,CROWD_RESPONSE__FM,1_9,1_9,mse,0,,0,0,0,0,0,0,0,0,0,0,NO_DATA
30,CROWD_RESPONSE__FM,1_9,1_9,pa,0,,0,0,0,0,0,0,0,0,0,0,NO_DATA
30,CROWD_RESPONSE__FM,1_9,1_9,als_mae,0,,0,0,0,0,0,0,0,0,0,0,NO_DATA
30,CROWD_RESPONSE__FM,1_9,1_9,als_order,0,,0,0,0,0,0,0,0,0,0,0,NO_DATA
30,CROWD_RESPONSE__FM,1_9,10_49,mse,0,,0,0,0,0,0,0,0,0,0,0,NO_DATA
30,CROWD_RESPONSE__FM,1_9,10_49,pa,0,,0,0,0,0,0,0,0,0,0,0,NO_DATA
30,CROWD_RESPONSE__FM,1_9,10_49,als_mae,0,,0,0,0,0,0,0,0,0,0,0,NO_DATA
30,CROWD_RESPONSE__FM,1_9,10_49,als_order,0,,0,0,0,0,0,0,0,0,0,0,NO_DATA
30,CROWD_RESPONSE__FM,1_9,50_PLUS,mse,0,,0,0,0,0,0,0,0,0,0,0,NO_DATA
30,CROWD_RESPONSE__FM,1_9,50_PLUS,pa,0,,0,0,0,0,0,0,0,0,0,0,NO_DATA
30,CROWD_RESPONSE__FM,1_9,50_PLUS,als_mae,0,,0,0,0,0,0,0,0,0,0,0,NO_DATA
30,CROWD_RESPONSE__FM,1_9,50_PLUS,als_order,0,,0,0,0,0,0,0,0,0,0,0,NO_DATA
30,CROWD_RESPONSE__FM,10_29,1_9,mse,0,,0,0,0,0,0,0,0,0,0,0,NO_DATA
30,CROWD_RESPONSE__FM,10_29,1_9,pa,0,,0,0,0,0,0,0,0,0,0,0,NO_DATA
30,CROWD_RESPONSE__FM,10_29,1_9,als_mae,0,,0,0,0,0,0,0,0,0,0,0,NO_DATA
30,CROWD_RESPONSE__FM,10_29,1_9,als_order,0,,0,0,0,0,0,0,0,0,0,0,NO_DATA
30,CROWD_RESPONSE__FM,10_29,10_49,mse,0,,0,0,0,0,0,0,0,0,0,0,NO_DATA
30,CROWD_RESPONSE__FM,10_29,10_49,pa,0,,0,0,0,0,0,0,0,0,0,0,NO_DATA
30,CROWD_RESPONSE__FM,10_29,10_49,als_mae,0,,0,0,0,0,0,0,0,0,0,0,NO_DATA
30,CROWD_RESPONSE__FM,10_29,10_49,als_order,0,,0,0,0,0,0,0,0,0,0,0,NO_DATA
30,CROWD_RESPONSE__FM,10_29,50_PLUS,mse,0,,0,0,0,0,0,0,0,0,0,0,NO_DATA
30,CROWD_RESPONSE__FM,10_29,50_PLUS,pa,0,,0,0,0,0,0,0,0,0,0,0,NO_DATA
30,CROWD_RESPONSE__FM,10_29,50_PLUS,als_mae,0,,0,0,0,0,0,0,0,0,0,0,NO_DATA
30,CROWD_RESPONSE__FM,10_29,50_PLUS,als_order,0,,0,0,0,0,0,0,0,0,0,0,NO_DATA
30,CROWD_RESPONSE__FM,30_99,1_9,mse,0,,0,0,0,0,0,0,0,0,0,0,NO_DATA
30,CROWD_RESPONSE__FM,30_99,1_9,pa,0,,0,0,0,0,0,0,0,0,0,0,NO_DATA
30,CROWD_RESPONSE__FM,30_99,1_9,als_mae,0,,0,0,0,0,0,0,0,0,0,0,NO_DATA
30,CROWD_RESPONSE__FM,30_99,1_9,als_order,0,,0,0,0,0,0,0,0,0,0,0,NO_DATA
30,CROWD_RESPONSE__FM,30_99,10_49,mse,0,,0,0,0,0,0,0,0,0,0,0,NO_DATA
30,CROWD_RESPONSE__FM,30_99,10_49,pa,0,,0,0,0,0,0,0,0,0,0,0,NO_DATA
30,CROWD_RESPONSE__FM,30_99,10_49,als_mae,0,,0,0,0,0,0,0,0,0,0,0,NO_DATA
30,CROWD_RESPONSE__FM,30_99,10_49,als_order,0,,0,0,0,0,0,0,0,0,0,0,NO_DATA
30,CROWD_RESPONSE__FM,30_99,50_PLUS,mse,16,0.8283995418428789,16,16,48,48,40,40,112,112,139,139,DESCRIPTIVE_SMALL_N
30,CROWD_RESPONSE__FM,30_99,50_PLUS,pa,8,0.7722490347490347,16,8,48,40,40,37,112,112,139,139,DESCRIPTIVE_SMALL_N
30,CROWD_RESPONSE__FM,30_99,50_PLUS,als_mae,16,0.2960472918982774,16,16,48,48,40,40,112,112,139,139,DESCRIPTIVE_SMALL_N
30,CROWD_RESPONSE__FM,30_99,50_PLUS,als_order,8,0.8005952380952381,16,8,48,40,40,37,112,112,139,139,DESCRIPTIVE_SMALL_N
30,CROWD_RESPONSE__FM,100_299,1_9,mse,5,1.0305938902276575,5,5,6,6,6,6,0,0,1,1,DESCRIPTIVE_SMALL_N
30,CROWD_RESPONSE__FM,100_299,1_9,pa,0,,5,0,6,0,6,0,0,0,1,0,NO_DATA
30,CROWD_RESPONSE__FM,100_299,1_9,als_mae,5,0.5015197299426585,5,5,6,6,6,6,0,0,1,1,DESCRIPTIVE_SMALL_N
30,CROWD_RESPONSE__FM,100_299,1_9,als_order,1,1.0,5,1,6,2,6,2,0,0,1,1,DESCRIPTIVE_SMALL_N
30,CROWD_RESPONSE__FM,100_299,10_49,mse,6,0.6729661187338465,6,6,6,6,6,6,0,0,0,0,DESCRIPTIVE_SMALL_N
30,CROWD_RESPONSE__FM,100_299,10_49,pa,0,,6,0,6,0,6,0,0,0,0,0,NO_DATA
30,CROWD_RESPONSE__FM,100_299,10_49,als_mae,6,0.32813349172208134,6,6,6,6,6,6,0,0,0,0,DESCRIPTIVE_SMALL_N
30,CROWD_RESPONSE__FM,100_299,10_49,als_order,0,,6,0,6,0,6,0,0,0,0,0,NO_DATA
30,CROWD_RESPONSE__FM,100_299,50_PLUS,mse,24,0.5332800777831975,24,24,73,73,64,64,266,266,342,342,DESCRIPTIVE_SMALL_N
30,CROWD_RESPONSE__FM,100_299,50_PLUS,pa,10,0.6794029850746268,24,10,73,57,64,51,266,266,342,340,DESCRIPTIVE_SMALL_N
30,CROWD_RESPONSE__FM,100_299,50_PLUS,als_mae,24,0.23838064214491625,24,24,73,73,64,64,266,266,342,342,DESCRIPTIVE_SMALL_N
30,CROWD_RESPONSE__FM,100_299,50_PLUS,als_order,12,0.8491285403050108,24,12,73,61,64,55,266,266,342,342,DESCRIPTIVE_SMALL_N
30,CROWD_RESPONSE__FM,300_PLUS,1_9,mse,25,0.6708793032280007,25,25,55,55,49,49,125,125,153,153,DESCRIPTIVE_SMALL_N
30,CROWD_RESPONSE__FM,300_PLUS,1_9,pa,8,0.6595982142857143,25,8,55,38,49,37,125,125,153,153,DESCRIPTIVE_SMALL_N
30,CROWD_RESPONSE__FM,300_PLUS,1_9,als_mae,25,0.36573941152300476,25,25,55,55,49,49,125,125,153,153,DESCRIPTIVE_SMALL_N
30,CROWD_RESPONSE__FM,300_PLUS,1_9,als_order,8,0.560566748066748,25,8,55,38,49,37,125,125,153,153,DESCRIPTIVE_SMALL_N
30,CROWD_RESPONSE__FM,300_PLUS,10_49,mse,29,0.8239418338700439,29,29,46,46,37,37,23,23,30,30,DESCRIPTIVE_SMALL_N
30,CROWD_RESPONSE__FM,300_PLUS,10_49,pa,7,0.5964285714285714,29,7,46,22,37,20,23,23,30,28,DESCRIPTIVE_SMALL_N
30,CROWD_RESPONSE__FM,300_PLUS,10_49,als_mae,29,0.2473329763611742,29,29,46,46,37,37,23,23,30,30,DESCRIPTIVE_SMALL_N
30,CROWD_RESPONSE__FM,300_PLUS,10_49,als_order,9,0.4444444444444444,29,9,46,26,37,24,23,23,30,30,DESCRIPTIVE_SMALL_N
30,CROWD_RESPONSE__FM,300_PLUS,50_PLUS,mse,65,0.6782956112864144,65,65,216,216,159,159,442,442,599,599,DESCRIPTIVE
30,CROWD_RESPONSE__FM,300_PLUS,50_PLUS,pa,33,0.7331384510918711,65,33,216,174,159,140,442,442,599,585,DESCRIPTIVE
30,CROWD_RESPONSE__FM,300_PLUS,50_PLUS,als_mae,65,0.3043098615851348,65,65,216,216,159,159,442,442,599,599,DESCRIPTIVE
30,CROWD_RESPONSE__FM,300_PLUS,50_PLUS,als_order,40,0.7038248556998556,65,40,216,191,159,150,442,442,599,599,DESCRIPTIVE
