role,k,activity,item_support,method,users,mse,mse_users,mse_low,mse_high,mae,mae_users,mae_low,mae_high,pair_accuracy,pair_accuracy_users,pair_accuracy_low,pair_accuracy_high,direct_rate,direct_rate_users,direct_rate_low,direct_rate_high,movies,rating_pairs,round_rating_instances,status,mse_status,mae_status,pair_accuracy_status,direct_rate_status
validation,0,0,ALL,ALS,0,,0,,,,0,,,,0,,,,0,,,0,0,0,NO_DATA,NO_DATA,NO_DATA,NO_DATA,NO_DATA
validation,0,0,ALL,FM,0,,0,,,,0,,,,0,,,,0,,,0,0,0,NO_DATA,NO_DATA,NO_DATA,NO_DATA,NO_DATA
validation,0,0,ALL,ALS_FM,0,,0,,,,0,,,,0,,,,0,,,0,0,0,NO_DATA,NO_DATA,NO_DATA,NO_DATA,NO_DATA
validation,0,0,ALL,RIDGE,0,,0,,,,0,,,,0,,,,0,,,0,0,0,NO_DATA,NO_DATA,NO_DATA,NO_DATA,NO_DATA
validation,0,0,ALL,GBT,0,,0,,,,0,,,,0,,,,0,,,0,0,0,NO_DATA,NO_DATA,NO_DATA,NO_DATA,NO_DATA
validation,0,0,0,ALS,0,,0,,,,0,,,,0,,,,0,,,0,0,0,NO_DATA,NO_DATA,NO_DATA,NO_DATA,NO_DATA
validation,0,0,0,FM,0,,0,,,,0,,,,0,,,,0,,,0,0,0,NO_DATA,NO_DATA,NO_DATA,NO_DATA,NO_DATA
validation,0,0,0,ALS_FM,0,,0,,,,0,,,,0,,,,0,,,0,0,0,NO_DATA,NO_DATA,NO_DATA,NO_DATA,NO_DATA
validation,0,0,0,RIDGE,0,,0,,,,0,,,,0,,,,0,,,0,0,0,NO_DATA,NO_DATA,NO_DATA,NO_DATA,NO_DATA
validation,0,0,0,GBT,0,,0,,,,0,,,,0,,,,0,,,0,0,0,NO_DATA,NO_DATA,NO_DATA,NO_DATA,NO_DATA
validation,0,0,1_9,ALS,0,,0,,,,0,,,,0,,,,0,,,0,0,0,NO_DATA,NO_DATA,NO_DATA,NO_DATA,NO_DATA
validation,0,0,1_9,FM,0,,0,,,,0,,,,0,,,,0,,,0,0,0,NO_DATA,NO_DATA,NO_DATA,NO_DATA,NO_DATA
validation,0,0,1_9,ALS_FM,0,,0,,,,0,,,,0,,,,0,,,0,0,0,NO_DATA,NO_DATA,NO_DATA,NO_DATA,NO_DATA
validation,0,0,1_9,RIDGE,0,,0,,,,0,,,,0,,,,0,,,0,0,0,NO_DATA,NO_DATA,NO_DATA,NO_DATA,NO_DATA
validation,0,0,1_9,GBT,0,,0,,,,0,,,,0,,,,0,,,0,0,0,NO_DATA,NO_DATA,NO_DATA,NO_DATA,NO_DATA
validation,0,0,10_49,ALS,0,,0,,,,0,,,,0,,,,0,,,0,0,0,NO_DATA,NO_DATA,NO_DATA,NO_DATA,NO_DATA
validation,0,0,10_49,FM,0,,0,,,,0,,,,0,,,,0,,,0,0,0,NO_DATA,NO_DATA,NO_DATA,NO_DATA,NO_DATA
validation,0,0,10_49,ALS_FM,0,,0,,,,0,,,,0,,,,0,,,0,0,0,NO_DATA,NO_DATA,NO_DATA,NO_DATA,NO_DATA
validation,0,0,10_49,RIDGE,0,,0,,,,0,,,,0,,,,0,,,0,0,0,NO_DATA,NO_DATA,NO_DATA,NO_DATA,NO_DATA
validation,0,0,10_49,GBT,0,,0,,,,0,,,,0,,,,0,,,0,0,0,NO_DATA,NO_DATA,NO_DATA,NO_DATA,NO_DATA
validation,0,0,50_PLUS,ALS,0,,0,,,,0,,,,0,,,,0,,,0,0,0,NO_DATA,NO_DATA,NO_DATA,NO_DATA,NO_DATA
validation,0,0,50_PLUS,FM,0,,0,,,,0,,,,0,,,,0,,,0,0,0,NO_DATA,NO_DATA,NO_DATA,NO_DATA,NO_DATA
validation,0,0,50_PLUS,ALS_FM,0,,0,,,,0,,,,0,,,,0,,,0,0,0,NO_DATA,NO_DATA,NO_DATA,NO_DATA,NO_DATA
validation,0,0,50_PLUS,RIDGE,0,,0,,,,0,,,,0,,,,0,,,0,0,0,NO_DATA,NO_DATA,NO_DATA,NO_DATA,NO_DATA
validation,0,0,50_PLUS,GBT,0,,0,,,,0,,,,0,,,,0,,,0,0,0,NO_DATA,NO_DATA,NO_DATA,NO_DATA,NO_DATA
validation,0,1_9,ALL,ALS,0,,0,,,,0,,,,0,,,,0,,,0,0,0,NO_DATA,NO_DATA,NO_DATA,NO_DATA,NO_DATA
validation,0,1_9,ALL,FM,0,,0,,,,0,,,,0,,,,0,,,0,0,0,NO_DATA,NO_DATA,NO_DATA,NO_DATA,NO_DATA
validation,0,1_9,ALL,ALS_FM,0,,0,,,,0,,,,0,,,,0,,,0,0,0,NO_DATA,NO_DATA,NO_DATA,NO_DATA,NO_DATA
validation,0,1_9,ALL,RIDGE,0,,0,,,,0,,,,0,,,,0,,,0,0,0,NO_DATA,NO_DATA,NO_DATA,NO_DATA,NO_DATA
validation,0,1_9,ALL,GBT,0,,0,,,,0,,,,0,,,,0,,,0,0,0,NO_DATA,NO_DATA,NO_DATA,NO_DATA,NO_DATA
validation,0,1_9,0,ALS,0,,0,,,,0,,,,0,,,,0,,,0,0,0,NO_DATA,NO_DATA,NO_DATA,NO_DATA,NO_DATA
validation,0,1_9,0,FM,0,,0,,,,0,,,,0,,,,0,,,0,0,0,NO_DATA,NO_DATA,NO_DATA,NO_DATA,NO_DATA
validation,0,1_9,0,ALS_FM,0,,0,,,,0,,,,0,,,,0,,,0,0,0,NO_DATA,NO_DATA,NO_DATA,NO_DATA,NO_DATA
validation,0,1_9,0,RIDGE,0,,0,,,,0,,,,0,,,,0,,,0,0,0,NO_DATA,NO_DATA,NO_DATA,NO_DATA,NO_DATA
validation,0,1_9,0,GBT,0,,0,,,,0,,,,0,,,,0,,,0,0,0,NO_DATA,NO_DATA,NO_DATA,NO_DATA,NO_DATA
validation,0,1_9,1_9,ALS,0,,0,,,,0,,,,0,,,,0,,,0,0,0,NO_DATA,NO_DATA,NO_DATA,NO_DATA,NO_DATA
validation,0,1_9,1_9,FM,0,,0,,,,0,,,,0,,,,0,,,0,0,0,NO_DATA,NO_DATA,NO_DATA,NO_DATA,NO_DATA
validation,0,1_9,1_9,ALS_FM,0,,0,,,,0,,,,0,,,,0,,,0,0,0,NO_DATA,NO_DATA,NO_DATA,NO_DATA,NO_DATA
validation,0,1_9,1_9,RIDGE,0,,0,,,,0,,,,0,,,,0,,,0,0,0,NO_DATA,NO_DATA,NO_DATA,NO_DATA,NO_DATA
validation,0,1_9,1_9,GBT,0,,0,,,,0,,,,0,,,,0,,,0,0,0,NO_DATA,NO_DATA,NO_DATA,NO_DATA,NO_DATA
validation,0,1_9,10_49,ALS,0,,0,,,,0,,,,0,,,,0,,,0,0,0,NO_DATA,NO_DATA,NO_DATA,NO_DATA,NO_DATA
validation,0,1_9,10_49,FM,0,,0,,,,0,,,,0,,,,0,,,0,0,0,NO_DATA,NO_DATA,NO_DATA,NO_DATA,NO_DATA
validation,0,1_9,10_49,ALS_FM,0,,0,,,,0,,,,0,,,,0,,,0,0,0,NO_DATA,NO_DATA,NO_DATA,NO_DATA,NO_DATA
validation,0,1_9,10_49,RIDGE,0,,0,,,,0,,,,0,,,,0,,,0,0,0,NO_DATA,NO_DATA,NO_DATA,NO_DATA,NO_DATA
validation,0,1_9,10_49,GBT,0,,0,,,,0,,,,0,,,,0,,,0,0,0,NO_DATA,NO_DATA,NO_DATA,NO_DATA,NO_DATA
validation,0,1_9,50_PLUS,ALS,0,,0,,,,0,,,,0,,,,0,,,0,0,0,NO_DATA,NO_DATA,NO_DATA,NO_DATA,NO_DATA
validation,0,1_9,50_PLUS,FM,0,,0,,,,0,,,,0,,,,0,,,0,0,0,NO_DATA,NO_DATA,NO_DATA,NO_DATA,NO_DATA
validation,0,1_9,50_PLUS,ALS_FM,0,,0,,,,0,,,,0,,,,0,,,0,0,0,NO_DATA,NO_DATA,NO_DATA,NO_DATA,NO_DATA
validation,0,1_9,50_PLUS,RIDGE,0,,0,,,,0,,,,0,,,,0,,,0,0,0,NO_DATA,NO_DATA,NO_DATA,NO_DATA,NO_DATA
validation,0,1_9,50_PLUS,GBT,0,,0,,,,0,,,,0,,,,0,,,0,0,0,NO_DATA,NO_DATA,NO_DATA,NO_DATA,NO_DATA
validation,0,10_29,ALL,ALS,0,,0,,,,0,,,,0,,,,0,,,0,0,0,NO_DATA,NO_DATA,NO_DATA,NO_DATA,NO_DATA
validation,0,10_29,ALL,FM,0,,0,,,,0,,,,0,,,,0,,,0,0,0,NO_DATA,NO_DATA,NO_DATA,NO_DATA,NO_DATA
validation,0,10_29,ALL,ALS_FM,0,,0,,,,0,,,,0,,,,0,,,0,0,0,NO_DATA,NO_DATA,NO_DATA,NO_DATA,NO_DATA
validation,0,10_29,ALL,RIDGE,0,,0,,,,0,,,,0,,,,0,,,0,0,0,NO_DATA,NO_DATA,NO_DATA,NO_DATA,NO_DATA
validation,0,10_29,ALL,GBT,0,,0,,,,0,,,,0,,,,0,,,0,0,0,NO_DATA,NO_DATA,NO_DATA,NO_DATA,NO_DATA
validation,0,10_29,0,ALS,0,,0,,,,0,,,,0,,,,0,,,0,0,0,NO_DATA,NO_DATA,NO_DATA,NO_DATA,NO_DATA
validation,0,10_29,0,FM,0,,0,,,,0,,,,0,,,,0,,,0,0,0,NO_DATA,NO_DATA,NO_DATA,NO_DATA,NO_DATA
validation,0,10_29,0,ALS_FM,0,,0,,,,0,,,,0,,,,0,,,0,0,0,NO_DATA,NO_DATA,NO_DATA,NO_DATA,NO_DATA
validation,0,10_29,0,RIDGE,0,,0,,,,0,,,,0,,,,0,,,0,0,0,NO_DATA,NO_DATA,NO_DATA,NO_DATA,NO_DATA
validation,0,10_29,0,GBT,0,,0,,,,0,,,,0,,,,0,,,0,0,0,NO_DATA,NO_DATA,NO_DATA,NO_DATA,NO_DATA
validation,0,10_29,1_9,ALS,0,,0,,,,0,,,,0,,,,0,,,0,0,0,NO_DATA,NO_DATA,NO_DATA,NO_DATA,NO_DATA
validation,0,10_29,1_9,FM,0,,0,,,,0,,,,0,,,,0,,,0,0,0,NO_DATA,NO_DATA,NO_DATA,NO_DATA,NO_DATA
validation,0,10_29,1_9,ALS_FM,0,,0,,,,0,,,,0,,,,0,,,0,0,0,NO_DATA,NO_DATA,NO_DATA,NO_DATA,NO_DATA
validation,0,10_29,1_9,RIDGE,0,,0,,,,0,,,,0,,,,0,,,0,0,0,NO_DATA,NO_DATA,NO_DATA,NO_DATA,NO_DATA
validation,0,10_29,1_9,GBT,0,,0,,,,0,,,,0,,,,0,,,0,0,0,NO_DATA,NO_DATA,NO_DATA,NO_DATA,NO_DATA
validation,0,10_29,10_49,ALS,0,,0,,,,0,,,,0,,,,0,,,0,0,0,NO_DATA,NO_DATA,NO_DATA,NO_DATA,NO_DATA
validation,0,10_29,10_49,FM,0,,0,,,,0,,,,0,,,,0,,,0,0,0,NO_DATA,NO_DATA,NO_DATA,NO_DATA,NO_DATA
validation,0,10_29,10_49,ALS_FM,0,,0,,,,0,,,,0,,,,0,,,0,0,0,NO_DATA,NO_DATA,NO_DATA,NO_DATA,NO_DATA
validation,0,10_29,10_49,RIDGE,0,,0,,,,0,,,,0,,,,0,,,0,0,0,NO_DATA,NO_DATA,NO_DATA,NO_DATA,NO_DATA
validation,0,10_29,10_49,GBT,0,,0,,,,0,,,,0,,,,0,,,0,0,0,NO_DATA,NO_DATA,NO_DATA,NO_DATA,NO_DATA
validation,0,10_29,50_PLUS,ALS,0,,0,,,,0,,,,0,,,,0,,,0,0,0,NO_DATA,NO_DATA,NO_DATA,NO_DATA,NO_DATA
validation,0,10_29,50_PLUS,FM,0,,0,,,,0,,,,0,,,,0,,,0,0,0,NO_DATA,NO_DATA,NO_DATA,NO_DATA,NO_DATA
validation,0,10_29,50_PLUS,ALS_FM,0,,0,,,,0,,,,0,,,,0,,,0,0,0,NO_DATA,NO_DATA,NO_DATA,NO_DATA,NO_DATA
validation,0,10_29,50_PLUS,RIDGE,0,,0,,,,0,,,,0,,,,0,,,0,0,0,NO_DATA,NO_DATA,NO_DATA,NO_DATA,NO_DATA
validation,0,10_29,50_PLUS,GBT,0,,0,,,,0,,,,0,,,,0,,,0,0,0,NO_DATA,NO_DATA,NO_DATA,NO_DATA,NO_DATA
validation,0,30_99,ALL,ALS,62,1.0952174539810353,62,0.9285469956681648,1.289160286157866,0.8532529611551154,62,0.7868189733052176,0.9170419271763646,0.5,59,0.5,0.5,0.0,62,0.0,0.0,2138,4299,12897,DESCRIPTIVE_ONLY,DESCRIPTIVE_ONLY,DESCRIPTIVE_ONLY,DESCRIPTIVE_ONLY,DESCRIPTIVE_ONLY
validation,0,30_99,ALL,FM,62,1.1094564420947313,62,0.952932811881188,1.2905078744279836,0.8529590400631356,62,0.7855791790168529,0.9206684785800935,0.586556884618339,59,0.5481134995001995,0.6223479115467927,0.0,62,0.0,0.0,2138,4299,12897,DESCRIPTIVE_ONLY,DESCRIPTIVE_ONLY,DESCRIPTIVE_ONLY,DESCRIPTIVE_ONLY,DESCRIPTIVE_ONLY
validation,0,30_99,ALL,ALS_FM,62,1.1094564420947313,62,0.9412680961017055,1.285119754571718,0.8529590400631356,62,0.7849632724273122,0.9210808668311978,0.586556884618339,59,0.5509205786619383,0.6258175872664561,0.0,62,0.0,0.0,2138,4299,12897,DESCRIPTIVE_ONLY,DESCRIPTIVE_ONLY,DESCRIPTIVE_ONLY,DESCRIPTIVE_ONLY,DESCRIPTIVE_ONLY
validation,0,30_99,ALL,RIDGE,62,1.0930369817804853,62,0.9244097989339902,1.2916955790102365,0.85729443235292,62,0.793944207151442,0.9245181847370972,0.5771217425595184,59,0.5444279090778676,0.6104830021739592,0.0,62,0.0,0.0,2138,4299,12897,DESCRIPTIVE_ONLY,DESCRIPTIVE_ONLY,DESCRIPTIVE_ONLY,DESCRIPTIVE_ONLY,DESCRIPTIVE_ONLY
validation,0,30_99,ALL,GBT,62,1.0209473671154206,62,0.853617666920458,1.2224115544561147,0.8070368772572352,62,0.7414714524513044,0.8786396635324981,0.5772725608166955,59,0.5420930901533414,0.6128282865256031,0.0,62,0.0,0.0,2138,4299,12897,DESCRIPTIVE_ONLY,DESCRIPTIVE_ONLY,DESCRIPTIVE_ONLY,DESCRIPTIVE_ONLY,DESCRIPTIVE_ONLY
validation,0,30_99,0,ALS,57,1.0395775052544465,57,0.8662572549774941,1.2300154798246095,0.8323423259169507,57,0.7588668985048739,0.9124592564177245,0.5,51,0.5,0.5,0.0,57,0.0,0.0,833,1391,3932,DESCRIPTIVE_ONLY,DESCRIPTIVE_ONLY,DESCRIPTIVE_ONLY,DESCRIPTIVE_ONLY,DESCRIPTIVE_ONLY
validation,0,30_99,0,FM,57,1.1870305306588664,57,1.020162651015872,1.353143880582962,0.8960979254807554,57,0.817448337380863,0.9758711874946319,0.5609908480162134,51,0.5025254747157125,0.6174908420444217,0.0,57,0.0,0.0,833,1391,3932,DESCRIPTIVE_ONLY,DESCRIPTIVE_ONLY,DESCRIPTIVE_ONLY,DESCRIPTIVE_ONLY,DESCRIPTIVE_ONLY
validation,0,30_99,0,ALS_FM,57,1.1870305306588664,57,1.0225837991787026,1.353694922739649,0.8960979254807554,57,0.82143652392228,0.9695965941916744,0.5609908480162134,51,0.49969523078743455,0.6169160072805009,0.0,57,0.0,0.0,833,1391,3932,DESCRIPTIVE_ONLY,DESCRIPTIVE_ONLY,DESCRIPTIVE_ONLY,DESCRIPTIVE_ONLY,DESCRIPTIVE_ONLY
validation,0,30_99,0,RIDGE,57,1.042283558100247,57,0.8725885469707488,1.2354314413608927,0.8362350207188342,57,0.7547767017520906,0.9191851826270002,0.5524490574330939,51,0.4911922189570828,0.6114886498876433,0.0,57,0.0,0.0,833,1391,3932,DESCRIPTIVE_ONLY,DESCRIPTIVE_ONLY,DESCRIPTIVE_ONLY,DESCRIPTIVE_ONLY,DESCRIPTIVE_ONLY
validation,0,30_99,0,GBT,57,0.9828374011481035,57,0.8234436254673368,1.1598845958822477,0.7926135290852735,57,0.7133715917184773,0.8762329607103413,0.54894702766933,51,0.4916478530535209,0.6039902398778014,0.0,57,0.0,0.0,833,1391,3932,DESCRIPTIVE_ONLY,DESCRIPTIVE_ONLY,DESCRIPTIVE_ONLY,DESCRIPTIVE_ONLY,DESCRIPTIVE_ONLY
validation,0,30_99,1_9,ALS,47,1.385580121165642,47,1.0151599623491139,1.8763276140856764,0.947121281795881,47,0.8034453224638382,1.0985003515717688,0.5,31,0.5,0.5,0.0,47,0.0,0.0,477,565,1218,DESCRIPTIVE_ONLY,DESCRIPTIVE_ONLY,DESCRIPTIVE_ONLY,DESCRIPTIVE_ONLY,DESCRIPTIVE_ONLY
validation,0,30_99,1_9,FM,47,1.2719363228197806,47,0.9655936925025025,1.649268938166864,0.9098262433619849,47,0.7888899065679877,1.0365760230888823,0.5523775462216126,31,0.46385530602377134,0.6331880076475116,0.0,47,0.0,0.0,477,565,1218,DESCRIPTIVE_ONLY,DESCRIPTIVE_ONLY,DESCRIPTIVE_ONLY,DESCRIPTIVE_ONLY,DESCRIPTIVE_ONLY
validation,0,30_99,1_9,ALS_FM,47,1.2719363228197806,47,0.9443811081465253,1.632079989261217,0.9098262433619849,47,0.7906808577540968,1.043251142604849,0.5523775462216126,31,0.4674055667777102,0.6344025318551988,0.0,47,0.0,0.0,477,565,1218,DESCRIPTIVE_ONLY,DESCRIPTIVE_ONLY,DESCRIPTIVE_ONLY,DESCRIPTIVE_ONLY,DESCRIPTIVE_ONLY
validation,0,30_99,1_9,RIDGE,47,1.3696412442786428,47,1.0039892678416595,1.8370790412635956,0.9472427184144414,47,0.8037199651316465,1.0933543830738206,0.5230774431774706,31,0.4229163801253475,0.617597747624071,0.0,47,0.0,0.0,477,565,1218,DESCRIPTIVE_ONLY,DESCRIPTIVE_ONLY,DESCRIPTIVE_ONLY,DESCRIPTIVE_ONLY,DESCRIPTIVE_ONLY
validation,0,30_99,1_9,GBT,47,1.3360251079209975,47,0.9698477178659592,1.7744487407936527,0.9249825078938897,47,0.7909294479717689,1.0726197014834342,0.5448536206336504,31,0.4643044372851922,0.6247906258621845,0.0,47,0.0,0.0,477,565,1218,DESCRIPTIVE_ONLY,DESCRIPTIVE_ONLY,DESCRIPTIVE_ONLY,DESCRIPTIVE_ONLY,DESCRIPTIVE_ONLY
validation,0,30_99,10_49,ALS,54,1.0550461759065923,54,0.764709121441278,1.4714891576352014,0.8224787200132163,54,0.7237873760477986,0.9376386384810687,0.5,41,0.5,0.5,0.0,54,0.0,0.0,554,965,2374,DESCRIPTIVE_ONLY,DESCRIPTIVE_ONLY,DESCRIPTIVE_ONLY,DESCRIPTIVE_ONLY,DESCRIPTIVE_ONLY
validation,0,30_99,10_49,FM,54,1.0248100159706384,54,0.7495425086914028,1.4579397327086319,0.7867254190689964,54,0.6784411981327916,0.9154668919538858,0.5724469524729318,41,0.5076063414040589,0.6380893668641989,0.0,54,0.0,0.0,554,965,2374,DESCRIPTIVE_ONLY,DESCRIPTIVE_ONLY,DESCRIPTIVE_ONLY,DESCRIPTIVE_ONLY,DESCRIPTIVE_ONLY
validation,0,30_99,10_49,ALS_FM,54,1.0248100159706384,54,0.7508522651778767,1.464981282116942,0.7867254190689964,54,0.677703090814761,0.9107473568012106,0.5724469524729318,41,0.5045615533507697,0.6372137717691264,0.0,54,0.0,0.0,554,965,2374,DESCRIPTIVE_ONLY,DESCRIPTIVE_ONLY,DESCRIPTIVE_ONLY,DESCRIPTIVE_ONLY,DESCRIPTIVE_ONLY
validation,0,30_99,10_49,RIDGE,54,1.0401101693171013,54,0.7711342900627112,1.459527377607829,0.8189733886714637,54,0.7224271225258037,0.9387978051278535,0.576597927764885,41,0.4948752966078407,0.6520845705097106,0.0,54,0.0,0.0,554,965,2374,DESCRIPTIVE_ONLY,DESCRIPTIVE_ONLY,DESCRIPTIVE_ONLY,DESCRIPTIVE_ONLY,DESCRIPTIVE_ONLY
validation,0,30_99,10_49,GBT,54,0.9812230750386836,54,0.7153262395151204,1.3891872924203663,0.7738295353503554,54,0.67074792918271,0.9057974244620318,0.5797494322161594,41,0.5069359032817227,0.6494140256244366,0.0,54,0.0,0.0,554,965,2374,DESCRIPTIVE_ONLY,DESCRIPTIVE_ONLY,DESCRIPTIVE_ONLY,DESCRIPTIVE_ONLY,DESCRIPTIVE_ONLY
validation,0,30_99,50_PLUS,ALS,56,1.1144908414617232,56,0.8343597719688145,1.5126917543254852,0.8493351784039076,56,0.754073358906418,0.9693695743903549,0.5,50,0.5,0.5,0.0,56,0.0,0.0,620,1885,5373,DESCRIPTIVE_ONLY,DESCRIPTIVE_ONLY,DESCRIPTIVE_ONLY,DESCRIPTIVE_ONLY,DESCRIPTIVE_ONLY
validation,0,30_99,50_PLUS,FM,56,1.0786838719107585,56,0.8305556660154632,1.4973532338739275,0.8390707413445408,56,0.7487257186412261,0.9485746533371648,0.5700980656475219,50,0.5228316780070288,0.6169369878376176,0.0,56,0.0,0.0,620,1885,5373,DESCRIPTIVE_ONLY,DESCRIPTIVE_ONLY,DESCRIPTIVE_ONLY,DESCRIPTIVE_ONLY,DESCRIPTIVE_ONLY
validation,0,30_99,50_PLUS,ALS_FM,56,1.0786838719107585,56,0.8264186677525672,1.4870666204376322,0.8390707413445408,56,0.7524791353634926,0.9423699301230064,0.5700980656475219,50,0.5229772207960564,0.6203574940451727,0.0,56,0.0,0.0,620,1885,5373,DESCRIPTIVE_ONLY,DESCRIPTIVE_ONLY,DESCRIPTIVE_ONLY,DESCRIPTIVE_ONLY,DESCRIPTIVE_ONLY
validation,0,30_99,50_PLUS,RIDGE,56,1.1116976967211596,56,0.8441950360528029,1.5022813319126929,0.8535780368378675,56,0.7598756009707419,0.9634159060970598,0.5592898724898527,50,0.5153302306745958,0.6063921256748761,0.0,56,0.0,0.0,620,1885,5373,DESCRIPTIVE_ONLY,DESCRIPTIVE_ONLY,DESCRIPTIVE_ONLY,DESCRIPTIVE_ONLY,DESCRIPTIVE_ONLY
validation,0,30_99,50_PLUS,GBT,56,1.0631728361569501,56,0.7659942123650421,1.5105675499529048,0.813295190419842,56,0.7237818154106005,0.9453295442805159,0.5924011408189243,50,0.5522999013324468,0.6337207077998982,0.0,56,0.0,0.0,620,1885,5373,DESCRIPTIVE_ONLY,DESCRIPTIVE_ONLY,DESCRIPTIVE_ONLY,DESCRIPTIVE_ONLY,DESCRIPTIVE_ONLY
validation,0,100_299,ALL,ALS,78,1.0593220756693242,78,0.8786580027041977,1.2659051007878377,0.8154848461216664,78,0.7485968569285434,0.8914302594728378,0.5,75,0.5,0.5,0.0,78,0.0,0.0,3074,7091,21273,DESCRIPTIVE_ONLY,DESCRIPTIVE_ONLY,DESCRIPTIVE_ONLY,DESCRIPTIVE_ONLY,DESCRIPTIVE_ONLY
validation,0,100_299,ALL,FM,78,1.0901225939777979,78,0.9335667676633503,1.2641832830031983,0.8377036105928968,78,0.776375080407556,0.9042179456391647,0.554452916826676,75,0.5147155410059043,0.5942550088805677,0.0,78,0.0,0.0,3074,7091,21273,DESCRIPTIVE_ONLY,DESCRIPTIVE_ONLY,DESCRIPTIVE_ONLY,DESCRIPTIVE_ONLY,DESCRIPTIVE_ONLY
validation,0,100_299,ALL,ALS_FM,78,1.0901225939777979,78,0.9368774801869227,1.2668629864891279,0.8377036105928968,78,0.774888052907814,0.9074192419637496,0.554452916826676,75,0.5154334573321981,0.5945551863488735,0.0,78,0.0,0.0,3074,7091,21273,DESCRIPTIVE_ONLY,DESCRIPTIVE_ONLY,DESCRIPTIVE_ONLY,DESCRIPTIVE_ONLY,DESCRIPTIVE_ONLY
validation,0,100_299,ALL,RIDGE,78,1.0589805947368474,78,0.8894516351322711,1.2461375699833501,0.8199190928795561,78,0.7506035099904929,0.8935024640622143,0.5677754606786963,75,0.5267480215039666,0.6048772252277489,0.0,78,0.0,0.0,3074,7091,21273,DESCRIPTIVE_ONLY,DESCRIPTIVE_ONLY,DESCRIPTIVE_ONLY,DESCRIPTIVE_ONLY,DESCRIPTIVE_ONLY
validation,0,100_299,ALL,GBT,78,1.026471922922954,78,0.8579067999710343,1.2252182549778587,0.7977868446646637,78,0.7303621070618276,0.8685613731965095,0.5482421623660862,75,0.5083215521844099,0.5861708342701338,0.0,78,0.0,0.0,3074,7091,21273,DESCRIPTIVE_ONLY,DESCRIPTIVE_ONLY,DESCRIPTIVE_ONLY,DESCRIPTIVE_ONLY,DESCRIPTIVE_ONLY
validation,0,100_299,0,ALS,74,1.2348390231292923,74,0.9584089466979315,1.5753372576477465,0.8911243994635561,74,0.7978420529634936,0.997942581566385,0.5,65,0.5,0.5,0.0,74,0.0,0.0,1271,2588,7299,DESCRIPTIVE_ONLY,DESCRIPTIVE_ONLY,DESCRIPTIVE_ONLY,DESCRIPTIVE_ONLY,DESCRIPTIVE_ONLY
validation,0,100_299,0,FM,74,1.2826308079311635,74,1.0501777058720045,1.5898641526171304,0.9366278595819996,74,0.8582132783463629,1.0267999970775672,0.5708546083665134,65,0.5304496626348494,0.6116836625684339,0.0,74,0.0,0.0,1271,2588,7299,DESCRIPTIVE_ONLY,DESCRIPTIVE_ONLY,DESCRIPTIVE_ONLY,DESCRIPTIVE_ONLY,DESCRIPTIVE_ONLY
validation,0,100_299,0,ALS_FM,74,1.2826308079311635,74,1.0386930203739122,1.590724858045769,0.9366278595819996,74,0.8554351612935835,1.0287045341522394,0.5708546083665134,65,0.5291408073764502,0.6118070260228876,0.0,74,0.0,0.0,1271,2588,7299,DESCRIPTIVE_ONLY,DESCRIPTIVE_ONLY,DESCRIPTIVE_ONLY,DESCRIPTIVE_ONLY,DESCRIPTIVE_ONLY
validation,0,100_299,0,RIDGE,74,1.2311843767644581,74,0.969601352792823,1.5920219639511601,0.8981772574692213,74,0.8088570230521486,1.0090361958523233,0.5859978120002227,65,0.5430866941191896,0.6286252426399356,0.0,74,0.0,0.0,1271,2588,7299,DESCRIPTIVE_ONLY,DESCRIPTIVE_ONLY,DESCRIPTIVE_ONLY,DESCRIPTIVE_ONLY,DESCRIPTIVE_ONLY
validation,0,100_299,0,GBT,74,1.190135143048751,74,0.9223461541293164,1.5361404578882574,0.8746185795795911,74,0.7874143555697322,0.9823681361364472,0.5637245331246016,65,0.5172538559526266,0.6080076476666513,0.0,74,0.0,0.0,1271,2588,7299,DESCRIPTIVE_ONLY,DESCRIPTIVE_ONLY,DESCRIPTIVE_ONLY,DESCRIPTIVE_ONLY,DESCRIPTIVE_ONLY
validation,0,100_299,1_9,ALS,61,1.1035894911428659,61,0.7749403141329154,1.5682348799989831,0.8120676892060718,61,0.6876441665566609,0.9401089164054678,0.5,47,0.5,0.5,0.0,61,0.0,0.0,864,1301,2898,DESCRIPTIVE_ONLY,DESCRIPTIVE_ONLY,DESCRIPTIVE_ONLY,DESCRIPTIVE_ONLY,DESCRIPTIVE_ONLY
validation,0,100_299,1_9,FM,61,1.1384908215809715,61,0.827201666102579,1.569194614112646,0.8393408556785285,61,0.7338000074924036,0.9591571738174932,0.5002477705831482,47,0.42696325613877856,0.5784084671033516,0.0,61,0.0,0.0,864,1301,2898,DESCRIPTIVE_ONLY,DESCRIPTIVE_ONLY,DESCRIPTIVE_ONLY,DESCRIPTIVE_ONLY,DESCRIPTIVE_ONLY
validation,0,100_299,1_9,ALS_FM,61,1.1384908215809715,61,0.8339026366365377,1.5823499956373839,0.8393408556785285,61,0.7258831844037448,0.9645902303384024,0.5002477705831482,47,0.421109667224474,0.5736906471420891,0.0,61,0.0,0.0,864,1301,2898,DESCRIPTIVE_ONLY,DESCRIPTIVE_ONLY,DESCRIPTIVE_ONLY,DESCRIPTIVE_ONLY,DESCRIPTIVE_ONLY
validation,0,100_299,1_9,RIDGE,61,1.0960599871462418,61,0.7842208631190516,1.488841081296723,0.8151056102146664,61,0.7031002316945537,0.9448436712597911,0.554787193802819,47,0.48089102413330315,0.6255906659768642,0.0,61,0.0,0.0,864,1301,2898,DESCRIPTIVE_ONLY,DESCRIPTIVE_ONLY,DESCRIPTIVE_ONLY,DESCRIPTIVE_ONLY,DESCRIPTIVE_ONLY
validation,0,100_299,1_9,GBT,61,1.07220072196373,61,0.7314419319446263,1.5037925168065998,0.8010544748948842,61,0.6834296118961748,0.9313098631220371,0.5429881316778198,47,0.4731553591867923,0.610062978969364,0.0,61,0.0,0.0,864,1301,2898,DESCRIPTIVE_ONLY,DESCRIPTIVE_ONLY,DESCRIPTIVE_ONLY,DESCRIPTIVE_ONLY,DESCRIPTIVE_ONLY
validation,0,100_299,10_49,ALS,68,0.9487035270280446,68,0.7417908640927282,1.1897899924067599,0.7465025567250776,68,0.6551488243428,0.8474808691476486,0.5,52,0.5,0.5,0.0,68,0.0,0.0,809,1793,4414,DESCRIPTIVE_ONLY,DESCRIPTIVE_ONLY,DESCRIPTIVE_ONLY,DESCRIPTIVE_ONLY,DESCRIPTIVE_ONLY
validation,0,100_299,10_49,FM,68,0.9434053055267526,68,0.7389092818897268,1.184240883151435,0.754352266375897,68,0.66085311859725,0.8530954582533175,0.5772679476134958,52,0.5143897410310843,0.638199389722174,0.0,68,0.0,0.0,809,1793,4414,DESCRIPTIVE_ONLY,DESCRIPTIVE_ONLY,DESCRIPTIVE_ONLY,DESCRIPTIVE_ONLY,DESCRIPTIVE_ONLY
validation,0,100_299,10_49,ALS_FM,68,0.9434053055267526,68,0.7452268527540427,1.1815727346174054,0.754352266375897,68,0.6619883792059168,0.8503797738989337,0.5772679476134958,52,0.5119574936474256,0.6404497509601829,0.0,68,0.0,0.0,809,1793,4414,DESCRIPTIVE_ONLY,DESCRIPTIVE_ONLY,DESCRIPTIVE_ONLY,DESCRIPTIVE_ONLY,DESCRIPTIVE_ONLY
validation,0,100_299,10_49,RIDGE,68,0.9479873598129674,68,0.7390158632687233,1.1970186884598257,0.7492451193072318,68,0.6492707712986902,0.8479004875130163,0.6386773901404064,52,0.5712417069908511,0.6993389896720806,0.0,68,0.0,0.0,809,1793,4414,DESCRIPTIVE_ONLY,DESCRIPTIVE_ONLY,DESCRIPTIVE_ONLY,DESCRIPTIVE_ONLY,DESCRIPTIVE_ONLY
validation,0,100_299,10_49,GBT,68,0.9075855216956641,68,0.6962956463759468,1.1490726237843667,0.7250471493161961,68,0.6294128841253496,0.8202253543209206,0.6007838206260981,52,0.5454633590797673,0.6531059093548075,0.0,68,0.0,0.0,809,1793,4414,DESCRIPTIVE_ONLY,DESCRIPTIVE_ONLY,DESCRIPTIVE_ONLY,DESCRIPTIVE_ONLY,DESCRIPTIVE_ONLY
validation,0,100_299,50_PLUS,ALS,71,1.0332296260948568,71,0.8237456571565125,1.2716568374482207,0.8011288077107125,71,0.7124366234307921,0.8910405707293018,0.5,62,0.5,0.5,0.0,71,0.0,0.0,669,2355,6662,DESCRIPTIVE_ONLY,DESCRIPTIVE_ONLY,DESCRIPTIVE_ONLY,DESCRIPTIVE_ONLY,DESCRIPTIVE_ONLY
validation,0,100_299,50_PLUS,FM,71,1.0330095272625504,71,0.837813198113087,1.2622649314984207,0.7979095075084135,71,0.7116772241764246,0.8828581892835198,0.5336527020593824,62,0.4818680514348999,0.5873153616098314,0.0,71,0.0,0.0,669,2355,6662,DESCRIPTIVE_ONLY,DESCRIPTIVE_ONLY,DESCRIPTIVE_ONLY,DESCRIPTIVE_ONLY,DESCRIPTIVE_ONLY
validation,0,100_299,50_PLUS,ALS_FM,71,1.0330095272625504,71,0.828932613640895,1.2649743816708177,0.7979095075084135,71,0.7151865183590476,0.8853214902889609,0.5336527020593824,62,0.4779468279699463,0.5902537702069047,0.0,71,0.0,0.0,669,2355,6662,DESCRIPTIVE_ONLY,DESCRIPTIVE_ONLY,DESCRIPTIVE_ONLY,DESCRIPTIVE_ONLY,DESCRIPTIVE_ONLY
validation,0,100_299,50_PLUS,RIDGE,71,1.033690283677811,71,0.8333744384782255,1.247506139250329,0.8050094565876222,71,0.7195476678186029,0.8966467956690911,0.5425974389733482,62,0.4892355081702803,0.5962813368603495,0.0,71,0.0,0.0,669,2355,6662,DESCRIPTIVE_ONLY,DESCRIPTIVE_ONLY,DESCRIPTIVE_ONLY,DESCRIPTIVE_ONLY,DESCRIPTIVE_ONLY
validation,0,100_299,50_PLUS,GBT,71,1.0168649176953417,71,0.8064728256544041,1.2509710244655972,0.7810721705436863,71,0.6936391399671699,0.8719237339479962,0.5273541296182945,62,0.48104680557412854,0.5757996309190061,0.0,71,0.0,0.0,669,2355,6662,DESCRIPTIVE_ONLY,DESCRIPTIVE_ONLY,DESCRIPTIVE_ONLY,DESCRIPTIVE_ONLY,DESCRIPTIVE_ONLY
validation,0,300_PLUS,ALL,ALS,160,0.9396297614318577,160,0.8463981946423176,1.0439627176090394,0.7478062058365036,160,0.7102323048134378,0.7879704222334578,0.5,160,0.5,0.5,0.0,160,0.0,0.0,21309,37856,113568,DESCRIPTIVE_ONLY,DESCRIPTIVE_ONLY,DESCRIPTIVE_ONLY,DESCRIPTIVE_ONLY,DESCRIPTIVE_ONLY
validation,0,300_PLUS,ALL,FM,160,0.9939266890791594,160,0.900033425232982,1.098104164189408,0.7756380968602155,160,0.7399178945411646,0.8145456654984459,0.5611498261809365,160,0.54558344981826,0.5755862930684938,0.0,160,0.0,0.0,21309,37856,113568,DESCRIPTIVE_ONLY,DESCRIPTIVE_ONLY,DESCRIPTIVE_ONLY,DESCRIPTIVE_ONLY,DESCRIPTIVE_ONLY
validation,0,300_PLUS,ALL,ALS_FM,160,0.9939266890791594,160,0.8981136357227125,1.0931277646943232,0.7756380968602155,160,0.7369397790489288,0.817691544591855,0.5611498261809365,160,0.5446839089045371,0.5759835630724197,0.0,160,0.0,0.0,21309,37856,113568,DESCRIPTIVE_ONLY,DESCRIPTIVE_ONLY,DESCRIPTIVE_ONLY,DESCRIPTIVE_ONLY,DESCRIPTIVE_ONLY
validation,0,300_PLUS,ALL,RIDGE,160,0.9216611515065292,160,0.8281175128132793,1.020467301863266,0.7405523193546577,160,0.7005525748300322,0.7819075337285234,0.5805771034202682,160,0.5641661755809672,0.5974246478719192,0.0,160,0.0,0.0,21309,37856,113568,DESCRIPTIVE_ONLY,DESCRIPTIVE_ONLY,DESCRIPTIVE_ONLY,DESCRIPTIVE_ONLY,DESCRIPTIVE_ONLY
validation,0,300_PLUS,ALL,GBT,160,0.9180179589212549,160,0.8177545317593257,1.0317666530505067,0.7290971567343758,160,0.6897344627499835,0.7709681628023968,0.5752769978485921,160,0.5619860893503246,0.5889594420461546,0.0,160,0.0,0.0,21309,37856,113568,DESCRIPTIVE_ONLY,DESCRIPTIVE_ONLY,DESCRIPTIVE_ONLY,DESCRIPTIVE_ONLY,DESCRIPTIVE_ONLY
validation,0,300_PLUS,0,ALS,159,0.9179224199635757,159,0.8230928162237565,1.0155772930026121,0.7388478752918607,159,0.695495717154291,0.7783686019999553,0.5,154,0.5,0.5,0.0,159,0.0,0.0,17661,27208,77274,DESCRIPTIVE_ONLY,DESCRIPTIVE_ONLY,DESCRIPTIVE_ONLY,DESCRIPTIVE_ONLY,DESCRIPTIVE_ONLY
validation,0,300_PLUS,0,FM,159,1.0336724897884966,159,0.9377609467069439,1.1404795177290745,0.8033322895418954,159,0.7608695400291744,0.8470625739246694,0.5603536353311418,154,0.5362261700757778,0.5844751294164494,0.0,159,0.0,0.0,17661,27208,77274,DESCRIPTIVE_ONLY,DESCRIPTIVE_ONLY,DESCRIPTIVE_ONLY,DESCRIPTIVE_ONLY,DESCRIPTIVE_ONLY
validation,0,300_PLUS,0,ALS_FM,159,1.0336724897884966,159,0.9339315160614571,1.1399930101181497,0.8033322895418954,159,0.7587706592964222,0.8484302483808907,0.5603536353311418,154,0.5366909645432402,0.5823503849962379,0.0,159,0.0,0.0,17661,27208,77274,DESCRIPTIVE_ONLY,DESCRIPTIVE_ONLY,DESCRIPTIVE_ONLY,DESCRIPTIVE_ONLY,DESCRIPTIVE_ONLY
validation,0,300_PLUS,0,RIDGE,159,0.9033030357703298,159,0.8033843262897629,1.002221384938046,0.7326351576491389,159,0.6911524726432018,0.7729322137868404,0.5781819483486875,154,0.554481447437059,0.6020840451594931,0.0,159,0.0,0.0,17661,27208,77274,DESCRIPTIVE_ONLY,DESCRIPTIVE_ONLY,DESCRIPTIVE_ONLY,DESCRIPTIVE_ONLY,DESCRIPTIVE_ONLY
validation,0,300_PLUS,0,GBT,159,0.903875288160502,159,0.8068440249890644,1.0017370973241002,0.7244080832067248,159,0.6846569121163502,0.7660096236041755,0.5637979990787729,154,0.5414968665224578,0.585841673100993,0.0,159,0.0,0.0,17661,27208,77274,DESCRIPTIVE_ONLY,DESCRIPTIVE_ONLY,DESCRIPTIVE_ONLY,DESCRIPTIVE_ONLY,DESCRIPTIVE_ONLY
validation,0,300_PLUS,1_9,ALS,151,0.9488819731177602,151,0.838653439806208,1.06624249650521,0.7618099825911934,151,0.711183051376519,0.8119950174898131,0.5,135,0.5,0.5,0.0,151,0.0,0.0,3859,7209,15149,DESCRIPTIVE_ONLY,DESCRIPTIVE_ONLY,DESCRIPTIVE_ONLY,DESCRIPTIVE_ONLY,DESCRIPTIVE_ONLY
validation,0,300_PLUS,1_9,FM,151,0.9497611128763318,151,0.8430885983221171,1.0650030537294242,0.7612832397815029,151,0.7125535448972299,0.8103307598942074,0.557503579168061,135,0.5267014894383164,0.5885089054426252,0.0,151,0.0,0.0,3859,7209,15149,DESCRIPTIVE_ONLY,DESCRIPTIVE_ONLY,DESCRIPTIVE_ONLY,DESCRIPTIVE_ONLY,DESCRIPTIVE_ONLY
validation,0,300_PLUS,1_9,ALS_FM,151,0.9497611128763318,151,0.8427347818969538,1.0565730918436442,0.7612832397815029,151,0.709180774505334,0.813637441197977,0.557503579168061,135,0.5263906465672163,0.5891241648798692,0.0,151,0.0,0.0,3859,7209,15149,DESCRIPTIVE_ONLY,DESCRIPTIVE_ONLY,DESCRIPTIVE_ONLY,DESCRIPTIVE_ONLY,DESCRIPTIVE_ONLY
validation,0,300_PLUS,1_9,RIDGE,151,0.9209229563781941,151,0.8102083969565615,1.0364291327327917,0.7499049743439115,151,0.6999337469729799,0.8025843003095561,0.5872290462040006,135,0.5564044881911906,0.6174156572936846,0.0,151,0.0,0.0,3859,7209,15149,DESCRIPTIVE_ONLY,DESCRIPTIVE_ONLY,DESCRIPTIVE_ONLY,DESCRIPTIVE_ONLY,DESCRIPTIVE_ONLY
validation,0,300_PLUS,1_9,GBT,151,0.8963790315702641,151,0.7873343652129651,1.0154473564978472,0.7319979118455687,151,0.6829709576224973,0.7843115067105517,0.5800729011259311,135,0.5467867488143983,0.6125975174332998,0.0,151,0.0,0.0,3859,7209,15149,DESCRIPTIVE_ONLY,DESCRIPTIVE_ONLY,DESCRIPTIVE_ONLY,DESCRIPTIVE_ONLY,DESCRIPTIVE_ONLY
validation,0,300_PLUS,10_49,ALS,152,1.0044922651057113,152,0.8233226931720061,1.206923645672376,0.7513532442682861,152,0.6863104643781144,0.8176368868259293,0.5,142,0.5,0.5,0.0,152,0.0,0.0,1465,4413,10632,DESCRIPTIVE_ONLY,DESCRIPTIVE_ONLY,DESCRIPTIVE_ONLY,DESCRIPTIVE_ONLY,DESCRIPTIVE_ONLY
validation,0,300_PLUS,10_49,FM,152,0.9575323162283915,152,0.7938566239608968,1.145874962075795,0.7322715021593323,152,0.6719730514929727,0.8026034858804952,0.575657102421528,142,0.5421762695133421,0.6112422951202309,0.0,152,0.0,0.0,1465,4413,10632,DESCRIPTIVE_ONLY,DESCRIPTIVE_ONLY,DESCRIPTIVE_ONLY,DESCRIPTIVE_ONLY,DESCRIPTIVE_ONLY
validation,0,300_PLUS,10_49,ALS_FM,152,0.9575323162283915,152,0.7880611514288295,1.1527011147843351,0.7322715021593323,152,0.6692044128044276,0.8005376449871074,0.575657102421528,142,0.5391779458733291,0.6102925872868694,0.0,152,0.0,0.0,1465,4413,10632,DESCRIPTIVE_ONLY,DESCRIPTIVE_ONLY,DESCRIPTIVE_ONLY,DESCRIPTIVE_ONLY,DESCRIPTIVE_ONLY
validation,0,300_PLUS,10_49,RIDGE,152,0.9792187643259126,152,0.7997540738136287,1.181296993491928,0.7425187898606294,152,0.6839695690894525,0.8123103607818082,0.608868820751583,142,0.5749872425201801,0.642596206087616,0.0,152,0.0,0.0,1465,4413,10632,DESCRIPTIVE_ONLY,DESCRIPTIVE_ONLY,DESCRIPTIVE_ONLY,DESCRIPTIVE_ONLY,DESCRIPTIVE_ONLY
validation,0,300_PLUS,10_49,GBT,152,0.9810676868887399,152,0.795138192272502,1.2160758115530763,0.7289109749417307,152,0.6638050861633678,0.8026528759435546,0.5690158546297147,142,0.5357457241802079,0.6031587164486943,0.0,152,0.0,0.0,1465,4413,10632,DESCRIPTIVE_ONLY,DESCRIPTIVE_ONLY,DESCRIPTIVE_ONLY,DESCRIPTIVE_ONLY,DESCRIPTIVE_ONLY
validation,0,300_PLUS,50_PLUS,ALS,150,0.8175524263526824,150,0.708785486088872,0.9391107630531413,0.7026114495603336,150,0.6541122674752528,0.7545683777093968,0.5,136,0.5,0.5,0.0,150,0.0,0.0,848,3769,10513,DESCRIPTIVE_ONLY,DESCRIPTIVE_ONLY,DESCRIPTIVE_ONLY,DESCRIPTIVE_ONLY,DESCRIPTIVE_ONLY
validation,0,300_PLUS,50_PLUS,FM,150,0.813434430610177,150,0.702072399043627,0.9356711532161157,0.685042180322472,150,0.6369433264353416,0.7380570657055374,0.5854759433138824,136,0.5538143173963703,0.6173459894850359,0.0,150,0.0,0.0,848,3769,10513,DESCRIPTIVE_ONLY,DESCRIPTIVE_ONLY,DESCRIPTIVE_ONLY,DESCRIPTIVE_ONLY,DESCRIPTIVE_ONLY
validation,0,300_PLUS,50_PLUS,ALS_FM,150,0.813434430610177,150,0.6998902023891476,0.944372088993386,0.685042180322472,150,0.6337228817209399,0.7394253283190922,0.5854759433138824,136,0.5543374068228478,0.6173951294764322,0.0,150,0.0,0.0,848,3769,10513,DESCRIPTIVE_ONLY,DESCRIPTIVE_ONLY,DESCRIPTIVE_ONLY,DESCRIPTIVE_ONLY,DESCRIPTIVE_ONLY
validation,0,300_PLUS,50_PLUS,RIDGE,150,0.8059719370560504,150,0.6943555351185026,0.9275966530835489,0.6973513200271886,150,0.6504371725458112,0.7469198246567215,0.5988209820490582,136,0.5638969095446692,0.6327932869973723,0.0,150,0.0,0.0,848,3769,10513,DESCRIPTIVE_ONLY,DESCRIPTIVE_ONLY,DESCRIPTIVE_ONLY,DESCRIPTIVE_ONLY,DESCRIPTIVE_ONLY
validation,0,300_PLUS,50_PLUS,GBT,150,0.7941798871406269,150,0.6778126580832842,0.9231732144138597,0.6751807868930606,150,0.6224704959871374,0.7249447819949665,0.5937828021065757,136,0.5615653892717738,0.6217676026371362,0.0,150,0.0,0.0,848,3769,10513,DESCRIPTIVE_ONLY,DESCRIPTIVE_ONLY,DESCRIPTIVE_ONLY,DESCRIPTIVE_ONLY,DESCRIPTIVE_ONLY
validation,1,0,ALL,ALS,0,,0,,,,0,,,,0,,,,0,,,0,0,0,NO_DATA,NO_DATA,NO_DATA,NO_DATA,NO_DATA
validation,1,0,ALL,FM,0,,0,,,,0,,,,0,,,,0,,,0,0,0,NO_DATA,NO_DATA,NO_DATA,NO_DATA,NO_DATA
validation,1,0,ALL,ALS_FM,0,,0,,,,0,,,,0,,,,0,,,0,0,0,NO_DATA,NO_DATA,NO_DATA,NO_DATA,NO_DATA
validation,1,0,ALL,RIDGE,0,,0,,,,0,,,,0,,,,0,,,0,0,0,NO_DATA,NO_DATA,NO_DATA,NO_DATA,NO_DATA
validation,1,0,ALL,GBT,0,,0,,,,0,,,,0,,,,0,,,0,0,0,NO_DATA,NO_DATA,NO_DATA,NO_DATA,NO_DATA
validation,1,0,0,ALS,0,,0,,,,0,,,,0,,,,0,,,0,0,0,NO_DATA,NO_DATA,NO_DATA,NO_DATA,NO_DATA
validation,1,0,0,FM,0,,0,,,,0,,,,0,,,,0,,,0,0,0,NO_DATA,NO_DATA,NO_DATA,NO_DATA,NO_DATA
validation,1,0,0,ALS_FM,0,,0,,,,0,,,,0,,,,0,,,0,0,0,NO_DATA,NO_DATA,NO_DATA,NO_DATA,NO_DATA
validation,1,0,0,RIDGE,0,,0,,,,0,,,,0,,,,0,,,0,0,0,NO_DATA,NO_DATA,NO_DATA,NO_DATA,NO_DATA
validation,1,0,0,GBT,0,,0,,,,0,,,,0,,,,0,,,0,0,0,NO_DATA,NO_DATA,NO_DATA,NO_DATA,NO_DATA
validation,1,0,1_9,ALS,0,,0,,,,0,,,,0,,,,0,,,0,0,0,NO_DATA,NO_DATA,NO_DATA,NO_DATA,NO_DATA
validation,1,0,1_9,FM,0,,0,,,,0,,,,0,,,,0,,,0,0,0,NO_DATA,NO_DATA,NO_DATA,NO_DATA,NO_DATA
validation,1,0,1_9,ALS_FM,0,,0,,,,0,,,,0,,,,0,,,0,0,0,NO_DATA,NO_DATA,NO_DATA,NO_DATA,NO_DATA
validation,1,0,1_9,RIDGE,0,,0,,,,0,,,,0,,,,0,,,0,0,0,NO_DATA,NO_DATA,NO_DATA,NO_DATA,NO_DATA
validation,1,0,1_9,GBT,0,,0,,,,0,,,,0,,,,0,,,0,0,0,NO_DATA,NO_DATA,NO_DATA,NO_DATA,NO_DATA
validation,1,0,10_49,ALS,0,,0,,,,0,,,,0,,,,0,,,0,0,0,NO_DATA,NO_DATA,NO_DATA,NO_DATA,NO_DATA
validation,1,0,10_49,FM,0,,0,,,,0,,,,0,,,,0,,,0,0,0,NO_DATA,NO_DATA,NO_DATA,NO_DATA,NO_DATA
validation,1,0,10_49,ALS_FM,0,,0,,,,0,,,,0,,,,0,,,0,0,0,NO_DATA,NO_DATA,NO_DATA,NO_DATA,NO_DATA
validation,1,0,10_49,RIDGE,0,,0,,,,0,,,,0,,,,0,,,0,0,0,NO_DATA,NO_DATA,NO_DATA,NO_DATA,NO_DATA
validation,1,0,10_49,GBT,0,,0,,,,0,,,,0,,,,0,,,0,0,0,NO_DATA,NO_DATA,NO_DATA,NO_DATA,NO_DATA
validation,1,0,50_PLUS,ALS,0,,0,,,,0,,,,0,,,,0,,,0,0,0,NO_DATA,NO_DATA,NO_DATA,NO_DATA,NO_DATA
validation,1,0,50_PLUS,FM,0,,0,,,,0,,,,0,,,,0,,,0,0,0,NO_DATA,NO_DATA,NO_DATA,NO_DATA,NO_DATA
validation,1,0,50_PLUS,ALS_FM,0,,0,,,,0,,,,0,,,,0,,,0,0,0,NO_DATA,NO_DATA,NO_DATA,NO_DATA,NO_DATA
validation,1,0,50_PLUS,RIDGE,0,,0,,,,0,,,,0,,,,0,,,0,0,0,NO_DATA,NO_DATA,NO_DATA,NO_DATA,NO_DATA
validation,1,0,50_PLUS,GBT,0,,0,,,,0,,,,0,,,,0,,,0,0,0,NO_DATA,NO_DATA,NO_DATA,NO_DATA,NO_DATA
validation,1,1_9,ALL,ALS,0,,0,,,,0,,,,0,,,,0,,,0,0,0,NO_DATA,NO_DATA,NO_DATA,NO_DATA,NO_DATA
validation,1,1_9,ALL,FM,0,,0,,,,0,,,,0,,,,0,,,0,0,0,NO_DATA,NO_DATA,NO_DATA,NO_DATA,NO_DATA
validation,1,1_9,ALL,ALS_FM,0,,0,,,,0,,,,0,,,,0,,,0,0,0,NO_DATA,NO_DATA,NO_DATA,NO_DATA,NO_DATA
validation,1,1_9,ALL,RIDGE,0,,0,,,,0,,,,0,,,,0,,,0,0,0,NO_DATA,NO_DATA,NO_DATA,NO_DATA,NO_DATA
validation,1,1_9,ALL,GBT,0,,0,,,,0,,,,0,,,,0,,,0,0,0,NO_DATA,NO_DATA,NO_DATA,NO_DATA,NO_DATA
validation,1,1_9,0,ALS,0,,0,,,,0,,,,0,,,,0,,,0,0,0,NO_DATA,NO_DATA,NO_DATA,NO_DATA,NO_DATA
validation,1,1_9,0,FM,0,,0,,,,0,,,,0,,,,0,,,0,0,0,NO_DATA,NO_DATA,NO_DATA,NO_DATA,NO_DATA
validation,1,1_9,0,ALS_FM,0,,0,,,,0,,,,0,,,,0,,,0,0,0,NO_DATA,NO_DATA,NO_DATA,NO_DATA,NO_DATA
validation,1,1_9,0,RIDGE,0,,0,,,,0,,,,0,,,,0,,,0,0,0,NO_DATA,NO_DATA,NO_DATA,NO_DATA,NO_DATA
validation,1,1_9,0,GBT,0,,0,,,,0,,,,0,,,,0,,,0,0,0,NO_DATA,NO_DATA,NO_DATA,NO_DATA,NO_DATA
validation,1,1_9,1_9,ALS,0,,0,,,,0,,,,0,,,,0,,,0,0,0,NO_DATA,NO_DATA,NO_DATA,NO_DATA,NO_DATA
validation,1,1_9,1_9,FM,0,,0,,,,0,,,,0,,,,0,,,0,0,0,NO_DATA,NO_DATA,NO_DATA,NO_DATA,NO_DATA
validation,1,1_9,1_9,ALS_FM,0,,0,,,,0,,,,0,,,,0,,,0,0,0,NO_DATA,NO_DATA,NO_DATA,NO_DATA,NO_DATA
validation,1,1_9,1_9,RIDGE,0,,0,,,,0,,,,0,,,,0,,,0,0,0,NO_DATA,NO_DATA,NO_DATA,NO_DATA,NO_DATA
validation,1,1_9,1_9,GBT,0,,0,,,,0,,,,0,,,,0,,,0,0,0,NO_DATA,NO_DATA,NO_DATA,NO_DATA,NO_DATA
validation,1,1_9,10_49,ALS,0,,0,,,,0,,,,0,,,,0,,,0,0,0,NO_DATA,NO_DATA,NO_DATA,NO_DATA,NO_DATA
validation,1,1_9,10_49,FM,0,,0,,,,0,,,,0,,,,0,,,0,0,0,NO_DATA,NO_DATA,NO_DATA,NO_DATA,NO_DATA
validation,1,1_9,10_49,ALS_FM,0,,0,,,,0,,,,0,,,,0,,,0,0,0,NO_DATA,NO_DATA,NO_DATA,NO_DATA,NO_DATA
validation,1,1_9,10_49,RIDGE,0,,0,,,,0,,,,0,,,,0,,,0,0,0,NO_DATA,NO_DATA,NO_DATA,NO_DATA,NO_DATA
validation,1,1_9,10_49,GBT,0,,0,,,,0,,,,0,,,,0,,,0,0,0,NO_DATA,NO_DATA,NO_DATA,NO_DATA,NO_DATA
validation,1,1_9,50_PLUS,ALS,0,,0,,,,0,,,,0,,,,0,,,0,0,0,NO_DATA,NO_DATA,NO_DATA,NO_DATA,NO_DATA
validation,1,1_9,50_PLUS,FM,0,,0,,,,0,,,,0,,,,0,,,0,0,0,NO_DATA,NO_DATA,NO_DATA,NO_DATA,NO_DATA
validation,1,1_9,50_PLUS,ALS_FM,0,,0,,,,0,,,,0,,,,0,,,0,0,0,NO_DATA,NO_DATA,NO_DATA,NO_DATA,NO_DATA
validation,1,1_9,50_PLUS,RIDGE,0,,0,,,,0,,,,0,,,,0,,,0,0,0,NO_DATA,NO_DATA,NO_DATA,NO_DATA,NO_DATA
validation,1,1_9,50_PLUS,GBT,0,,0,,,,0,,,,0,,,,0,,,0,0,0,NO_DATA,NO_DATA,NO_DATA,NO_DATA,NO_DATA
validation,1,10_29,ALL,ALS,0,,0,,,,0,,,,0,,,,0,,,0,0,0,NO_DATA,NO_DATA,NO_DATA,NO_DATA,NO_DATA
validation,1,10_29,ALL,FM,0,,0,,,,0,,,,0,,,,0,,,0,0,0,NO_DATA,NO_DATA,NO_DATA,NO_DATA,NO_DATA
validation,1,10_29,ALL,ALS_FM,0,,0,,,,0,,,,0,,,,0,,,0,0,0,NO_DATA,NO_DATA,NO_DATA,NO_DATA,NO_DATA
validation,1,10_29,ALL,RIDGE,0,,0,,,,0,,,,0,,,,0,,,0,0,0,NO_DATA,NO_DATA,NO_DATA,NO_DATA,NO_DATA
validation,1,10_29,ALL,GBT,0,,0,,,,0,,,,0,,,,0,,,0,0,0,NO_DATA,NO_DATA,NO_DATA,NO_DATA,NO_DATA
validation,1,10_29,0,ALS,0,,0,,,,0,,,,0,,,,0,,,0,0,0,NO_DATA,NO_DATA,NO_DATA,NO_DATA,NO_DATA
validation,1,10_29,0,FM,0,,0,,,,0,,,,0,,,,0,,,0,0,0,NO_DATA,NO_DATA,NO_DATA,NO_DATA,NO_DATA
validation,1,10_29,0,ALS_FM,0,,0,,,,0,,,,0,,,,0,,,0,0,0,NO_DATA,NO_DATA,NO_DATA,NO_DATA,NO_DATA
validation,1,10_29,0,RIDGE,0,,0,,,,0,,,,0,,,,0,,,0,0,0,NO_DATA,NO_DATA,NO_DATA,NO_DATA,NO_DATA
validation,1,10_29,0,GBT,0,,0,,,,0,,,,0,,,,0,,,0,0,0,NO_DATA,NO_DATA,NO_DATA,NO_DATA,NO_DATA
validation,1,10_29,1_9,ALS,0,,0,,,,0,,,,0,,,,0,,,0,0,0,NO_DATA,NO_DATA,NO_DATA,NO_DATA,NO_DATA
validation,1,10_29,1_9,FM,0,,0,,,,0,,,,0,,,,0,,,0,0,0,NO_DATA,NO_DATA,NO_DATA,NO_DATA,NO_DATA
validation,1,10_29,1_9,ALS_FM,0,,0,,,,0,,,,0,,,,0,,,0,0,0,NO_DATA,NO_DATA,NO_DATA,NO_DATA,NO_DATA
validation,1,10_29,1_9,RIDGE,0,,0,,,,0,,,,0,,,,0,,,0,0,0,NO_DATA,NO_DATA,NO_DATA,NO_DATA,NO_DATA
validation,1,10_29,1_9,GBT,0,,0,,,,0,,,,0,,,,0,,,0,0,0,NO_DATA,NO_DATA,NO_DATA,NO_DATA,NO_DATA
validation,1,10_29,10_49,ALS,0,,0,,,,0,,,,0,,,,0,,,0,0,0,NO_DATA,NO_DATA,NO_DATA,NO_DATA,NO_DATA
validation,1,10_29,10_49,FM,0,,0,,,,0,,,,0,,,,0,,,0,0,0,NO_DATA,NO_DATA,NO_DATA,NO_DATA,NO_DATA
validation,1,10_29,10_49,ALS_FM,0,,0,,,,0,,,,0,,,,0,,,0,0,0,NO_DATA,NO_DATA,NO_DATA,NO_DATA,NO_DATA
validation,1,10_29,10_49,RIDGE,0,,0,,,,0,,,,0,,,,0,,,0,0,0,NO_DATA,NO_DATA,NO_DATA,NO_DATA,NO_DATA
validation,1,10_29,10_49,GBT,0,,0,,,,0,,,,0,,,,0,,,0,0,0,NO_DATA,NO_DATA,NO_DATA,NO_DATA,NO_DATA
validation,1,10_29,50_PLUS,ALS,0,,0,,,,0,,,,0,,,,0,,,0,0,0,NO_DATA,NO_DATA,NO_DATA,NO_DATA,NO_DATA
validation,1,10_29,50_PLUS,FM,0,,0,,,,0,,,,0,,,,0,,,0,0,0,NO_DATA,NO_DATA,NO_DATA,NO_DATA,NO_DATA
validation,1,10_29,50_PLUS,ALS_FM,0,,0,,,,0,,,,0,,,,0,,,0,0,0,NO_DATA,NO_DATA,NO_DATA,NO_DATA,NO_DATA
validation,1,10_29,50_PLUS,RIDGE,0,,0,,,,0,,,,0,,,,0,,,0,0,0,NO_DATA,NO_DATA,NO_DATA,NO_DATA,NO_DATA
validation,1,10_29,50_PLUS,GBT,0,,0,,,,0,,,,0,,,,0,,,0,0,0,NO_DATA,NO_DATA,NO_DATA,NO_DATA,NO_DATA
validation,1,30_99,ALL,ALS,62,1.995804748179673,62,1.6568089541707918,2.3726509600847128,1.160000432066506,62,1.0523177185650683,1.2740591382403321,0.5249292659299578,59,0.49357888508675435,0.5563068044059964,0.5208466066789615,62,0.44140444287109437,0.5995277605889192,2138,4299,12897,DESCRIPTIVE_ONLY,DESCRIPTIVE_ONLY,DESCRIPTIVE_ONLY,DESCRIPTIVE_ONLY,DESCRIPTIVE_ONLY
validation,1,30_99,ALL,FM,62,0.9927590502077538,62,0.8425880660045573,1.1485055053336564,0.7844886227516205,62,0.7246267709521663,0.8485561271130154,0.5905609223529309,59,0.5562377481322971,0.6264956844964376,0.5208466066789615,62,0.443353991882976,0.6037919344740094,2138,4299,12897,DESCRIPTIVE_ONLY,DESCRIPTIVE_ONLY,DESCRIPTIVE_ONLY,DESCRIPTIVE_ONLY,DESCRIPTIVE_ONLY
validation,1,30_99,ALL,ALS_FM,62,1.0390853437055274,62,0.8972945852223625,1.191928354522693,0.8263647867557912,62,0.7686782051578431,0.8906333528476833,0.5863738180393666,59,0.5552732354088447,0.6199646529691182,0.5208466066789615,62,0.43996837935844463,0.6009461226587188,2138,4299,12897,DESCRIPTIVE_ONLY,DESCRIPTIVE_ONLY,DESCRIPTIVE_ONLY,DESCRIPTIVE_ONLY,DESCRIPTIVE_ONLY
validation,1,30_99,ALL,RIDGE,62,1.0340654773510913,62,0.8662432757555454,1.219190798833501,0.8181473961874716,62,0.7510175300274247,0.8849441573213503,0.5760961137461278,59,0.5319520663268917,0.6168130643965811,0.5208466066789615,62,0.4346583839809331,0.5987730349444231,2138,4299,12897,DESCRIPTIVE_ONLY,DESCRIPTIVE_ONLY,DESCRIPTIVE_ONLY,DESCRIPTIVE_ONLY,DESCRIPTIVE_ONLY
validation,1,30_99,ALL,GBT,62,0.9681899396419793,62,0.8119147736294524,1.148162960139554,0.7732574945296788,62,0.712654994887215,0.8398771850496239,0.5635313953855872,59,0.5318876425110188,0.596033578412975,0.5208466066789615,62,0.4355854718911646,0.5981317476000607,2138,4299,12897,DESCRIPTIVE_ONLY,DESCRIPTIVE_ONLY,DESCRIPTIVE_ONLY,DESCRIPTIVE_ONLY,DESCRIPTIVE_ONLY
validation,1,30_99,0,ALS,57,0.9717785889455123,57,0.8028490231857887,1.157385691834996,0.8020194011133683,57,0.7249285424539383,0.884958760505719,0.5,51,0.5,0.5,0.0,57,0.0,0.0,833,1391,3932,DESCRIPTIVE_ONLY,DESCRIPTIVE_ONLY,DESCRIPTIVE_ONLY,DESCRIPTIVE_ONLY,DESCRIPTIVE_ONLY
validation,1,30_99,0,FM,57,1.0504213829347915,57,0.887118649178597,1.215494578610244,0.8206262936208641,57,0.7435711726921562,0.8927102610253499,0.5573179944956598,51,0.4996210250159062,0.6132992520946626,0.0,57,0.0,0.0,833,1391,3932,DESCRIPTIVE_ONLY,DESCRIPTIVE_ONLY,DESCRIPTIVE_ONLY,DESCRIPTIVE_ONLY,DESCRIPTIVE_ONLY
validation,1,30_99,0,ALS_FM,57,1.0504213829347915,57,0.8902670780444001,1.21460247356491,0.8206262936208641,57,0.7484023014535744,0.8918967255221197,0.5573179944956598,51,0.5018095949864965,0.6134409951885984,0.0,57,0.0,0.0,833,1391,3932,DESCRIPTIVE_ONLY,DESCRIPTIVE_ONLY,DESCRIPTIVE_ONLY,DESCRIPTIVE_ONLY,DESCRIPTIVE_ONLY
validation,1,30_99,0,RIDGE,57,0.9879007472472658,57,0.8107009668635392,1.1717091415836132,0.8039149612871026,57,0.7283000141580078,0.8824785985869732,0.5495565858078827,51,0.4877392254045085,0.6141894867749921,0.0,57,0.0,0.0,833,1391,3932,DESCRIPTIVE_ONLY,DESCRIPTIVE_ONLY,DESCRIPTIVE_ONLY,DESCRIPTIVE_ONLY,DESCRIPTIVE_ONLY
validation,1,30_99,0,GBT,57,0.9297461493634902,57,0.7678100189688635,1.10122767921218,0.7684957540938445,57,0.6896951204322089,0.8493836705803264,0.5235685450950537,51,0.4670221414270427,0.5781565322454008,0.0,57,0.0,0.0,833,1391,3932,DESCRIPTIVE_ONLY,DESCRIPTIVE_ONLY,DESCRIPTIVE_ONLY,DESCRIPTIVE_ONLY,DESCRIPTIVE_ONLY
validation,1,30_99,1_9,ALS,47,2.4791427750023494,47,1.9227353257595796,3.083019442063903,1.3337918138591423,47,1.1547087725547687,1.5110047804674263,0.5571347388479362,31,0.4986273140895221,0.6087398627420525,0.7092198581560284,47,0.5886524822695035,0.8297872340425532,477,565,1218,DESCRIPTIVE_ONLY,DESCRIPTIVE_ONLY,DESCRIPTIVE_ONLY,DESCRIPTIVE_ONLY,DESCRIPTIVE_ONLY
validation,1,30_99,1_9,FM,47,1.178746414937595,47,0.8378162349346259,1.5922715957008033,0.8358324416850766,47,0.7037426757857612,0.9792449571815667,0.5376341068280348,31,0.4392484211524884,0.6289470805672708,0.7092198581560284,47,0.5815602836879432,0.8297872340425532,477,565,1218,DESCRIPTIVE_ONLY,DESCRIPTIVE_ONLY,DESCRIPTIVE_ONLY,DESCRIPTIVE_ONLY,DESCRIPTIVE_ONLY
validation,1,30_99,1_9,ALS_FM,47,1.151743069325003,47,0.8477950377984096,1.4846987004775571,0.8468945474831056,47,0.7279103732909894,0.9798639699809658,0.5680847475183611,31,0.4725450629265532,0.651760743080161,0.7092198581560284,47,0.5815602836879432,0.8226950354609929,477,565,1218,DESCRIPTIVE_ONLY,DESCRIPTIVE_ONLY,DESCRIPTIVE_ONLY,DESCRIPTIVE_ONLY,DESCRIPTIVE_ONLY
validation,1,30_99,1_9,RIDGE,47,1.3377093878343587,47,0.9506424643331088,1.8185632549240005,0.9196333408249737,47,0.7784090845210113,1.0738543144155634,0.5651770879863975,31,0.4810001705818528,0.645849932773825,0.7092198581560284,47,0.5886524822695035,0.8297872340425532,477,565,1218,DESCRIPTIVE_ONLY,DESCRIPTIVE_ONLY,DESCRIPTIVE_ONLY,DESCRIPTIVE_ONLY,DESCRIPTIVE_ONLY
validation,1,30_99,1_9,GBT,47,1.2464672560008816,47,0.868468251665504,1.7318055265096084,0.8570280443394719,47,0.7141458855071862,1.0055634936938467,0.5036265401783045,31,0.4222904066313863,0.588499656640576,0.7092198581560284,47,0.5815602836879432,0.8226950354609929,477,565,1218,DESCRIPTIVE_ONLY,DESCRIPTIVE_ONLY,DESCRIPTIVE_ONLY,DESCRIPTIVE_ONLY,DESCRIPTIVE_ONLY
validation,1,30_99,10_49,ALS,54,2.208555211219013,54,1.6640124834975074,2.8466788752745256,1.2366055063256183,54,1.072759626339444,1.409503271537012,0.5698239705757264,41,0.5202662259420197,0.6237352584232749,0.7469135802469137,54,0.6358024691358024,0.8456790123456791,554,965,2374,DESCRIPTIVE_ONLY,DESCRIPTIVE_ONLY,DESCRIPTIVE_ONLY,DESCRIPTIVE_ONLY,DESCRIPTIVE_ONLY
validation,1,30_99,10_49,FM,54,1.0091545093534124,54,0.6981472147050504,1.4806053734504683,0.7711391572535313,54,0.6694853344648823,0.9084006449675281,0.5859970494547376,41,0.5213025925448268,0.6525508760061055,0.7469135802469137,54,0.6296296296296297,0.8456790123456791,554,965,2374,DESCRIPTIVE_ONLY,DESCRIPTIVE_ONLY,DESCRIPTIVE_ONLY,DESCRIPTIVE_ONLY,DESCRIPTIVE_ONLY
validation,1,30_99,10_49,ALS_FM,54,1.0282195969485082,54,0.7454856404460878,1.4239877425343472,0.7945062073899912,54,0.6878558527359201,0.9165321146822651,0.5899750270170868,41,0.5220841304610976,0.6560569505977559,0.7469135802469137,54,0.6358024691358024,0.8518518518518519,554,965,2374,DESCRIPTIVE_ONLY,DESCRIPTIVE_ONLY,DESCRIPTIVE_ONLY,DESCRIPTIVE_ONLY,DESCRIPTIVE_ONLY
validation,1,30_99,10_49,RIDGE,54,1.0239699510907947,54,0.733895079315954,1.4574108234392567,0.801902827469,54,0.7031901004254024,0.9300902133379644,0.558187951068264,41,0.4757580574362257,0.6321649996790186,0.7469135802469137,54,0.6296296296296298,0.8518518518518519,554,965,2374,DESCRIPTIVE_ONLY,DESCRIPTIVE_ONLY,DESCRIPTIVE_ONLY,DESCRIPTIVE_ONLY,DESCRIPTIVE_ONLY
validation,1,30_99,10_49,GBT,54,0.928986498058112,54,0.6818030109119458,1.3049180753360143,0.7474958149069804,54,0.6531712372288772,0.8649382084553845,0.5679120323196495,41,0.5017363039922539,0.6361683186966147,0.7469135802469137,54,0.6296296296296297,0.8456790123456791,554,965,2374,DESCRIPTIVE_ONLY,DESCRIPTIVE_ONLY,DESCRIPTIVE_ONLY,DESCRIPTIVE_ONLY,DESCRIPTIVE_ONLY
validation,1,30_99,50_PLUS,ALS,56,2.3768953511692255,56,1.8869185482168118,2.9379317692271196,1.2903242647662574,56,1.1308144951865224,1.4584086685976976,0.541740466901233,50,0.4907314674592386,0.5888024874642726,0.7857142857142857,56,0.6785714285714286,0.8811011904761897,620,1885,5373,DESCRIPTIVE_ONLY,DESCRIPTIVE_ONLY,DESCRIPTIVE_ONLY,DESCRIPTIVE_ONLY,DESCRIPTIVE_ONLY
validation,1,30_99,50_PLUS,FM,56,0.9481633575254121,56,0.7642696678800489,1.2013593544619507,0.7623196312593318,56,0.6792713764031892,0.8476336855282521,0.5622292195403563,50,0.5231175223337146,0.6074392272575122,0.7857142857142857,56,0.6845238095238094,0.8811011904761897,620,1885,5373,DESCRIPTIVE_ONLY,DESCRIPTIVE_ONLY,DESCRIPTIVE_ONLY,DESCRIPTIVE_ONLY,DESCRIPTIVE_ONLY
validation,1,30_99,50_PLUS,ALS_FM,56,1.0005381316054043,56,0.8383549219855907,1.1819777228995225,0.8222005394349337,56,0.7525068330199397,0.900979420435249,0.5691610006490921,50,0.5248870053002334,0.614646218478981,0.7857142857142857,56,0.6726190476190477,0.8809523809523808,620,1885,5373,DESCRIPTIVE_ONLY,DESCRIPTIVE_ONLY,DESCRIPTIVE_ONLY,DESCRIPTIVE_ONLY,DESCRIPTIVE_ONLY
validation,1,30_99,50_PLUS,RIDGE,56,1.0539626374988877,56,0.779708429948794,1.449263871288327,0.8149853428370799,56,0.7227800356737996,0.9328772395475179,0.5678332319269677,50,0.5204659498233145,0.6190775615159642,0.7857142857142857,56,0.6845238095238094,0.880952380952381,620,1885,5373,DESCRIPTIVE_ONLY,DESCRIPTIVE_ONLY,DESCRIPTIVE_ONLY,DESCRIPTIVE_ONLY,DESCRIPTIVE_ONLY
validation,1,30_99,50_PLUS,GBT,56,1.0228377488910192,56,0.7425491395948042,1.4424976962496732,0.7792220236362905,56,0.6844930128347979,0.8949938900835268,0.5776770250143902,50,0.5350119879175068,0.6241537939489898,0.7857142857142857,56,0.6845238095238095,0.8809523809523808,620,1885,5373,DESCRIPTIVE_ONLY,DESCRIPTIVE_ONLY,DESCRIPTIVE_ONLY,DESCRIPTIVE_ONLY,DESCRIPTIVE_ONLY
validation,1,100_299,ALL,ALS,78,1.6543433989044014,78,1.4159420545042898,1.9172094077538884,1.0223884873903275,78,0.9410088750111035,1.1086315098776667,0.5203156360297302,75,0.4955422231780609,0.5433319378362857,0.41983458338755186,78,0.34729168003806415,0.48952723029362083,3074,7091,21273,DESCRIPTIVE_ONLY,DESCRIPTIVE_ONLY,DESCRIPTIVE_ONLY,DESCRIPTIVE_ONLY,DESCRIPTIVE_ONLY
validation,1,100_299,ALL,FM,78,1.126396811425919,78,0.9353695752273132,1.346154548869158,0.8177915534521094,78,0.7525294426123249,0.8809840910373923,0.5570140618495281,75,0.5207666751466978,0.5917817183126358,0.41983458338755186,78,0.35025190049346305,0.4848485231464607,3074,7091,21273,DESCRIPTIVE_ONLY,DESCRIPTIVE_ONLY,DESCRIPTIVE_ONLY,DESCRIPTIVE_ONLY,DESCRIPTIVE_ONLY
validation,1,100_299,ALL,ALS_FM,78,1.1199991210665197,78,0.9347672135643659,1.3385705506379948,0.8261488161766681,78,0.7689447730414584,0.8896032415014167,0.5590009769341789,75,0.5204786063776314,0.5956895237586818,0.41983458338755186,78,0.35165829262081083,0.4913559103257082,3074,7091,21273,DESCRIPTIVE_ONLY,DESCRIPTIVE_ONLY,DESCRIPTIVE_ONLY,DESCRIPTIVE_ONLY,DESCRIPTIVE_ONLY
validation,1,100_299,ALL,RIDGE,78,1.0274320671012598,78,0.8559723652544995,1.2236658951371042,0.794896417445906,78,0.7265280547488114,0.866634190269059,0.5434075878123085,75,0.5048997289111983,0.5826626350855986,0.41983458338755186,78,0.3489859152839797,0.48857907562233277,3074,7091,21273,DESCRIPTIVE_ONLY,DESCRIPTIVE_ONLY,DESCRIPTIVE_ONLY,DESCRIPTIVE_ONLY,DESCRIPTIVE_ONLY
validation,1,100_299,ALL,GBT,78,0.977870031354603,78,0.8211660861918194,1.1517180041831188,0.770519246241755,78,0.7076398737712308,0.8406055072985975,0.5479010216519756,75,0.5120655410597781,0.5824929518395754,0.41983458338755186,78,0.35010516184403057,0.489773729455302,3074,7091,21273,DESCRIPTIVE_ONLY,DESCRIPTIVE_ONLY,DESCRIPTIVE_ONLY,DESCRIPTIVE_ONLY,DESCRIPTIVE_ONLY
validation,1,100_299,0,ALS,74,1.1852839655833538,74,0.9208728990683476,1.4962818154934916,0.8679041841460251,74,0.7762179479795425,0.9746435387791212,0.5,65,0.5,0.5,0.0,74,0.0,0.0,1271,2588,7299,DESCRIPTIVE_ONLY,DESCRIPTIVE_ONLY,DESCRIPTIVE_ONLY,DESCRIPTIVE_ONLY,DESCRIPTIVE_ONLY
validation,1,100_299,0,FM,74,1.281093972173479,74,1.0178713327150362,1.617190650567157,0.8825726326479926,74,0.7960155238770908,0.9782828033416908,0.5837516472493255,65,0.5476238690214073,0.6204391805825853,0.0,74,0.0,0.0,1271,2588,7299,DESCRIPTIVE_ONLY,DESCRIPTIVE_ONLY,DESCRIPTIVE_ONLY,DESCRIPTIVE_ONLY,DESCRIPTIVE_ONLY
validation,1,100_299,0,ALS_FM,74,1.281093972173479,74,1.0091351941599638,1.5992605870841978,0.8825726326479926,74,0.7975329621406897,0.9805768478514247,0.5837516472493255,65,0.5469777676839731,0.620972665242106,0.0,74,0.0,0.0,1271,2588,7299,DESCRIPTIVE_ONLY,DESCRIPTIVE_ONLY,DESCRIPTIVE_ONLY,DESCRIPTIVE_ONLY,DESCRIPTIVE_ONLY
validation,1,100_299,0,RIDGE,74,1.1993912405246208,74,0.9212804587062905,1.5526785466092734,0.8681200322063095,74,0.7734166069452787,0.9838897713414057,0.5677216340910651,65,0.5187704710769911,0.6148261573225283,0.0,74,0.0,0.0,1271,2588,7299,DESCRIPTIVE_ONLY,DESCRIPTIVE_ONLY,DESCRIPTIVE_ONLY,DESCRIPTIVE_ONLY,DESCRIPTIVE_ONLY
validation,1,100_299,0,GBT,74,1.1468168816777993,74,0.9048553863491906,1.4368769640637893,0.8507628035096048,74,0.7662478498266846,0.9503045239183382,0.5514427772672875,65,0.5102052011174889,0.5927595460349365,0.0,74,0.0,0.0,1271,2588,7299,DESCRIPTIVE_ONLY,DESCRIPTIVE_ONLY,DESCRIPTIVE_ONLY,DESCRIPTIVE_ONLY,DESCRIPTIVE_ONLY
validation,1,100_299,1_9,ALS,61,2.6180999985964437,61,2.0322932550503308,3.262033714616059,1.315274987421251,61,1.1491108371277834,1.5014304000765175,0.4949972452643595,47,0.4411661189136469,0.5498562286998571,0.6994535519125684,61,0.5901639344262295,0.808743169398907,864,1301,2898,DESCRIPTIVE_ONLY,DESCRIPTIVE_ONLY,DESCRIPTIVE_ONLY,DESCRIPTIVE_ONLY,DESCRIPTIVE_ONLY
validation,1,100_299,1_9,FM,61,1.2177620857106501,61,0.8923328743339294,1.619242713364394,0.8350436090621384,61,0.7244445278144472,0.965963495981818,0.49875483261625153,47,0.42792839499701507,0.5662087009344786,0.6994535519125684,61,0.5901639344262295,0.8032786885245903,864,1301,2898,DESCRIPTIVE_ONLY,DESCRIPTIVE_ONLY,DESCRIPTIVE_ONLY,DESCRIPTIVE_ONLY,DESCRIPTIVE_ONLY
validation,1,100_299,1_9,ALS_FM,61,1.2733415223566196,61,0.9345797212266874,1.6947996709060025,0.8749329745478976,61,0.7537303952188228,1.0074739997023805,0.5036224279545497,47,0.4359937254012078,0.5717391962933251,0.6994535519125684,61,0.5846994535519126,0.808743169398907,864,1301,2898,DESCRIPTIVE_ONLY,DESCRIPTIVE_ONLY,DESCRIPTIVE_ONLY,DESCRIPTIVE_ONLY,DESCRIPTIVE_ONLY
validation,1,100_299,1_9,RIDGE,61,1.0632792844705758,61,0.7296224664709428,1.487373244247478,0.7893192895470436,61,0.6747861620016036,0.9206906535899626,0.534261495211309,47,0.4561026546367557,0.6084337307735075,0.6994535519125684,61,0.5846994535519126,0.808743169398907,864,1301,2898,DESCRIPTIVE_ONLY,DESCRIPTIVE_ONLY,DESCRIPTIVE_ONLY,DESCRIPTIVE_ONLY,DESCRIPTIVE_ONLY
validation,1,100_299,1_9,GBT,61,1.0189947209713492,61,0.7276972383292576,1.3923035199167457,0.7723288605294879,61,0.6595030840247774,0.9008553097904888,0.5661341805417313,47,0.5035378414735138,0.6262890996878778,0.6994535519125684,61,0.5901639344262295,0.808743169398907,864,1301,2898,DESCRIPTIVE_ONLY,DESCRIPTIVE_ONLY,DESCRIPTIVE_ONLY,DESCRIPTIVE_ONLY,DESCRIPTIVE_ONLY
validation,1,100_299,10_49,ALS,68,1.9140996590322497,68,1.5104732698662542,2.3730882200401484,1.1147612126547752,68,0.9697237467604536,1.2621208395411652,0.5875171222921443,52,0.5543248349717957,0.6223893198424856,0.6666666666666667,68,0.5588235294117647,0.7672181372549016,809,1793,4414,DESCRIPTIVE_ONLY,DESCRIPTIVE_ONLY,DESCRIPTIVE_ONLY,DESCRIPTIVE_ONLY,DESCRIPTIVE_ONLY
validation,1,100_299,10_49,FM,68,0.8911192209875223,68,0.7165435438899004,1.0915231565982202,0.7268930949266688,68,0.6500795283653207,0.8089303077680344,0.5837415244574846,52,0.5263061151473527,0.6377734938044539,0.6666666666666667,68,0.5563725490196079,0.7720588235294118,809,1793,4414,DESCRIPTIVE_ONLY,DESCRIPTIVE_ONLY,DESCRIPTIVE_ONLY,DESCRIPTIVE_ONLY,DESCRIPTIVE_ONLY
validation,1,100_299,10_49,ALS_FM,68,0.913697043459781,68,0.7447172416737191,1.0978285479342458,0.747461638554887,68,0.6638414473916822,0.8357826102911547,0.5848163961918689,52,0.5204251448399658,0.6475657267419123,0.6666666666666667,68,0.5563725490196078,0.7720588235294118,809,1793,4414,DESCRIPTIVE_ONLY,DESCRIPTIVE_ONLY,DESCRIPTIVE_ONLY,DESCRIPTIVE_ONLY,DESCRIPTIVE_ONLY
validation,1,100_299,10_49,RIDGE,68,0.9136861612254177,68,0.7004792675823083,1.150258286272424,0.7241981484248262,68,0.6287457646604593,0.8219208888224276,0.6110471522407229,52,0.5526111756359661,0.6714026216556758,0.6666666666666667,68,0.5588235294117648,0.7720588235294118,809,1793,4414,DESCRIPTIVE_ONLY,DESCRIPTIVE_ONLY,DESCRIPTIVE_ONLY,DESCRIPTIVE_ONLY,DESCRIPTIVE_ONLY
validation,1,100_299,10_49,GBT,68,0.8597182433174604,68,0.6644484211951871,1.0687858362137583,0.6967037055726566,68,0.6105763809654362,0.7923571442354052,0.6205013254217852,52,0.5747816745334628,0.6671209041128726,0.6666666666666667,68,0.553921568627451,0.7745098039215685,809,1793,4414,DESCRIPTIVE_ONLY,DESCRIPTIVE_ONLY,DESCRIPTIVE_ONLY,DESCRIPTIVE_ONLY,DESCRIPTIVE_ONLY
validation,1,100_299,50_PLUS,ALS,71,2.071563454627658,71,1.6269395542300378,2.5840662471915907,1.1535612389801193,71,1.0160760456117013,1.2976340042084435,0.5627732377259056,62,0.5296910068002445,0.6006311780517969,0.704225352112676,71,0.6009389671361502,0.8028169014084507,669,2355,6662,DESCRIPTIVE_ONLY,DESCRIPTIVE_ONLY,DESCRIPTIVE_ONLY,DESCRIPTIVE_ONLY,DESCRIPTIVE_ONLY
validation,1,100_299,50_PLUS,FM,71,1.0561226836850923,71,0.8200873120604945,1.347415494929545,0.7916337184925428,71,0.7057349067648895,0.8831384772158183,0.5278146023009846,62,0.4745640374661217,0.5801825017181478,0.704225352112676,71,0.596244131455399,0.8075117370892018,669,2355,6662,DESCRIPTIVE_ONLY,DESCRIPTIVE_ONLY,DESCRIPTIVE_ONLY,DESCRIPTIVE_ONLY,DESCRIPTIVE_ONLY
validation,1,100_299,50_PLUS,ALS_FM,71,1.0575486802211689,71,0.8595102222199187,1.3023274238169977,0.8131353437755332,71,0.740648597470968,0.8913828133968326,0.535518644015816,62,0.4822932048822379,0.5893637357689733,0.704225352112676,71,0.6009389671361502,0.8028169014084507,669,2355,6662,DESCRIPTIVE_ONLY,DESCRIPTIVE_ONLY,DESCRIPTIVE_ONLY,DESCRIPTIVE_ONLY,DESCRIPTIVE_ONLY
validation,1,100_299,50_PLUS,RIDGE,71,1.0126426054092619,71,0.7956229020047878,1.242494298696767,0.7834107309160102,71,0.6954224130283432,0.8754750426125162,0.5352137893677237,62,0.4832491036635794,0.5880286497287273,0.704225352112676,71,0.6056338028169014,0.8075117370892018,669,2355,6662,DESCRIPTIVE_ONLY,DESCRIPTIVE_ONLY,DESCRIPTIVE_ONLY,DESCRIPTIVE_ONLY,DESCRIPTIVE_ONLY
validation,1,100_299,50_PLUS,GBT,71,0.973575471632929,71,0.760332866227807,1.2105626200254662,0.7561110687748808,71,0.6723755387649557,0.846240934718767,0.5324807953578774,62,0.4924323471307137,0.5715416866934833,0.704225352112676,71,0.5962441314553991,0.8075117370892018,669,2355,6662,DESCRIPTIVE_ONLY,DESCRIPTIVE_ONLY,DESCRIPTIVE_ONLY,DESCRIPTIVE_ONLY,DESCRIPTIVE_ONLY
validation,1,300_PLUS,ALL,ALS,160,1.4795078415406282,160,1.3088096313779634,1.658357439379478,0.9358422932300977,160,0.8821683730517675,0.9933770685432463,0.5132871484826863,160,0.5028126204304714,0.5237349833444255,0.29457097979905533,160,0.25264191401785424,0.33902843155080487,21309,37856,113568,DESCRIPTIVE_ONLY,DESCRIPTIVE_ONLY,DESCRIPTIVE_ONLY,DESCRIPTIVE_ONLY,DESCRIPTIVE_ONLY
validation,1,300_PLUS,ALL,FM,160,1.1221342853292833,160,0.9923400198995463,1.2530646931793201,0.8046275748184619,160,0.7622857157475631,0.8486512179482807,0.5676382674918136,160,0.5519811376684215,0.5825004041781318,0.29457097979905533,160,0.25147792722800183,0.33924056708033995,21309,37856,113568,DESCRIPTIVE_ONLY,DESCRIPTIVE_ONLY,DESCRIPTIVE_ONLY,DESCRIPTIVE_ONLY,DESCRIPTIVE_ONLY
validation,1,300_PLUS,ALL,ALS_FM,160,1.1348097452077144,160,1.0093063041737007,1.2574630669126694,0.8206938159992653,160,0.7787870653116302,0.8651032640224994,0.564638783071396,160,0.5493882710189181,0.5794522161448014,0.29457097979905533,160,0.25225853083253996,0.3376867211570478,21309,37856,113568,DESCRIPTIVE_ONLY,DESCRIPTIVE_ONLY,DESCRIPTIVE_ONLY,DESCRIPTIVE_ONLY,DESCRIPTIVE_ONLY
validation,1,300_PLUS,ALL,RIDGE,160,0.9318094224654612,160,0.8339510488334578,1.0422506222420669,0.7399990568423008,160,0.7000359982469863,0.7788380515893103,0.5719291307574954,160,0.5548548462572899,0.5872856984084049,0.29457097979905533,160,0.2498358278620737,0.3374968536116993,21309,37856,113568,DESCRIPTIVE_ONLY,DESCRIPTIVE_ONLY,DESCRIPTIVE_ONLY,DESCRIPTIVE_ONLY,DESCRIPTIVE_ONLY
validation,1,300_PLUS,ALL,GBT,160,0.9353607436371373,160,0.8310538361620952,1.0381812521886302,0.7279204124848908,160,0.6870064722409471,0.7697655576502157,0.569956223062177,160,0.5572573117002632,0.5817937119403291,0.29457097979905533,160,0.2510152763477132,0.33945944691415675,21309,37856,113568,DESCRIPTIVE_ONLY,DESCRIPTIVE_ONLY,DESCRIPTIVE_ONLY,DESCRIPTIVE_ONLY,DESCRIPTIVE_ONLY
validation,1,300_PLUS,0,ALS,159,0.9054645790145989,159,0.8074950716691947,1.014714067166087,0.7226458467099192,159,0.6826803683304454,0.7651005341828595,0.5,154,0.5,0.5,0.0,159,0.0,0.0,17661,27208,77274,DESCRIPTIVE_ONLY,DESCRIPTIVE_ONLY,DESCRIPTIVE_ONLY,DESCRIPTIVE_ONLY,DESCRIPTIVE_ONLY
validation,1,300_PLUS,0,FM,159,1.1437658685990428,159,1.0168257002195569,1.2816675592346833,0.8188664326244783,159,0.7694565751421414,0.8655938441867622,0.5644961933174208,154,0.541709753530669,0.5866796967262752,0.0,159,0.0,0.0,17661,27208,77274,DESCRIPTIVE_ONLY,DESCRIPTIVE_ONLY,DESCRIPTIVE_ONLY,DESCRIPTIVE_ONLY,DESCRIPTIVE_ONLY
validation,1,300_PLUS,0,ALS_FM,159,1.1437658685990428,159,1.0133737976647497,1.2830737633213594,0.8188664326244783,159,0.7690567879636953,0.8689082468805116,0.5644961933174208,154,0.5415254254328782,0.5870615196760197,0.0,159,0.0,0.0,17661,27208,77274,DESCRIPTIVE_ONLY,DESCRIPTIVE_ONLY,DESCRIPTIVE_ONLY,DESCRIPTIVE_ONLY,DESCRIPTIVE_ONLY
validation,1,300_PLUS,0,RIDGE,159,0.912611920289416,159,0.8118659140149453,1.0179681347478418,0.731901140694387,159,0.6926271465397508,0.7745104556063791,0.5695235773993634,154,0.5443802591848366,0.5922081027423537,0.0,159,0.0,0.0,17661,27208,77274,DESCRIPTIVE_ONLY,DESCRIPTIVE_ONLY,DESCRIPTIVE_ONLY,DESCRIPTIVE_ONLY,DESCRIPTIVE_ONLY
validation,1,300_PLUS,0,GBT,159,0.9212398341522613,159,0.8147370694141491,1.0345658600337606,0.7245587713619568,159,0.6838128646663136,0.7683237963852881,0.5524651544703612,154,0.5330169736016364,0.5720193213716185,0.0,159,0.0,0.0,17661,27208,77274,DESCRIPTIVE_ONLY,DESCRIPTIVE_ONLY,DESCRIPTIVE_ONLY,DESCRIPTIVE_ONLY,DESCRIPTIVE_ONLY
validation,1,300_PLUS,1_9,ALS,151,2.0647318736896607,151,1.767907210810096,2.384980842535429,1.1449905922903372,151,1.0547645443756386,1.2402751167646497,0.5244604755470563,135,0.5023753027912914,0.5459476892470364,0.5673289183222958,151,0.4900662251655629,0.6423841059602649,3859,7209,15149,DESCRIPTIVE_ONLY,DESCRIPTIVE_ONLY,DESCRIPTIVE_ONLY,DESCRIPTIVE_ONLY,DESCRIPTIVE_ONLY
validation,1,300_PLUS,1_9,FM,151,1.0377252813568303,151,0.9121185453634492,1.1816110906801778,0.784730393035215,151,0.7363984819094779,0.8358550065297219,0.5638153398739812,135,0.5344682221372308,0.5941690993429087,0.5673289183222958,151,0.4966887417218543,0.6445916114790287,3859,7209,15149,DESCRIPTIVE_ONLY,DESCRIPTIVE_ONLY,DESCRIPTIVE_ONLY,DESCRIPTIVE_ONLY,DESCRIPTIVE_ONLY
validation,1,300_PLUS,1_9,ALS_FM,151,1.037070653075187,151,0.9160048907399729,1.1674519001440078,0.7973859614214064,151,0.7478378742314209,0.8509491465159311,0.5736036086225852,135,0.544411931205667,0.60195336513749,0.5673289183222958,151,0.4944812362030904,0.6423841059602649,3859,7209,15149,DESCRIPTIVE_ONLY,DESCRIPTIVE_ONLY,DESCRIPTIVE_ONLY,DESCRIPTIVE_ONLY,DESCRIPTIVE_ONLY
validation,1,300_PLUS,1_9,RIDGE,151,0.9334541579052703,151,0.8118706579861195,1.0556882768612545,0.7508605212066825,151,0.7020229787968203,0.7983036121558902,0.5819934300180892,135,0.5507674595593236,0.6150156519633828,0.5673289183222958,151,0.4900662251655629,0.640176600441501,3859,7209,15149,DESCRIPTIVE_ONLY,DESCRIPTIVE_ONLY,DESCRIPTIVE_ONLY,DESCRIPTIVE_ONLY,DESCRIPTIVE_ONLY
validation,1,300_PLUS,1_9,GBT,151,0.914588044500066,151,0.7977148703042757,1.0395821062501025,0.7275909398495604,151,0.6742078375112447,0.7796700407487976,0.5832474054470319,135,0.5546897364685113,0.6122491346725262,0.5673289183222958,151,0.4922185430463576,0.6445916114790285,3859,7209,15149,DESCRIPTIVE_ONLY,DESCRIPTIVE_ONLY,DESCRIPTIVE_ONLY,DESCRIPTIVE_ONLY,DESCRIPTIVE_ONLY
validation,1,300_PLUS,10_49,ALS,152,1.7578119506554803,152,1.4852017072835928,2.0467909278761898,1.0508691066789153,152,0.9621924848548941,1.1402990101846893,0.5485664022097506,142,0.5282488717836437,0.5691975376210047,0.5789473684210527,152,0.5021381578947368,0.6557017543859649,1465,4413,10632,DESCRIPTIVE_ONLY,DESCRIPTIVE_ONLY,DESCRIPTIVE_ONLY,DESCRIPTIVE_ONLY,DESCRIPTIVE_ONLY
validation,1,300_PLUS,10_49,FM,152,1.1078445157947068,152,0.8952012447054667,1.3626012008893067,0.7748146649072994,152,0.7016685213496332,0.847900803858904,0.5831778341722548,142,0.5481200686446807,0.6162175248640852,0.5789473684210527,152,0.506578947368421,0.6578947368421053,1465,4413,10632,DESCRIPTIVE_ONLY,DESCRIPTIVE_ONLY,DESCRIPTIVE_ONLY,DESCRIPTIVE_ONLY,DESCRIPTIVE_ONLY
validation,1,300_PLUS,10_49,ALS_FM,152,1.0707157567947352,152,0.8870369806872717,1.2735983351121487,0.7890206630152984,152,0.7219586023409584,0.8591904610479106,0.5983388184136652,142,0.5646223571525013,0.6310352544402141,0.5789473684210527,152,0.5,0.6557017543859649,1465,4413,10632,DESCRIPTIVE_ONLY,DESCRIPTIVE_ONLY,DESCRIPTIVE_ONLY,DESCRIPTIVE_ONLY,DESCRIPTIVE_ONLY
validation,1,300_PLUS,10_49,RIDGE,152,0.9979649964994985,152,0.8092795294954901,1.22635389683876,0.7427832610452519,152,0.6800748872918374,0.815591865109292,0.5804631190814221,142,0.5434286946538538,0.615041148916639,0.5789473684210527,152,0.5021929824561404,0.6513157894736842,1465,4413,10632,DESCRIPTIVE_ONLY,DESCRIPTIVE_ONLY,DESCRIPTIVE_ONLY,DESCRIPTIVE_ONLY,DESCRIPTIVE_ONLY
validation,1,300_PLUS,10_49,GBT,152,0.9922845709127316,152,0.8099970416879116,1.2214181150823515,0.7262501158544591,152,0.6582489465015339,0.7992454205783986,0.5634105328899481,142,0.5313989443005986,0.5941921748784285,0.5789473684210527,152,0.5,0.6513157894736842,1465,4413,10632,DESCRIPTIVE_ONLY,DESCRIPTIVE_ONLY,DESCRIPTIVE_ONLY,DESCRIPTIVE_ONLY,DESCRIPTIVE_ONLY
validation,1,300_PLUS,50_PLUS,ALS,150,1.8632789418257767,150,1.5643230627591986,2.200898264976431,1.0676036085492104,150,0.968774410173691,1.172498725613113,0.5469664318365578,136,0.5273208548352105,0.567917049299382,0.551111111111111,150,0.4755555555555555,0.6289444444444442,848,3769,10513,DESCRIPTIVE_ONLY,DESCRIPTIVE_ONLY,DESCRIPTIVE_ONLY,DESCRIPTIVE_ONLY,DESCRIPTIVE_ONLY
validation,1,300_PLUS,50_PLUS,FM,150,1.0020272213581223,150,0.8497249073933002,1.1605542823125012,0.7471368741210356,150,0.6888018933294808,0.8111007597111303,0.5910368233122879,136,0.5612989484444881,0.6227010868608338,0.551111111111111,150,0.47111111111111104,0.6244444444444445,848,3769,10513,DESCRIPTIVE_ONLY,DESCRIPTIVE_ONLY,DESCRIPTIVE_ONLY,DESCRIPTIVE_ONLY,DESCRIPTIVE_ONLY
validation,1,300_PLUS,50_PLUS,ALS_FM,150,1.049209195288989,150,0.8953672370235602,1.2164285661433605,0.7761182863058301,150,0.7153263615945437,0.839380369407432,0.5955266486621705,136,0.5651680397741322,0.6251065790793231,0.551111111111111,150,0.47333333333333333,0.6266666666666667,848,3769,10513,DESCRIPTIVE_ONLY,DESCRIPTIVE_ONLY,DESCRIPTIVE_ONLY,DESCRIPTIVE_ONLY,DESCRIPTIVE_ONLY
validation,1,300_PLUS,50_PLUS,RIDGE,150,0.80675533505881,150,0.6941673976935185,0.9366667400222426,0.6921466001399368,150,0.6422778639468921,0.7442490800418731,0.6012263952851401,136,0.5652388122827162,0.6347379366720171,0.551111111111111,150,0.47333333333333333,0.6244444444444444,848,3769,10513,DESCRIPTIVE_ONLY,DESCRIPTIVE_ONLY,DESCRIPTIVE_ONLY,DESCRIPTIVE_ONLY,DESCRIPTIVE_ONLY
validation,1,300_PLUS,50_PLUS,GBT,150,0.821924390676199,150,0.6947238453334456,0.9572575168801285,0.6781478650139316,150,0.6238395470515332,0.7327511680231057,0.5941300093873376,136,0.5650370792048557,0.6210714397201704,0.551111111111111,150,0.47111111111111115,0.6266666666666667,848,3769,10513,DESCRIPTIVE_ONLY,DESCRIPTIVE_ONLY,DESCRIPTIVE_ONLY,DESCRIPTIVE_ONLY,DESCRIPTIVE_ONLY
validation,5,0,ALL,ALS,0,,0,,,,0,,,,0,,,,0,,,0,0,0,NO_DATA,NO_DATA,NO_DATA,NO_DATA,NO_DATA
validation,5,0,ALL,FM,0,,0,,,,0,,,,0,,,,0,,,0,0,0,NO_DATA,NO_DATA,NO_DATA,NO_DATA,NO_DATA
validation,5,0,ALL,ALS_FM,0,,0,,,,0,,,,0,,,,0,,,0,0,0,NO_DATA,NO_DATA,NO_DATA,NO_DATA,NO_DATA
validation,5,0,ALL,RIDGE,0,,0,,,,0,,,,0,,,,0,,,0,0,0,NO_DATA,NO_DATA,NO_DATA,NO_DATA,NO_DATA
validation,5,0,ALL,GBT,0,,0,,,,0,,,,0,,,,0,,,0,0,0,NO_DATA,NO_DATA,NO_DATA,NO_DATA,NO_DATA
validation,5,0,0,ALS,0,,0,,,,0,,,,0,,,,0,,,0,0,0,NO_DATA,NO_DATA,NO_DATA,NO_DATA,NO_DATA
validation,5,0,0,FM,0,,0,,,,0,,,,0,,,,0,,,0,0,0,NO_DATA,NO_DATA,NO_DATA,NO_DATA,NO_DATA
validation,5,0,0,ALS_FM,0,,0,,,,0,,,,0,,,,0,,,0,0,0,NO_DATA,NO_DATA,NO_DATA,NO_DATA,NO_DATA
validation,5,0,0,RIDGE,0,,0,,,,0,,,,0,,,,0,,,0,0,0,NO_DATA,NO_DATA,NO_DATA,NO_DATA,NO_DATA
validation,5,0,0,GBT,0,,0,,,,0,,,,0,,,,0,,,0,0,0,NO_DATA,NO_DATA,NO_DATA,NO_DATA,NO_DATA
validation,5,0,1_9,ALS,0,,0,,,,0,,,,0,,,,0,,,0,0,0,NO_DATA,NO_DATA,NO_DATA,NO_DATA,NO_DATA
validation,5,0,1_9,FM,0,,0,,,,0,,,,0,,,,0,,,0,0,0,NO_DATA,NO_DATA,NO_DATA,NO_DATA,NO_DATA
validation,5,0,1_9,ALS_FM,0,,0,,,,0,,,,0,,,,0,,,0,0,0,NO_DATA,NO_DATA,NO_DATA,NO_DATA,NO_DATA
validation,5,0,1_9,RIDGE,0,,0,,,,0,,,,0,,,,0,,,0,0,0,NO_DATA,NO_DATA,NO_DATA,NO_DATA,NO_DATA
validation,5,0,1_9,GBT,0,,0,,,,0,,,,0,,,,0,,,0,0,0,NO_DATA,NO_DATA,NO_DATA,NO_DATA,NO_DATA
validation,5,0,10_49,ALS,0,,0,,,,0,,,,0,,,,0,,,0,0,0,NO_DATA,NO_DATA,NO_DATA,NO_DATA,NO_DATA
validation,5,0,10_49,FM,0,,0,,,,0,,,,0,,,,0,,,0,0,0,NO_DATA,NO_DATA,NO_DATA,NO_DATA,NO_DATA
validation,5,0,10_49,ALS_FM,0,,0,,,,0,,,,0,,,,0,,,0,0,0,NO_DATA,NO_DATA,NO_DATA,NO_DATA,NO_DATA
validation,5,0,10_49,RIDGE,0,,0,,,,0,,,,0,,,,0,,,0,0,0,NO_DATA,NO_DATA,NO_DATA,NO_DATA,NO_DATA
validation,5,0,10_49,GBT,0,,0,,,,0,,,,0,,,,0,,,0,0,0,NO_DATA,NO_DATA,NO_DATA,NO_DATA,NO_DATA
validation,5,0,50_PLUS,ALS,0,,0,,,,0,,,,0,,,,0,,,0,0,0,NO_DATA,NO_DATA,NO_DATA,NO_DATA,NO_DATA
validation,5,0,50_PLUS,FM,0,,0,,,,0,,,,0,,,,0,,,0,0,0,NO_DATA,NO_DATA,NO_DATA,NO_DATA,NO_DATA
validation,5,0,50_PLUS,ALS_FM,0,,0,,,,0,,,,0,,,,0,,,0,0,0,NO_DATA,NO_DATA,NO_DATA,NO_DATA,NO_DATA
validation,5,0,50_PLUS,RIDGE,0,,0,,,,0,,,,0,,,,0,,,0,0,0,NO_DATA,NO_DATA,NO_DATA,NO_DATA,NO_DATA
validation,5,0,50_PLUS,GBT,0,,0,,,,0,,,,0,,,,0,,,0,0,0,NO_DATA,NO_DATA,NO_DATA,NO_DATA,NO_DATA
validation,5,1_9,ALL,ALS,0,,0,,,,0,,,,0,,,,0,,,0,0,0,NO_DATA,NO_DATA,NO_DATA,NO_DATA,NO_DATA
validation,5,1_9,ALL,FM,0,,0,,,,0,,,,0,,,,0,,,0,0,0,NO_DATA,NO_DATA,NO_DATA,NO_DATA,NO_DATA
validation,5,1_9,ALL,ALS_FM,0,,0,,,,0,,,,0,,,,0,,,0,0,0,NO_DATA,NO_DATA,NO_DATA,NO_DATA,NO_DATA
validation,5,1_9,ALL,RIDGE,0,,0,,,,0,,,,0,,,,0,,,0,0,0,NO_DATA,NO_DATA,NO_DATA,NO_DATA,NO_DATA
validation,5,1_9,ALL,GBT,0,,0,,,,0,,,,0,,,,0,,,0,0,0,NO_DATA,NO_DATA,NO_DATA,NO_DATA,NO_DATA
validation,5,1_9,0,ALS,0,,0,,,,0,,,,0,,,,0,,,0,0,0,NO_DATA,NO_DATA,NO_DATA,NO_DATA,NO_DATA
validation,5,1_9,0,FM,0,,0,,,,0,,,,0,,,,0,,,0,0,0,NO_DATA,NO_DATA,NO_DATA,NO_DATA,NO_DATA
validation,5,1_9,0,ALS_FM,0,,0,,,,0,,,,0,,,,0,,,0,0,0,NO_DATA,NO_DATA,NO_DATA,NO_DATA,NO_DATA
validation,5,1_9,0,RIDGE,0,,0,,,,0,,,,0,,,,0,,,0,0,0,NO_DATA,NO_DATA,NO_DATA,NO_DATA,NO_DATA
validation,5,1_9,0,GBT,0,,0,,,,0,,,,0,,,,0,,,0,0,0,NO_DATA,NO_DATA,NO_DATA,NO_DATA,NO_DATA
validation,5,1_9,1_9,ALS,0,,0,,,,0,,,,0,,,,0,,,0,0,0,NO_DATA,NO_DATA,NO_DATA,NO_DATA,NO_DATA
validation,5,1_9,1_9,FM,0,,0,,,,0,,,,0,,,,0,,,0,0,0,NO_DATA,NO_DATA,NO_DATA,NO_DATA,NO_DATA
validation,5,1_9,1_9,ALS_FM,0,,0,,,,0,,,,0,,,,0,,,0,0,0,NO_DATA,NO_DATA,NO_DATA,NO_DATA,NO_DATA
validation,5,1_9,1_9,RIDGE,0,,0,,,,0,,,,0,,,,0,,,0,0,0,NO_DATA,NO_DATA,NO_DATA,NO_DATA,NO_DATA
validation,5,1_9,1_9,GBT,0,,0,,,,0,,,,0,,,,0,,,0,0,0,NO_DATA,NO_DATA,NO_DATA,NO_DATA,NO_DATA
validation,5,1_9,10_49,ALS,0,,0,,,,0,,,,0,,,,0,,,0,0,0,NO_DATA,NO_DATA,NO_DATA,NO_DATA,NO_DATA
validation,5,1_9,10_49,FM,0,,0,,,,0,,,,0,,,,0,,,0,0,0,NO_DATA,NO_DATA,NO_DATA,NO_DATA,NO_DATA
validation,5,1_9,10_49,ALS_FM,0,,0,,,,0,,,,0,,,,0,,,0,0,0,NO_DATA,NO_DATA,NO_DATA,NO_DATA,NO_DATA
validation,5,1_9,10_49,RIDGE,0,,0,,,,0,,,,0,,,,0,,,0,0,0,NO_DATA,NO_DATA,NO_DATA,NO_DATA,NO_DATA
validation,5,1_9,10_49,GBT,0,,0,,,,0,,,,0,,,,0,,,0,0,0,NO_DATA,NO_DATA,NO_DATA,NO_DATA,NO_DATA
validation,5,1_9,50_PLUS,ALS,0,,0,,,,0,,,,0,,,,0,,,0,0,0,NO_DATA,NO_DATA,NO_DATA,NO_DATA,NO_DATA
validation,5,1_9,50_PLUS,FM,0,,0,,,,0,,,,0,,,,0,,,0,0,0,NO_DATA,NO_DATA,NO_DATA,NO_DATA,NO_DATA
validation,5,1_9,50_PLUS,ALS_FM,0,,0,,,,0,,,,0,,,,0,,,0,0,0,NO_DATA,NO_DATA,NO_DATA,NO_DATA,NO_DATA
validation,5,1_9,50_PLUS,RIDGE,0,,0,,,,0,,,,0,,,,0,,,0,0,0,NO_DATA,NO_DATA,NO_DATA,NO_DATA,NO_DATA
validation,5,1_9,50_PLUS,GBT,0,,0,,,,0,,,,0,,,,0,,,0,0,0,NO_DATA,NO_DATA,NO_DATA,NO_DATA,NO_DATA
validation,5,10_29,ALL,ALS,0,,0,,,,0,,,,0,,,,0,,,0,0,0,NO_DATA,NO_DATA,NO_DATA,NO_DATA,NO_DATA
validation,5,10_29,ALL,FM,0,,0,,,,0,,,,0,,,,0,,,0,0,0,NO_DATA,NO_DATA,NO_DATA,NO_DATA,NO_DATA
validation,5,10_29,ALL,ALS_FM,0,,0,,,,0,,,,0,,,,0,,,0,0,0,NO_DATA,NO_DATA,NO_DATA,NO_DATA,NO_DATA
validation,5,10_29,ALL,RIDGE,0,,0,,,,0,,,,0,,,,0,,,0,0,0,NO_DATA,NO_DATA,NO_DATA,NO_DATA,NO_DATA
validation,5,10_29,ALL,GBT,0,,0,,,,0,,,,0,,,,0,,,0,0,0,NO_DATA,NO_DATA,NO_DATA,NO_DATA,NO_DATA
validation,5,10_29,0,ALS,0,,0,,,,0,,,,0,,,,0,,,0,0,0,NO_DATA,NO_DATA,NO_DATA,NO_DATA,NO_DATA
validation,5,10_29,0,FM,0,,0,,,,0,,,,0,,,,0,,,0,0,0,NO_DATA,NO_DATA,NO_DATA,NO_DATA,NO_DATA
validation,5,10_29,0,ALS_FM,0,,0,,,,0,,,,0,,,,0,,,0,0,0,NO_DATA,NO_DATA,NO_DATA,NO_DATA,NO_DATA
validation,5,10_29,0,RIDGE,0,,0,,,,0,,,,0,,,,0,,,0,0,0,NO_DATA,NO_DATA,NO_DATA,NO_DATA,NO_DATA
validation,5,10_29,0,GBT,0,,0,,,,0,,,,0,,,,0,,,0,0,0,NO_DATA,NO_DATA,NO_DATA,NO_DATA,NO_DATA
validation,5,10_29,1_9,ALS,0,,0,,,,0,,,,0,,,,0,,,0,0,0,NO_DATA,NO_DATA,NO_DATA,NO_DATA,NO_DATA
validation,5,10_29,1_9,FM,0,,0,,,,0,,,,0,,,,0,,,0,0,0,NO_DATA,NO_DATA,NO_DATA,NO_DATA,NO_DATA
validation,5,10_29,1_9,ALS_FM,0,,0,,,,0,,,,0,,,,0,,,0,0,0,NO_DATA,NO_DATA,NO_DATA,NO_DATA,NO_DATA
validation,5,10_29,1_9,RIDGE,0,,0,,,,0,,,,0,,,,0,,,0,0,0,NO_DATA,NO_DATA,NO_DATA,NO_DATA,NO_DATA
validation,5,10_29,1_9,GBT,0,,0,,,,0,,,,0,,,,0,,,0,0,0,NO_DATA,NO_DATA,NO_DATA,NO_DATA,NO_DATA
validation,5,10_29,10_49,ALS,0,,0,,,,0,,,,0,,,,0,,,0,0,0,NO_DATA,NO_DATA,NO_DATA,NO_DATA,NO_DATA
validation,5,10_29,10_49,FM,0,,0,,,,0,,,,0,,,,0,,,0,0,0,NO_DATA,NO_DATA,NO_DATA,NO_DATA,NO_DATA
validation,5,10_29,10_49,ALS_FM,0,,0,,,,0,,,,0,,,,0,,,0,0,0,NO_DATA,NO_DATA,NO_DATA,NO_DATA,NO_DATA
validation,5,10_29,10_49,RIDGE,0,,0,,,,0,,,,0,,,,0,,,0,0,0,NO_DATA,NO_DATA,NO_DATA,NO_DATA,NO_DATA
validation,5,10_29,10_49,GBT,0,,0,,,,0,,,,0,,,,0,,,0,0,0,NO_DATA,NO_DATA,NO_DATA,NO_DATA,NO_DATA
validation,5,10_29,50_PLUS,ALS,0,,0,,,,0,,,,0,,,,0,,,0,0,0,NO_DATA,NO_DATA,NO_DATA,NO_DATA,NO_DATA
validation,5,10_29,50_PLUS,FM,0,,0,,,,0,,,,0,,,,0,,,0,0,0,NO_DATA,NO_DATA,NO_DATA,NO_DATA,NO_DATA
validation,5,10_29,50_PLUS,ALS_FM,0,,0,,,,0,,,,0,,,,0,,,0,0,0,NO_DATA,NO_DATA,NO_DATA,NO_DATA,NO_DATA
validation,5,10_29,50_PLUS,RIDGE,0,,0,,,,0,,,,0,,,,0,,,0,0,0,NO_DATA,NO_DATA,NO_DATA,NO_DATA,NO_DATA
validation,5,10_29,50_PLUS,GBT,0,,0,,,,0,,,,0,,,,0,,,0,0,0,NO_DATA,NO_DATA,NO_DATA,NO_DATA,NO_DATA
validation,5,30_99,ALL,ALS,62,1.2050378640184793,62,0.9957151669349922,1.4708841082795783,0.8788081565276012,62,0.8026792127081662,0.9720589502158788,0.542694436479097,59,0.5137079663137206,0.572452631264894,0.6717261545852157,62,0.6232851423437762,0.7199961941853295,2138,4299,12897,DESCRIPTIVE_ONLY,DESCRIPTIVE_ONLY,DESCRIPTIVE_ONLY,DESCRIPTIVE_ONLY,DESCRIPTIVE_ONLY
validation,5,30_99,ALL,FM,62,0.9909330234269613,62,0.8431581111983951,1.143252592760534,0.7922125548679577,62,0.7221504076688137,0.8615335414587602,0.5905828633415554,59,0.557671923220095,0.6253233667678493,0.6717261545852157,62,0.6205555555756929,0.7198125553303453,2138,4299,12897,DESCRIPTIVE_ONLY,DESCRIPTIVE_ONLY,DESCRIPTIVE_ONLY,DESCRIPTIVE_ONLY,DESCRIPTIVE_ONLY
validation,5,30_99,ALL,ALS_FM,62,0.967349421549873,62,0.8370027931304947,1.1268084624896737,0.7903555787155853,62,0.722488934291737,0.8628078936170045,0.5969971083224348,59,0.5679897407753816,0.6281022987623683,0.6717261545852157,62,0.6199945564503722,0.7167229364914963,2138,4299,12897,DESCRIPTIVE_ONLY,DESCRIPTIVE_ONLY,DESCRIPTIVE_ONLY,DESCRIPTIVE_ONLY,DESCRIPTIVE_ONLY
validation,5,30_99,ALL,RIDGE,62,1.0446175169030574,62,0.8787788300073273,1.2281048330475428,0.8247546065325575,62,0.7628569240589523,0.8894967055231947,0.5788103011543769,59,0.5444619611450643,0.6151928972321832,0.6717261545852157,62,0.620983176998985,0.7171119583659447,2138,4299,12897,DESCRIPTIVE_ONLY,DESCRIPTIVE_ONLY,DESCRIPTIVE_ONLY,DESCRIPTIVE_ONLY,DESCRIPTIVE_ONLY
validation,5,30_99,ALL,GBT,62,0.9452499321536943,62,0.7816563382339552,1.126673106011238,0.7600439771207879,62,0.6939758165111488,0.8275961420504327,0.5562884300159187,59,0.5250213098170063,0.5861063604043499,0.6717261545852157,62,0.6210305761322713,0.7172626960209971,2138,4299,12897,DESCRIPTIVE_ONLY,DESCRIPTIVE_ONLY,DESCRIPTIVE_ONLY,DESCRIPTIVE_ONLY,DESCRIPTIVE_ONLY
validation,5,30_99,0,ALS,57,0.9319083576491238,57,0.7536220642689435,1.1399116584319686,0.7650104948896158,57,0.6820704822952024,0.8579901542959497,0.5,51,0.5,0.5,0.0,57,0.0,0.0,833,1391,3932,DESCRIPTIVE_ONLY,DESCRIPTIVE_ONLY,DESCRIPTIVE_ONLY,DESCRIPTIVE_ONLY,DESCRIPTIVE_ONLY
validation,5,30_99,0,FM,57,1.0517626667701212,57,0.8820644045213858,1.2315580949073106,0.8250868022783515,57,0.7434118818169769,0.9055682866616326,0.5477501752166108,51,0.491208704610799,0.6048585688769068,0.0,57,0.0,0.0,833,1391,3932,DESCRIPTIVE_ONLY,DESCRIPTIVE_ONLY,DESCRIPTIVE_ONLY,DESCRIPTIVE_ONLY,DESCRIPTIVE_ONLY
validation,5,30_99,0,ALS_FM,57,1.0517626667701212,57,0.8900403611200209,1.2297594774407763,0.8250868022783515,57,0.7408017703541254,0.9067673704130202,0.5477501752166108,51,0.48916658926108963,0.6021514994644581,0.0,57,0.0,0.0,833,1391,3932,DESCRIPTIVE_ONLY,DESCRIPTIVE_ONLY,DESCRIPTIVE_ONLY,DESCRIPTIVE_ONLY,DESCRIPTIVE_ONLY
validation,5,30_99,0,RIDGE,57,0.9922833269890885,57,0.8135884437890095,1.1787733208133682,0.8046635173846448,57,0.7269338363819655,0.8851776845792774,0.5386665349659572,51,0.47015769894677306,0.6038984958003978,0.0,57,0.0,0.0,833,1391,3932,DESCRIPTIVE_ONLY,DESCRIPTIVE_ONLY,DESCRIPTIVE_ONLY,DESCRIPTIVE_ONLY,DESCRIPTIVE_ONLY
validation,5,30_99,0,GBT,57,0.9122588351890115,57,0.7462957211361644,1.0943815758753126,0.7554988422657662,57,0.6743904781775073,0.8351909114950192,0.5240087355226568,51,0.4647690272760672,0.5821339053576737,0.0,57,0.0,0.0,833,1391,3932,DESCRIPTIVE_ONLY,DESCRIPTIVE_ONLY,DESCRIPTIVE_ONLY,DESCRIPTIVE_ONLY,DESCRIPTIVE_ONLY
validation,5,30_99,1_9,ALS,47,1.9094906298822107,47,1.5393705109336955,2.307034090761329,1.150631245205601,47,1.0235785344292752,1.296484257653581,0.5621950374248539,31,0.49149457439388977,0.6282944910652325,1.0,47,1.0,1.0,477,565,1218,DESCRIPTIVE_ONLY,DESCRIPTIVE_ONLY,DESCRIPTIVE_ONLY,DESCRIPTIVE_ONLY,DESCRIPTIVE_ONLY
validation,5,30_99,1_9,FM,47,1.2032130842021376,47,0.8731187855670034,1.628095418024735,0.8607636217230993,47,0.733752244260871,1.0025367527919402,0.5378401236636298,31,0.44542265707844536,0.6238925682622692,1.0,47,1.0,1.0,477,565,1218,DESCRIPTIVE_ONLY,DESCRIPTIVE_ONLY,DESCRIPTIVE_ONLY,DESCRIPTIVE_ONLY,DESCRIPTIVE_ONLY
validation,5,30_99,1_9,ALS_FM,47,1.1475269837567494,47,0.8567470005064338,1.4803549160136995,0.8567528550036917,47,0.7361870028575129,0.9898066126561366,0.5966470213869158,31,0.5134175713137266,0.6734344804410776,1.0,47,1.0,1.0,477,565,1218,DESCRIPTIVE_ONLY,DESCRIPTIVE_ONLY,DESCRIPTIVE_ONLY,DESCRIPTIVE_ONLY,DESCRIPTIVE_ONLY
validation,5,30_99,1_9,RIDGE,47,1.3520875334425673,47,0.9577574625083183,1.8464155968330047,0.925137942813926,47,0.7879868422510855,1.0807987603347515,0.5539514421765562,31,0.45881601338779093,0.6445560195659976,1.0,47,1.0,1.0,477,565,1218,DESCRIPTIVE_ONLY,DESCRIPTIVE_ONLY,DESCRIPTIVE_ONLY,DESCRIPTIVE_ONLY,DESCRIPTIVE_ONLY
validation,5,30_99,1_9,GBT,47,1.2193200352829925,47,0.8545588625048979,1.666829040585484,0.851140763590717,47,0.7117974374894747,0.999256498316034,0.4751442755052994,31,0.39285105116404323,0.561181224076461,1.0,47,1.0,1.0,477,565,1218,DESCRIPTIVE_ONLY,DESCRIPTIVE_ONLY,DESCRIPTIVE_ONLY,DESCRIPTIVE_ONLY,DESCRIPTIVE_ONLY
validation,5,30_99,10_49,ALS,54,1.115955685674734,54,0.9031922259546769,1.3606116973796667,0.8716912034122971,54,0.7701791989092204,0.9764382206294896,0.5910682073612612,41,0.538717098894585,0.6461759222361576,1.0,54,1.0,1.0,554,965,2374,DESCRIPTIVE_ONLY,DESCRIPTIVE_ONLY,DESCRIPTIVE_ONLY,DESCRIPTIVE_ONLY,DESCRIPTIVE_ONLY
validation,5,30_99,10_49,FM,54,0.8999743204710905,54,0.6495337910549408,1.22576095274238,0.7358328402238952,54,0.6398501300194138,0.8479710958519838,0.5950002574415105,41,0.5311490008081771,0.6567169726081137,1.0,54,1.0,1.0,554,965,2374,DESCRIPTIVE_ONLY,DESCRIPTIVE_ONLY,DESCRIPTIVE_ONLY,DESCRIPTIVE_ONLY,DESCRIPTIVE_ONLY
validation,5,30_99,10_49,ALS_FM,54,0.8248414987356342,54,0.6365333273276393,1.1039056016643056,0.7178252069898695,54,0.630979453934374,0.8193195531938651,0.6149618615297494,41,0.5506311831233055,0.6799146379009524,1.0,54,1.0,1.0,554,965,2374,DESCRIPTIVE_ONLY,DESCRIPTIVE_ONLY,DESCRIPTIVE_ONLY,DESCRIPTIVE_ONLY,DESCRIPTIVE_ONLY
validation,5,30_99,10_49,RIDGE,54,1.0243532319574569,54,0.7333820426472606,1.4576891374445238,0.8036724913177141,54,0.7071383364438285,0.9274192884873668,0.5598265455027029,41,0.4794000331290905,0.6295956906150747,1.0,54,1.0,1.0,554,965,2374,DESCRIPTIVE_ONLY,DESCRIPTIVE_ONLY,DESCRIPTIVE_ONLY,DESCRIPTIVE_ONLY,DESCRIPTIVE_ONLY
validation,5,30_99,10_49,GBT,54,0.8849710815743117,54,0.6589487258577157,1.202430845286099,0.7290405204639837,54,0.6362906492714944,0.8321284847619107,0.5939090504257981,41,0.5388859944765267,0.6519585760371157,1.0,54,1.0,1.0,554,965,2374,DESCRIPTIVE_ONLY,DESCRIPTIVE_ONLY,DESCRIPTIVE_ONLY,DESCRIPTIVE_ONLY,DESCRIPTIVE_ONLY
validation,5,30_99,50_PLUS,ALS,56,1.2172670893061703,56,0.9356117137978859,1.583425975354227,0.8752372356263608,56,0.7726740970178674,0.9968446659676405,0.5344202074486036,50,0.4839351266910695,0.5857551440455145,1.0,56,1.0,1.0,620,1885,5373,DESCRIPTIVE_ONLY,DESCRIPTIVE_ONLY,DESCRIPTIVE_ONLY,DESCRIPTIVE_ONLY,DESCRIPTIVE_ONLY
validation,5,30_99,50_PLUS,FM,56,0.958576680827802,56,0.7620173058529747,1.2045657029161903,0.7804991523794175,56,0.7022191016469104,0.8662403548179243,0.5676348458381986,50,0.5253389561627041,0.6118413109222425,1.0,56,1.0,1.0,620,1885,5373,DESCRIPTIVE_ONLY,DESCRIPTIVE_ONLY,DESCRIPTIVE_ONLY,DESCRIPTIVE_ONLY,DESCRIPTIVE_ONLY
validation,5,30_99,50_PLUS,ALS_FM,56,0.9033557887000013,56,0.7493863530598469,1.0829332489199681,0.7688541699381947,56,0.6911138030908743,0.8484872509754533,0.5735336252091271,50,0.53120819819132,0.616508784418342,1.0,56,1.0,1.0,620,1885,5373,DESCRIPTIVE_ONLY,DESCRIPTIVE_ONLY,DESCRIPTIVE_ONLY,DESCRIPTIVE_ONLY,DESCRIPTIVE_ONLY
validation,5,30_99,50_PLUS,RIDGE,56,1.0668056102642998,56,0.7945329937598486,1.4631601519117383,0.8255764869234861,56,0.7316891477756405,0.9423941734569292,0.567729904167159,50,0.5214380782077204,0.612967061114343,1.0,56,1.0,1.0,620,1885,5373,DESCRIPTIVE_ONLY,DESCRIPTIVE_ONLY,DESCRIPTIVE_ONLY,DESCRIPTIVE_ONLY,DESCRIPTIVE_ONLY
validation,5,30_99,50_PLUS,GBT,56,0.9985988260395072,56,0.7238700374895485,1.4176268758430675,0.764286082056954,56,0.6660729861983091,0.8931363683273373,0.5603206296177057,50,0.5208368859713606,0.5992085492001007,1.0,56,1.0,1.0,620,1885,5373,DESCRIPTIVE_ONLY,DESCRIPTIVE_ONLY,DESCRIPTIVE_ONLY,DESCRIPTIVE_ONLY,DESCRIPTIVE_ONLY
validation,5,100_299,ALL,ALS,78,1.2087460219935333,78,1.029791112069227,1.3984358750585448,0.8748142509331356,78,0.8065967329943028,0.9464802752640976,0.5198549829975664,75,0.4884310941621536,0.5492277799569298,0.6142601282667017,78,0.5709827715813315,0.6563243677235199,3074,7091,21273,DESCRIPTIVE_ONLY,DESCRIPTIVE_ONLY,DESCRIPTIVE_ONLY,DESCRIPTIVE_ONLY,DESCRIPTIVE_ONLY
validation,5,100_299,ALL,FM,78,0.9721750639076242,78,0.8100912362257957,1.1444387586043714,0.7711963604318849,78,0.7156930865282601,0.8354062033711191,0.5527676844057704,75,0.5130329684076259,0.5901450791279883,0.6142601282667017,78,0.5715564356009649,0.6547765917243474,3074,7091,21273,DESCRIPTIVE_ONLY,DESCRIPTIVE_ONLY,DESCRIPTIVE_ONLY,DESCRIPTIVE_ONLY,DESCRIPTIVE_ONLY
validation,5,100_299,ALL,ALS_FM,78,0.9374540906661638,78,0.7989699942101167,1.0996495162586266,0.7701375018113215,78,0.7154560004302021,0.82409029620065,0.5572065467816288,75,0.5177060618669156,0.5964229072016658,0.6142601282667017,78,0.5704069691427396,0.6576306181907836,3074,7091,21273,DESCRIPTIVE_ONLY,DESCRIPTIVE_ONLY,DESCRIPTIVE_ONLY,DESCRIPTIVE_ONLY,DESCRIPTIVE_ONLY
validation,5,100_299,ALL,RIDGE,78,1.0213824959768527,78,0.8445411133276814,1.2219567754508749,0.7932652092976155,78,0.7301918015765342,0.861582011500965,0.5735644161788724,75,0.534193639122925,0.613975979641322,0.6142601282667017,78,0.5717122545538253,0.6569739583507334,3074,7091,21273,DESCRIPTIVE_ONLY,DESCRIPTIVE_ONLY,DESCRIPTIVE_ONLY,DESCRIPTIVE_ONLY,DESCRIPTIVE_ONLY
validation,5,100_299,ALL,GBT,78,0.929077408838063,78,0.7783539393966215,1.0961014630844266,0.7493688030270367,78,0.6910819304378374,0.8130105999791397,0.5566939215576372,75,0.5239781637737426,0.5893622180255949,0.6142601282667017,78,0.571293633832195,0.6579584718771866,3074,7091,21273,DESCRIPTIVE_ONLY,DESCRIPTIVE_ONLY,DESCRIPTIVE_ONLY,DESCRIPTIVE_ONLY,DESCRIPTIVE_ONLY
validation,5,100_299,0,ALS,74,1.0369220166799524,74,0.8201577444600399,1.2848440873689972,0.7942475214151963,74,0.7146703878946461,0.8796999968187676,0.5,65,0.5,0.5,0.0,74,0.0,0.0,1271,2588,7299,DESCRIPTIVE_ONLY,DESCRIPTIVE_ONLY,DESCRIPTIVE_ONLY,DESCRIPTIVE_ONLY,DESCRIPTIVE_ONLY
validation,5,100_299,0,FM,74,1.1062151457272649,74,0.8978764030305868,1.380236042474934,0.8452800013775286,74,0.7711485265353528,0.9305622119478343,0.5833657778247907,65,0.5451538973384261,0.6238982155357917,0.0,74,0.0,0.0,1271,2588,7299,DESCRIPTIVE_ONLY,DESCRIPTIVE_ONLY,DESCRIPTIVE_ONLY,DESCRIPTIVE_ONLY,DESCRIPTIVE_ONLY
validation,5,100_299,0,ALS_FM,74,1.1062151457272649,74,0.9024023591617635,1.363656087792582,0.8452800013775286,74,0.7704579477450194,0.9292534460977571,0.5833657778247907,65,0.5457386932884086,0.6229480572702124,0.0,74,0.0,0.0,1271,2588,7299,DESCRIPTIVE_ONLY,DESCRIPTIVE_ONLY,DESCRIPTIVE_ONLY,DESCRIPTIVE_ONLY,DESCRIPTIVE_ONLY
validation,5,100_299,0,RIDGE,74,1.191519644905514,74,0.9098812176288451,1.5582309605682751,0.8659325125912491,74,0.7669032378508236,0.9736068689029779,0.5759033015831493,65,0.5315578619738528,0.6205390144213844,0.0,74,0.0,0.0,1271,2588,7299,DESCRIPTIVE_ONLY,DESCRIPTIVE_ONLY,DESCRIPTIVE_ONLY,DESCRIPTIVE_ONLY,DESCRIPTIVE_ONLY
validation,5,100_299,0,GBT,74,1.0644961923304685,74,0.8413091662538139,1.336676440377197,0.8143233836072428,74,0.7318267460520054,0.9079915763288543,0.5558811626403074,65,0.5162380482233266,0.5922065672368235,0.0,74,0.0,0.0,1271,2588,7299,DESCRIPTIVE_ONLY,DESCRIPTIVE_ONLY,DESCRIPTIVE_ONLY,DESCRIPTIVE_ONLY,DESCRIPTIVE_ONLY
validation,5,100_299,1_9,ALS,61,1.729258810320826,61,1.400883265668049,2.062313587902341,1.0509683481979144,61,0.9348890097175107,1.177356814484159,0.5155739373446823,47,0.4542625318749596,0.5736224628611862,1.0,61,1.0,1.0,864,1301,2898,DESCRIPTIVE_ONLY,DESCRIPTIVE_ONLY,DESCRIPTIVE_ONLY,DESCRIPTIVE_ONLY,DESCRIPTIVE_ONLY
validation,5,100_299,1_9,FM,61,1.0550452166451418,61,0.7519540931177614,1.488963828113114,0.7887635438383088,61,0.6776716768873031,0.9130408137147524,0.4803340109256315,47,0.4035872706650409,0.5509616478023975,1.0,61,1.0,1.0,864,1301,2898,DESCRIPTIVE_ONLY,DESCRIPTIVE_ONLY,DESCRIPTIVE_ONLY,DESCRIPTIVE_ONLY,DESCRIPTIVE_ONLY
validation,5,100_299,1_9,ALS_FM,61,1.0087541069535029,61,0.7448109416203823,1.3455927711085358,0.7887318027427379,61,0.6847000945381525,0.9068933064367035,0.5034109289986702,47,0.43463628457956366,0.5759094803699006,1.0,61,1.0,1.0,864,1301,2898,DESCRIPTIVE_ONLY,DESCRIPTIVE_ONLY,DESCRIPTIVE_ONLY,DESCRIPTIVE_ONLY,DESCRIPTIVE_ONLY
validation,5,100_299,1_9,RIDGE,61,1.0627549109509244,61,0.736363874001601,1.4934359442376666,0.789128781513182,61,0.6706286651360555,0.9216680846433393,0.5374062382106627,47,0.4565447428202195,0.610988833499675,1.0,61,1.0,1.0,864,1301,2898,DESCRIPTIVE_ONLY,DESCRIPTIVE_ONLY,DESCRIPTIVE_ONLY,DESCRIPTIVE_ONLY,DESCRIPTIVE_ONLY
validation,5,100_299,1_9,GBT,61,1.0187939487258253,61,0.7090267300641684,1.447357901437748,0.7685027566234433,61,0.6540166084563356,0.9029627811353736,0.5154651692209778,47,0.4504911895458422,0.5794346575690735,1.0,61,1.0,1.0,864,1301,2898,DESCRIPTIVE_ONLY,DESCRIPTIVE_ONLY,DESCRIPTIVE_ONLY,DESCRIPTIVE_ONLY,DESCRIPTIVE_ONLY
validation,5,100_299,10_49,ALS,68,1.3007108882914507,68,1.073656213185264,1.5552547604640858,0.925749786573587,68,0.8297919383555028,1.020810714906,0.586694287687344,52,0.5378170741355759,0.6359336295757946,0.9926470588235294,68,0.9779411764705882,1.0,809,1793,4414,DESCRIPTIVE_ONLY,DESCRIPTIVE_ONLY,DESCRIPTIVE_ONLY,DESCRIPTIVE_ONLY,DESCRIPTIVE_ONLY
validation,5,100_299,10_49,FM,68,0.8202775436186532,68,0.6475470176965701,1.0262451251277176,0.6880882803749993,68,0.6048157608447672,0.7746550048478446,0.574139112498525,52,0.5158925227643919,0.6328266686591881,0.9926470588235294,68,0.9779411764705882,1.0,809,1793,4414,DESCRIPTIVE_ONLY,DESCRIPTIVE_ONLY,DESCRIPTIVE_ONLY,DESCRIPTIVE_ONLY,DESCRIPTIVE_ONLY
validation,5,100_299,10_49,ALS_FM,68,0.7969840881116277,68,0.6340881478146848,0.9669071778609535,0.7015761885836888,68,0.6236964876426833,0.7814553133003945,0.6097410600234533,52,0.5510226026350693,0.6652344636944234,0.9926470588235294,68,0.9779411764705882,1.0,809,1793,4414,DESCRIPTIVE_ONLY,DESCRIPTIVE_ONLY,DESCRIPTIVE_ONLY,DESCRIPTIVE_ONLY,DESCRIPTIVE_ONLY
validation,5,100_299,10_49,RIDGE,68,0.9086463099070533,68,0.6810261321380947,1.15453408647462,0.7213893385153348,68,0.6265273027627446,0.817592639584428,0.6258990528687527,52,0.5607406506468001,0.6844832392104558,0.9926470588235294,68,0.9779411764705882,1.0,809,1793,4414,DESCRIPTIVE_ONLY,DESCRIPTIVE_ONLY,DESCRIPTIVE_ONLY,DESCRIPTIVE_ONLY,DESCRIPTIVE_ONLY
validation,5,100_299,10_49,GBT,68,0.8168083664189989,68,0.6344998293776813,1.0171631732907767,0.677782473179979,68,0.5930159691016209,0.7660096309320055,0.6133384371504226,52,0.5654928340528826,0.6603531921980478,0.9926470588235294,68,0.9779411764705882,1.0,809,1793,4414,DESCRIPTIVE_ONLY,DESCRIPTIVE_ONLY,DESCRIPTIVE_ONLY,DESCRIPTIVE_ONLY,DESCRIPTIVE_ONLY
validation,5,100_299,50_PLUS,ALS,71,1.2462999179606482,71,0.9921979932084765,1.5079047689895597,0.880994755604831,71,0.7867813709688788,0.9796263527773884,0.5650922750839947,62,0.5188971499022049,0.6103558640645881,0.9906103286384976,71,0.9718309859154928,1.0,669,2355,6662,DESCRIPTIVE_ONLY,DESCRIPTIVE_ONLY,DESCRIPTIVE_ONLY,DESCRIPTIVE_ONLY,DESCRIPTIVE_ONLY
validation,5,100_299,50_PLUS,FM,71,0.9519459677942174,71,0.733065735588738,1.1981971513964476,0.7424709051889852,71,0.6601914775335761,0.8291831450888452,0.5325262125053605,62,0.47427563073756773,0.5860131829326157,0.9906103286384976,71,0.9718309859154928,1.0,669,2355,6662,DESCRIPTIVE_ONLY,DESCRIPTIVE_ONLY,DESCRIPTIVE_ONLY,DESCRIPTIVE_ONLY,DESCRIPTIVE_ONLY
validation,5,100_299,50_PLUS,ALS_FM,71,0.8976279831874291,71,0.6999765113431436,1.1391924693862399,0.7348185912353669,71,0.659190178210003,0.8132745531279176,0.5543304209010961,62,0.4998205548397854,0.6082017027603213,0.9906103286384976,71,0.971830985915493,1.0,669,2355,6662,DESCRIPTIVE_ONLY,DESCRIPTIVE_ONLY,DESCRIPTIVE_ONLY,DESCRIPTIVE_ONLY,DESCRIPTIVE_ONLY
validation,5,100_299,50_PLUS,RIDGE,71,1.0072717955064165,71,0.7880699348345537,1.2651864540708446,0.7819448844520442,71,0.6917430031157055,0.8752586540979829,0.531043493242346,62,0.48072984538497826,0.5823893291368579,0.9906103286384976,71,0.9718309859154928,1.0,669,2355,6662,DESCRIPTIVE_ONLY,DESCRIPTIVE_ONLY,DESCRIPTIVE_ONLY,DESCRIPTIVE_ONLY,DESCRIPTIVE_ONLY
validation,5,100_299,50_PLUS,GBT,71,0.9253794408517524,71,0.7198072548569302,1.1572828771778951,0.729599476042973,71,0.6484863681988727,0.8180278112278574,0.5459545620108489,62,0.504858547335813,0.5900404363530874,0.9906103286384976,71,0.971830985915493,1.0,669,2355,6662,DESCRIPTIVE_ONLY,DESCRIPTIVE_ONLY,DESCRIPTIVE_ONLY,DESCRIPTIVE_ONLY,DESCRIPTIVE_ONLY
validation,5,300_PLUS,ALL,ALS,160,1.2480021474290903,160,1.110886221777403,1.3713935197727969,0.8661910713497522,160,0.8159106204101128,0.9152069244137292,0.5414771463470762,160,0.5276270348705915,0.555448173482776,0.4772024860220199,160,0.4477236021957594,0.5064259734098647,21309,37856,113568,DESCRIPTIVE_ONLY,DESCRIPTIVE_ONLY,DESCRIPTIVE_ONLY,DESCRIPTIVE_ONLY,DESCRIPTIVE_ONLY
validation,5,300_PLUS,ALL,FM,160,0.9477959081890963,160,0.8525582033590838,1.0453120941305885,0.7515235604111747,160,0.7133993572854151,0.7907914731244962,0.566683041534665,160,0.5513328130516021,0.5825618459847333,0.4772024860220199,160,0.4488660994187229,0.508084806824784,21309,37856,113568,DESCRIPTIVE_ONLY,DESCRIPTIVE_ONLY,DESCRIPTIVE_ONLY,DESCRIPTIVE_ONLY,DESCRIPTIVE_ONLY
validation,5,300_PLUS,ALL,ALS_FM,160,0.9414423545145055,160,0.8509853453418503,1.0418695046378403,0.7577840636197534,160,0.7186970957481629,0.7974229690269671,0.5767103550571275,160,0.559617005885493,0.592534133272284,0.4772024860220199,160,0.4477281757609279,0.5062733736588428,21309,37856,113568,DESCRIPTIVE_ONLY,DESCRIPTIVE_ONLY,DESCRIPTIVE_ONLY,DESCRIPTIVE_ONLY,DESCRIPTIVE_ONLY
validation,5,300_PLUS,ALL,RIDGE,160,0.9297161414707766,160,0.8352528909016003,1.0325404868696004,0.7404306575241962,160,0.7010529278359489,0.7804457404204396,0.5719188144263834,160,0.5554488654858655,0.5882919000001042,0.4772024860220199,160,0.4462701573887401,0.506272455970316,21309,37856,113568,DESCRIPTIVE_ONLY,DESCRIPTIVE_ONLY,DESCRIPTIVE_ONLY,DESCRIPTIVE_ONLY,DESCRIPTIVE_ONLY
validation,5,300_PLUS,ALL,GBT,160,0.8924417268952002,160,0.80259380081074,0.9957926705378005,0.7171502491889703,160,0.6793614756217259,0.7542877556115497,0.5699087244160236,160,0.5568913287009322,0.5829824017757693,0.4772024860220199,160,0.4472737101978212,0.5063320889557148,21309,37856,113568,DESCRIPTIVE_ONLY,DESCRIPTIVE_ONLY,DESCRIPTIVE_ONLY,DESCRIPTIVE_ONLY,DESCRIPTIVE_ONLY
validation,5,300_PLUS,0,ALS,159,0.8515033094729532,159,0.7585442091936974,0.9552912118458525,0.7066394297247179,159,0.6657287451956996,0.7507113475655938,0.5,154,0.5,0.5,0.0,159,0.0,0.0,17661,27208,77274,DESCRIPTIVE_ONLY,DESCRIPTIVE_ONLY,DESCRIPTIVE_ONLY,DESCRIPTIVE_ONLY,DESCRIPTIVE_ONLY
validation,5,300_PLUS,0,FM,159,0.9628135249216708,159,0.8643021482034684,1.0651644866414656,0.7680307189474309,159,0.7268896873709842,0.8122141251263748,0.5619411371733702,154,0.5393592820055185,0.5834172116186371,0.0,159,0.0,0.0,17661,27208,77274,DESCRIPTIVE_ONLY,DESCRIPTIVE_ONLY,DESCRIPTIVE_ONLY,DESCRIPTIVE_ONLY,DESCRIPTIVE_ONLY
validation,5,300_PLUS,0,ALS_FM,159,0.9628135249216708,159,0.8669075732816306,1.064014356847761,0.7680307189474309,159,0.7249941276028692,0.8118081813935466,0.5619411371733702,154,0.5393732564222594,0.5835268661856634,0.0,159,0.0,0.0,17661,27208,77274,DESCRIPTIVE_ONLY,DESCRIPTIVE_ONLY,DESCRIPTIVE_ONLY,DESCRIPTIVE_ONLY,DESCRIPTIVE_ONLY
validation,5,300_PLUS,0,RIDGE,159,0.9095818040250082,159,0.8115235689050068,1.010641524666311,0.7324453912905464,159,0.6928880843741215,0.776362653532976,0.5728562940367631,154,0.5498030798867756,0.5947746109598192,0.0,159,0.0,0.0,17661,27208,77274,DESCRIPTIVE_ONLY,DESCRIPTIVE_ONLY,DESCRIPTIVE_ONLY,DESCRIPTIVE_ONLY,DESCRIPTIVE_ONLY
validation,5,300_PLUS,0,GBT,159,0.8776283718981693,159,0.7839999062032734,0.9790254160694327,0.7128154978637117,159,0.6727114039364995,0.7546448363867383,0.5539271425487108,154,0.5351209779627505,0.5706972622900254,0.0,159,0.0,0.0,17661,27208,77274,DESCRIPTIVE_ONLY,DESCRIPTIVE_ONLY,DESCRIPTIVE_ONLY,DESCRIPTIVE_ONLY,DESCRIPTIVE_ONLY
validation,5,300_PLUS,1_9,ALS,151,1.87887217113304,151,1.6415474380406065,2.13131275970201,1.100614852655706,151,1.0289376008237459,1.1801447820905024,0.5761075889114875,135,0.5470920075972215,0.6051446685851688,0.991169977924945,151,0.9757174392935981,1.0,3859,7209,15149,DESCRIPTIVE_ONLY,DESCRIPTIVE_ONLY,DESCRIPTIVE_ONLY,DESCRIPTIVE_ONLY,DESCRIPTIVE_ONLY
validation,5,300_PLUS,1_9,FM,151,0.8987230586877782,151,0.8025290638594796,1.0130759509963994,0.7366789348087116,151,0.6899083043946257,0.7830144572563689,0.5800571865894285,135,0.5505348859501284,0.6079048140525691,0.991169977924945,151,0.9735099337748344,1.0,3859,7209,15149,DESCRIPTIVE_ONLY,DESCRIPTIVE_ONLY,DESCRIPTIVE_ONLY,DESCRIPTIVE_ONLY,DESCRIPTIVE_ONLY
validation,5,300_PLUS,1_9,ALS_FM,151,0.868436894689241,151,0.7720202510541986,0.974857514560482,0.7383195297485433,151,0.6878304387510179,0.7873864886768347,0.6035957609682717,135,0.5769490769961191,0.6319882195941848,0.991169977924945,151,0.9757174392935981,1.0,3859,7209,15149,DESCRIPTIVE_ONLY,DESCRIPTIVE_ONLY,DESCRIPTIVE_ONLY,DESCRIPTIVE_ONLY,DESCRIPTIVE_ONLY
validation,5,300_PLUS,1_9,RIDGE,151,0.9318985706097616,151,0.8178874054303331,1.0488289459472222,0.7512018683247682,151,0.6998948068347132,0.8011147135571967,0.5881649411169916,135,0.5570305858990819,0.6177444156625246,0.991169977924945,151,0.9757174392935981,1.0,3859,7209,15149,DESCRIPTIVE_ONLY,DESCRIPTIVE_ONLY,DESCRIPTIVE_ONLY,DESCRIPTIVE_ONLY,DESCRIPTIVE_ONLY
validation,5,300_PLUS,1_9,GBT,151,0.8564526780110386,151,0.7554225708039215,0.9602977726438072,0.7130472246066842,151,0.6659570684909863,0.7622905966888269,0.5709672007115466,135,0.5422568784452075,0.5985292504703489,0.991169977924945,151,0.975662251655629,1.0,3859,7209,15149,DESCRIPTIVE_ONLY,DESCRIPTIVE_ONLY,DESCRIPTIVE_ONLY,DESCRIPTIVE_ONLY,DESCRIPTIVE_ONLY
validation,5,300_PLUS,10_49,ALS,152,1.5411170275337283,152,1.2996384419720843,1.823096071978052,0.9838514910822791,152,0.9042795685611776,1.0721495906911664,0.6080772393007968,142,0.580370482911215,0.6354358008160339,0.9912280701754387,152,0.9736842105263158,1.0,1465,4413,10632,DESCRIPTIVE_ONLY,DESCRIPTIVE_ONLY,DESCRIPTIVE_ONLY,DESCRIPTIVE_ONLY,DESCRIPTIVE_ONLY
validation,5,300_PLUS,10_49,FM,152,0.945808946088471,152,0.7616208852777867,1.1485561960310295,0.7211977862908545,152,0.6572151729724128,0.7887261667324162,0.584606318123888,142,0.5504902715626914,0.6170305198714979,0.9912280701754387,152,0.975877192982456,1.0,1465,4413,10632,DESCRIPTIVE_ONLY,DESCRIPTIVE_ONLY,DESCRIPTIVE_ONLY,DESCRIPTIVE_ONLY,DESCRIPTIVE_ONLY
validation,5,300_PLUS,10_49,ALS_FM,152,0.9083148941674906,152,0.7525224976307937,1.087534417549926,0.7254588252309626,152,0.6634467437585608,0.7906352133339535,0.6070941378892483,142,0.5734149022609611,0.6403487779267826,0.9912280701754387,152,0.975877192982456,1.0,1465,4413,10632,DESCRIPTIVE_ONLY,DESCRIPTIVE_ONLY,DESCRIPTIVE_ONLY,DESCRIPTIVE_ONLY,DESCRIPTIVE_ONLY
validation,5,300_PLUS,10_49,RIDGE,152,0.9964475104306805,152,0.810583106019681,1.2023858011129944,0.7432022252120243,152,0.6796746690431769,0.8166439123587843,0.601212308905476,142,0.5666702101788031,0.6350740687892198,0.9912280701754387,152,0.9736842105263158,1.0,1465,4413,10632,DESCRIPTIVE_ONLY,DESCRIPTIVE_ONLY,DESCRIPTIVE_ONLY,DESCRIPTIVE_ONLY,DESCRIPTIVE_ONLY
validation,5,300_PLUS,10_49,GBT,152,0.9392322754021899,152,0.756822555746858,1.141226689270269,0.7106691350406517,152,0.6457513893927316,0.7823487597548754,0.5680041329344164,142,0.537061116964001,0.5980331650990386,0.9912280701754387,152,0.9736842105263158,1.0,1465,4413,10632,DESCRIPTIVE_ONLY,DESCRIPTIVE_ONLY,DESCRIPTIVE_ONLY,DESCRIPTIVE_ONLY,DESCRIPTIVE_ONLY
validation,5,300_PLUS,50_PLUS,ALS,150,1.4924322466854694,150,1.2764395572884346,1.7344387683073195,0.9710776534952982,150,0.8983646992613076,1.0542664900698224,0.5919725836186169,136,0.5675730723768347,0.6178717327390685,0.9911111111111113,150,0.9755555555555554,1.0,848,3769,10513,DESCRIPTIVE_ONLY,DESCRIPTIVE_ONLY,DESCRIPTIVE_ONLY,DESCRIPTIVE_ONLY,DESCRIPTIVE_ONLY
validation,5,300_PLUS,50_PLUS,FM,150,0.7997291053474109,150,0.6954752864985532,0.9225212764752718,0.6754829030802603,150,0.6255758942403602,0.7290651929090471,0.5909122829892373,136,0.5580014044895405,0.6215297890433679,0.9911111111111113,150,0.9755555555555554,1.0,848,3769,10513,DESCRIPTIVE_ONLY,DESCRIPTIVE_ONLY,DESCRIPTIVE_ONLY,DESCRIPTIVE_ONLY,DESCRIPTIVE_ONLY
validation,5,300_PLUS,50_PLUS,ALS_FM,150,0.8064037834937969,150,0.7007658846611581,0.9203792220234591,0.6916554143528185,150,0.6413015396927744,0.7476089967273823,0.6156409609306005,136,0.5841613063828363,0.6470102559428726,0.9911111111111113,150,0.9733333333333334,1.0,848,3769,10513,DESCRIPTIVE_ONLY,DESCRIPTIVE_ONLY,DESCRIPTIVE_ONLY,DESCRIPTIVE_ONLY,DESCRIPTIVE_ONLY
validation,5,300_PLUS,50_PLUS,RIDGE,150,0.8028145605420776,150,0.6839305090396767,0.9203403494053986,0.6922218390773408,150,0.6457798285904065,0.7425539004353345,0.5979504952798194,136,0.5650672025267794,0.6332254414755868,0.9911111111111113,150,0.9733333333333334,1.0,848,3769,10513,DESCRIPTIVE_ONLY,DESCRIPTIVE_ONLY,DESCRIPTIVE_ONLY,DESCRIPTIVE_ONLY,DESCRIPTIVE_ONLY
validation,5,300_PLUS,50_PLUS,GBT,150,0.7853510563708699,150,0.6721687691127958,0.9165380462914027,0.6655923914109533,150,0.6133435998000022,0.7180733993904996,0.5871283910837114,136,0.5570269390046428,0.6176887493468497,0.9911111111111113,150,0.9755555555555554,1.0,848,3769,10513,DESCRIPTIVE_ONLY,DESCRIPTIVE_ONLY,DESCRIPTIVE_ONLY,DESCRIPTIVE_ONLY,DESCRIPTIVE_ONLY
validation,10,0,ALL,ALS,0,,0,,,,0,,,,0,,,,0,,,0,0,0,NO_DATA,NO_DATA,NO_DATA,NO_DATA,NO_DATA
validation,10,0,ALL,FM,0,,0,,,,0,,,,0,,,,0,,,0,0,0,NO_DATA,NO_DATA,NO_DATA,NO_DATA,NO_DATA
validation,10,0,ALL,ALS_FM,0,,0,,,,0,,,,0,,,,0,,,0,0,0,NO_DATA,NO_DATA,NO_DATA,NO_DATA,NO_DATA
validation,10,0,ALL,RIDGE,0,,0,,,,0,,,,0,,,,0,,,0,0,0,NO_DATA,NO_DATA,NO_DATA,NO_DATA,NO_DATA
validation,10,0,ALL,GBT,0,,0,,,,0,,,,0,,,,0,,,0,0,0,NO_DATA,NO_DATA,NO_DATA,NO_DATA,NO_DATA
validation,10,0,0,ALS,0,,0,,,,0,,,,0,,,,0,,,0,0,0,NO_DATA,NO_DATA,NO_DATA,NO_DATA,NO_DATA
validation,10,0,0,FM,0,,0,,,,0,,,,0,,,,0,,,0,0,0,NO_DATA,NO_DATA,NO_DATA,NO_DATA,NO_DATA
validation,10,0,0,ALS_FM,0,,0,,,,0,,,,0,,,,0,,,0,0,0,NO_DATA,NO_DATA,NO_DATA,NO_DATA,NO_DATA
validation,10,0,0,RIDGE,0,,0,,,,0,,,,0,,,,0,,,0,0,0,NO_DATA,NO_DATA,NO_DATA,NO_DATA,NO_DATA
validation,10,0,0,GBT,0,,0,,,,0,,,,0,,,,0,,,0,0,0,NO_DATA,NO_DATA,NO_DATA,NO_DATA,NO_DATA
validation,10,0,1_9,ALS,0,,0,,,,0,,,,0,,,,0,,,0,0,0,NO_DATA,NO_DATA,NO_DATA,NO_DATA,NO_DATA
validation,10,0,1_9,FM,0,,0,,,,0,,,,0,,,,0,,,0,0,0,NO_DATA,NO_DATA,NO_DATA,NO_DATA,NO_DATA
validation,10,0,1_9,ALS_FM,0,,0,,,,0,,,,0,,,,0,,,0,0,0,NO_DATA,NO_DATA,NO_DATA,NO_DATA,NO_DATA
validation,10,0,1_9,RIDGE,0,,0,,,,0,,,,0,,,,0,,,0,0,0,NO_DATA,NO_DATA,NO_DATA,NO_DATA,NO_DATA
validation,10,0,1_9,GBT,0,,0,,,,0,,,,0,,,,0,,,0,0,0,NO_DATA,NO_DATA,NO_DATA,NO_DATA,NO_DATA
validation,10,0,10_49,ALS,0,,0,,,,0,,,,0,,,,0,,,0,0,0,NO_DATA,NO_DATA,NO_DATA,NO_DATA,NO_DATA
validation,10,0,10_49,FM,0,,0,,,,0,,,,0,,,,0,,,0,0,0,NO_DATA,NO_DATA,NO_DATA,NO_DATA,NO_DATA
validation,10,0,10_49,ALS_FM,0,,0,,,,0,,,,0,,,,0,,,0,0,0,NO_DATA,NO_DATA,NO_DATA,NO_DATA,NO_DATA
validation,10,0,10_49,RIDGE,0,,0,,,,0,,,,0,,,,0,,,0,0,0,NO_DATA,NO_DATA,NO_DATA,NO_DATA,NO_DATA
validation,10,0,10_49,GBT,0,,0,,,,0,,,,0,,,,0,,,0,0,0,NO_DATA,NO_DATA,NO_DATA,NO_DATA,NO_DATA
validation,10,0,50_PLUS,ALS,0,,0,,,,0,,,,0,,,,0,,,0,0,0,NO_DATA,NO_DATA,NO_DATA,NO_DATA,NO_DATA
validation,10,0,50_PLUS,FM,0,,0,,,,0,,,,0,,,,0,,,0,0,0,NO_DATA,NO_DATA,NO_DATA,NO_DATA,NO_DATA
validation,10,0,50_PLUS,ALS_FM,0,,0,,,,0,,,,0,,,,0,,,0,0,0,NO_DATA,NO_DATA,NO_DATA,NO_DATA,NO_DATA
validation,10,0,50_PLUS,RIDGE,0,,0,,,,0,,,,0,,,,0,,,0,0,0,NO_DATA,NO_DATA,NO_DATA,NO_DATA,NO_DATA
validation,10,0,50_PLUS,GBT,0,,0,,,,0,,,,0,,,,0,,,0,0,0,NO_DATA,NO_DATA,NO_DATA,NO_DATA,NO_DATA
validation,10,1_9,ALL,ALS,0,,0,,,,0,,,,0,,,,0,,,0,0,0,NO_DATA,NO_DATA,NO_DATA,NO_DATA,NO_DATA
validation,10,1_9,ALL,FM,0,,0,,,,0,,,,0,,,,0,,,0,0,0,NO_DATA,NO_DATA,NO_DATA,NO_DATA,NO_DATA
validation,10,1_9,ALL,ALS_FM,0,,0,,,,0,,,,0,,,,0,,,0,0,0,NO_DATA,NO_DATA,NO_DATA,NO_DATA,NO_DATA
validation,10,1_9,ALL,RIDGE,0,,0,,,,0,,,,0,,,,0,,,0,0,0,NO_DATA,NO_DATA,NO_DATA,NO_DATA,NO_DATA
validation,10,1_9,ALL,GBT,0,,0,,,,0,,,,0,,,,0,,,0,0,0,NO_DATA,NO_DATA,NO_DATA,NO_DATA,NO_DATA
validation,10,1_9,0,ALS,0,,0,,,,0,,,,0,,,,0,,,0,0,0,NO_DATA,NO_DATA,NO_DATA,NO_DATA,NO_DATA
validation,10,1_9,0,FM,0,,0,,,,0,,,,0,,,,0,,,0,0,0,NO_DATA,NO_DATA,NO_DATA,NO_DATA,NO_DATA
validation,10,1_9,0,ALS_FM,0,,0,,,,0,,,,0,,,,0,,,0,0,0,NO_DATA,NO_DATA,NO_DATA,NO_DATA,NO_DATA
validation,10,1_9,0,RIDGE,0,,0,,,,0,,,,0,,,,0,,,0,0,0,NO_DATA,NO_DATA,NO_DATA,NO_DATA,NO_DATA
validation,10,1_9,0,GBT,0,,0,,,,0,,,,0,,,,0,,,0,0,0,NO_DATA,NO_DATA,NO_DATA,NO_DATA,NO_DATA
validation,10,1_9,1_9,ALS,0,,0,,,,0,,,,0,,,,0,,,0,0,0,NO_DATA,NO_DATA,NO_DATA,NO_DATA,NO_DATA
validation,10,1_9,1_9,FM,0,,0,,,,0,,,,0,,,,0,,,0,0,0,NO_DATA,NO_DATA,NO_DATA,NO_DATA,NO_DATA
validation,10,1_9,1_9,ALS_FM,0,,0,,,,0,,,,0,,,,0,,,0,0,0,NO_DATA,NO_DATA,NO_DATA,NO_DATA,NO_DATA
validation,10,1_9,1_9,RIDGE,0,,0,,,,0,,,,0,,,,0,,,0,0,0,NO_DATA,NO_DATA,NO_DATA,NO_DATA,NO_DATA
validation,10,1_9,1_9,GBT,0,,0,,,,0,,,,0,,,,0,,,0,0,0,NO_DATA,NO_DATA,NO_DATA,NO_DATA,NO_DATA
validation,10,1_9,10_49,ALS,0,,0,,,,0,,,,0,,,,0,,,0,0,0,NO_DATA,NO_DATA,NO_DATA,NO_DATA,NO_DATA
validation,10,1_9,10_49,FM,0,,0,,,,0,,,,0,,,,0,,,0,0,0,NO_DATA,NO_DATA,NO_DATA,NO_DATA,NO_DATA
validation,10,1_9,10_49,ALS_FM,0,,0,,,,0,,,,0,,,,0,,,0,0,0,NO_DATA,NO_DATA,NO_DATA,NO_DATA,NO_DATA
validation,10,1_9,10_49,RIDGE,0,,0,,,,0,,,,0,,,,0,,,0,0,0,NO_DATA,NO_DATA,NO_DATA,NO_DATA,NO_DATA
validation,10,1_9,10_49,GBT,0,,0,,,,0,,,,0,,,,0,,,0,0,0,NO_DATA,NO_DATA,NO_DATA,NO_DATA,NO_DATA
validation,10,1_9,50_PLUS,ALS,0,,0,,,,0,,,,0,,,,0,,,0,0,0,NO_DATA,NO_DATA,NO_DATA,NO_DATA,NO_DATA
validation,10,1_9,50_PLUS,FM,0,,0,,,,0,,,,0,,,,0,,,0,0,0,NO_DATA,NO_DATA,NO_DATA,NO_DATA,NO_DATA
validation,10,1_9,50_PLUS,ALS_FM,0,,0,,,,0,,,,0,,,,0,,,0,0,0,NO_DATA,NO_DATA,NO_DATA,NO_DATA,NO_DATA
validation,10,1_9,50_PLUS,RIDGE,0,,0,,,,0,,,,0,,,,0,,,0,0,0,NO_DATA,NO_DATA,NO_DATA,NO_DATA,NO_DATA
validation,10,1_9,50_PLUS,GBT,0,,0,,,,0,,,,0,,,,0,,,0,0,0,NO_DATA,NO_DATA,NO_DATA,NO_DATA,NO_DATA
validation,10,10_29,ALL,ALS,0,,0,,,,0,,,,0,,,,0,,,0,0,0,NO_DATA,NO_DATA,NO_DATA,NO_DATA,NO_DATA
validation,10,10_29,ALL,FM,0,,0,,,,0,,,,0,,,,0,,,0,0,0,NO_DATA,NO_DATA,NO_DATA,NO_DATA,NO_DATA
validation,10,10_29,ALL,ALS_FM,0,,0,,,,0,,,,0,,,,0,,,0,0,0,NO_DATA,NO_DATA,NO_DATA,NO_DATA,NO_DATA
validation,10,10_29,ALL,RIDGE,0,,0,,,,0,,,,0,,,,0,,,0,0,0,NO_DATA,NO_DATA,NO_DATA,NO_DATA,NO_DATA
validation,10,10_29,ALL,GBT,0,,0,,,,0,,,,0,,,,0,,,0,0,0,NO_DATA,NO_DATA,NO_DATA,NO_DATA,NO_DATA
validation,10,10_29,0,ALS,0,,0,,,,0,,,,0,,,,0,,,0,0,0,NO_DATA,NO_DATA,NO_DATA,NO_DATA,NO_DATA
validation,10,10_29,0,FM,0,,0,,,,0,,,,0,,,,0,,,0,0,0,NO_DATA,NO_DATA,NO_DATA,NO_DATA,NO_DATA
validation,10,10_29,0,ALS_FM,0,,0,,,,0,,,,0,,,,0,,,0,0,0,NO_DATA,NO_DATA,NO_DATA,NO_DATA,NO_DATA
validation,10,10_29,0,RIDGE,0,,0,,,,0,,,,0,,,,0,,,0,0,0,NO_DATA,NO_DATA,NO_DATA,NO_DATA,NO_DATA
validation,10,10_29,0,GBT,0,,0,,,,0,,,,0,,,,0,,,0,0,0,NO_DATA,NO_DATA,NO_DATA,NO_DATA,NO_DATA
validation,10,10_29,1_9,ALS,0,,0,,,,0,,,,0,,,,0,,,0,0,0,NO_DATA,NO_DATA,NO_DATA,NO_DATA,NO_DATA
validation,10,10_29,1_9,FM,0,,0,,,,0,,,,0,,,,0,,,0,0,0,NO_DATA,NO_DATA,NO_DATA,NO_DATA,NO_DATA
validation,10,10_29,1_9,ALS_FM,0,,0,,,,0,,,,0,,,,0,,,0,0,0,NO_DATA,NO_DATA,NO_DATA,NO_DATA,NO_DATA
validation,10,10_29,1_9,RIDGE,0,,0,,,,0,,,,0,,,,0,,,0,0,0,NO_DATA,NO_DATA,NO_DATA,NO_DATA,NO_DATA
validation,10,10_29,1_9,GBT,0,,0,,,,0,,,,0,,,,0,,,0,0,0,NO_DATA,NO_DATA,NO_DATA,NO_DATA,NO_DATA
validation,10,10_29,10_49,ALS,0,,0,,,,0,,,,0,,,,0,,,0,0,0,NO_DATA,NO_DATA,NO_DATA,NO_DATA,NO_DATA
validation,10,10_29,10_49,FM,0,,0,,,,0,,,,0,,,,0,,,0,0,0,NO_DATA,NO_DATA,NO_DATA,NO_DATA,NO_DATA
validation,10,10_29,10_49,ALS_FM,0,,0,,,,0,,,,0,,,,0,,,0,0,0,NO_DATA,NO_DATA,NO_DATA,NO_DATA,NO_DATA
validation,10,10_29,10_49,RIDGE,0,,0,,,,0,,,,0,,,,0,,,0,0,0,NO_DATA,NO_DATA,NO_DATA,NO_DATA,NO_DATA
validation,10,10_29,10_49,GBT,0,,0,,,,0,,,,0,,,,0,,,0,0,0,NO_DATA,NO_DATA,NO_DATA,NO_DATA,NO_DATA
validation,10,10_29,50_PLUS,ALS,0,,0,,,,0,,,,0,,,,0,,,0,0,0,NO_DATA,NO_DATA,NO_DATA,NO_DATA,NO_DATA
validation,10,10_29,50_PLUS,FM,0,,0,,,,0,,,,0,,,,0,,,0,0,0,NO_DATA,NO_DATA,NO_DATA,NO_DATA,NO_DATA
validation,10,10_29,50_PLUS,ALS_FM,0,,0,,,,0,,,,0,,,,0,,,0,0,0,NO_DATA,NO_DATA,NO_DATA,NO_DATA,NO_DATA
validation,10,10_29,50_PLUS,RIDGE,0,,0,,,,0,,,,0,,,,0,,,0,0,0,NO_DATA,NO_DATA,NO_DATA,NO_DATA,NO_DATA
validation,10,10_29,50_PLUS,GBT,0,,0,,,,0,,,,0,,,,0,,,0,0,0,NO_DATA,NO_DATA,NO_DATA,NO_DATA,NO_DATA
validation,10,30_99,ALL,ALS,62,1.0347780740664647,62,0.8554039637501599,1.228431306755835,0.7934563818480257,62,0.724386939056627,0.8680479641695775,0.5602171197414731,59,0.5272451489701451,0.5917263458004224,0.6717261545852157,62,0.6200337557380275,0.7196858015246734,2138,4299,12897,DESCRIPTIVE_ONLY,DESCRIPTIVE_ONLY,DESCRIPTIVE_ONLY,DESCRIPTIVE_ONLY,DESCRIPTIVE_ONLY
validation,10,30_99,ALL,FM,62,0.9526486282689912,62,0.8070085574286354,1.1069707558307327,0.7699089169838101,62,0.7081545974198609,0.8355916591445568,0.5902858732908788,59,0.5549007925467183,0.6244745031615024,0.6717261545852157,62,0.6234440835642614,0.7184376109441326,2138,4299,12897,DESCRIPTIVE_ONLY,DESCRIPTIVE_ONLY,DESCRIPTIVE_ONLY,DESCRIPTIVE_ONLY,DESCRIPTIVE_ONLY
validation,10,30_99,ALL,ALS_FM,62,0.915268535782592,62,0.7785438150187681,1.0664301803599812,0.757184808279899,62,0.6913408155277583,0.8295531445187696,0.6098174461271738,59,0.5767437809755075,0.6439466187296786,0.6717261545852157,62,0.6227393118006996,0.7203808737924716,2138,4299,12897,DESCRIPTIVE_ONLY,DESCRIPTIVE_ONLY,DESCRIPTIVE_ONLY,DESCRIPTIVE_ONLY,DESCRIPTIVE_ONLY
validation,10,30_99,ALL,RIDGE,62,1.0459125655307362,62,0.881422510297742,1.2355054709196538,0.8247178522874385,62,0.7611843781547617,0.894755829726394,0.5707190825016029,59,0.5345019903513221,0.6098512317035415,0.6717261545852157,62,0.6205315529869969,0.7202695479055491,2138,4299,12897,DESCRIPTIVE_ONLY,DESCRIPTIVE_ONLY,DESCRIPTIVE_ONLY,DESCRIPTIVE_ONLY,DESCRIPTIVE_ONLY
validation,10,30_99,ALL,GBT,62,0.9236773608936917,62,0.7613567184363905,1.1153444539220922,0.7391071912846022,62,0.6761745638512644,0.8104309239845995,0.5519284643931751,59,0.5207959245204552,0.5836009350614325,0.6717261545852157,62,0.6214331232868737,0.718473897159197,2138,4299,12897,DESCRIPTIVE_ONLY,DESCRIPTIVE_ONLY,DESCRIPTIVE_ONLY,DESCRIPTIVE_ONLY,DESCRIPTIVE_ONLY
validation,10,30_99,0,ALS,57,0.9181331293920342,57,0.7088320061346441,1.1519196208525615,0.7346854683863503,57,0.6467943765898173,0.833604981576563,0.5,51,0.5,0.5,0.0,57,0.0,0.0,833,1391,3932,DESCRIPTIVE_ONLY,DESCRIPTIVE_ONLY,DESCRIPTIVE_ONLY,DESCRIPTIVE_ONLY,DESCRIPTIVE_ONLY
validation,10,30_99,0,FM,57,1.0179042585123244,57,0.8528539698948024,1.174832732733828,0.8090594882211125,57,0.7280561187675587,0.8868487845013305,0.5555826086713067,51,0.49885722667204757,0.609834023938769,0.0,57,0.0,0.0,833,1391,3932,DESCRIPTIVE_ONLY,DESCRIPTIVE_ONLY,DESCRIPTIVE_ONLY,DESCRIPTIVE_ONLY,DESCRIPTIVE_ONLY
validation,10,30_99,0,ALS_FM,57,1.0179042585123244,57,0.8609453316875295,1.1803689811174256,0.8090594882211125,57,0.7303231330032626,0.8916081661826435,0.5555826086713067,51,0.49681003062371104,0.6113129801188508,0.0,57,0.0,0.0,833,1391,3932,DESCRIPTIVE_ONLY,DESCRIPTIVE_ONLY,DESCRIPTIVE_ONLY,DESCRIPTIVE_ONLY,DESCRIPTIVE_ONLY
validation,10,30_99,0,RIDGE,57,0.9940651272977907,57,0.8176679520333274,1.1920699234891583,0.804945202386024,57,0.7297805989238453,0.8851028841092076,0.541979139341392,51,0.4783461256027909,0.6044098693488595,0.0,57,0.0,0.0,833,1391,3932,DESCRIPTIVE_ONLY,DESCRIPTIVE_ONLY,DESCRIPTIVE_ONLY,DESCRIPTIVE_ONLY,DESCRIPTIVE_ONLY
validation,10,30_99,0,GBT,57,0.9117428047661004,57,0.7377804347852651,1.1042467163323066,0.748071899075116,57,0.6695584802216182,0.8331835320268477,0.5137108752986107,51,0.4620685441432021,0.5633627149687112,0.0,57,0.0,0.0,833,1391,3932,DESCRIPTIVE_ONLY,DESCRIPTIVE_ONLY,DESCRIPTIVE_ONLY,DESCRIPTIVE_ONLY,DESCRIPTIVE_ONLY
validation,10,30_99,1_9,ALS,47,1.718995530966656,47,1.3602238171316419,2.114512766845718,1.0660830482016102,47,0.9419125798990169,1.2139473748390752,0.5435711342853068,31,0.471026354952565,0.6153684417989919,1.0,47,1.0,1.0,477,565,1218,DESCRIPTIVE_ONLY,DESCRIPTIVE_ONLY,DESCRIPTIVE_ONLY,DESCRIPTIVE_ONLY,DESCRIPTIVE_ONLY
validation,10,30_99,1_9,FM,47,1.1645436066269006,47,0.8171851966078175,1.5712184088761483,0.826953918804316,47,0.7019500655773391,0.9693912764730795,0.5431623038098993,31,0.4480104505659905,0.6302209228751555,1.0,47,1.0,1.0,477,565,1218,DESCRIPTIVE_ONLY,DESCRIPTIVE_ONLY,DESCRIPTIVE_ONLY,DESCRIPTIVE_ONLY,DESCRIPTIVE_ONLY
validation,10,30_99,1_9,ALS_FM,47,1.1185726796186182,47,0.8173777003496544,1.4913125688942803,0.8232852125963839,47,0.7002153424924186,0.9495806509079578,0.5688584609904646,31,0.48157244349916806,0.6511000705117992,1.0,47,1.0,1.0,477,565,1218,DESCRIPTIVE_ONLY,DESCRIPTIVE_ONLY,DESCRIPTIVE_ONLY,DESCRIPTIVE_ONLY,DESCRIPTIVE_ONLY
validation,10,30_99,1_9,RIDGE,47,1.3588645151459116,47,0.9577156564479037,1.867265588392464,0.9287455869380068,47,0.7922374632519423,1.0771101512458274,0.5091201092054581,31,0.4183100867945484,0.598459157134023,1.0,47,1.0,1.0,477,565,1218,DESCRIPTIVE_ONLY,DESCRIPTIVE_ONLY,DESCRIPTIVE_ONLY,DESCRIPTIVE_ONLY,DESCRIPTIVE_ONLY
validation,10,30_99,1_9,GBT,47,1.206949764625112,47,0.8041967685927345,1.6897318100979104,0.8282433500948335,47,0.6867244727483371,0.9959091820263338,0.5266518688805114,31,0.4450412910093294,0.604080760595998,1.0,47,1.0,1.0,477,565,1218,DESCRIPTIVE_ONLY,DESCRIPTIVE_ONLY,DESCRIPTIVE_ONLY,DESCRIPTIVE_ONLY,DESCRIPTIVE_ONLY
validation,10,30_99,10_49,ALS,54,0.8625523769356596,54,0.7109159978820606,1.0341000835356688,0.7454483691174132,54,0.6618791044243741,0.8293397067852719,0.6149768326791666,41,0.5660924010761961,0.6668443998508232,1.0,54,1.0,1.0,554,965,2374,DESCRIPTIVE_ONLY,DESCRIPTIVE_ONLY,DESCRIPTIVE_ONLY,DESCRIPTIVE_ONLY,DESCRIPTIVE_ONLY
validation,10,30_99,10_49,FM,54,0.8950022825133906,54,0.6364151645728179,1.268240998348898,0.7208231960130289,54,0.626908753624529,0.8370362769461808,0.5938377318189989,41,0.5304316150378068,0.6583703354332824,1.0,54,1.0,1.0,554,965,2374,DESCRIPTIVE_ONLY,DESCRIPTIVE_ONLY,DESCRIPTIVE_ONLY,DESCRIPTIVE_ONLY,DESCRIPTIVE_ONLY
validation,10,30_99,10_49,ALS_FM,54,0.7859654165300268,54,0.5640600965073983,1.0969344015590905,0.6821189559452573,54,0.5910307826422373,0.7984348675766112,0.6246771809907974,41,0.5603864107660448,0.6878983188650344,1.0,54,1.0,1.0,554,965,2374,DESCRIPTIVE_ONLY,DESCRIPTIVE_ONLY,DESCRIPTIVE_ONLY,DESCRIPTIVE_ONLY,DESCRIPTIVE_ONLY
validation,10,30_99,10_49,RIDGE,54,1.0277770949339642,54,0.7356498264551339,1.4344586949491984,0.8033021238736355,54,0.7053521746834766,0.9219996950334003,0.5617032718216072,41,0.48927575002341983,0.6343483749216479,1.0,54,1.0,1.0,554,965,2374,DESCRIPTIVE_ONLY,DESCRIPTIVE_ONLY,DESCRIPTIVE_ONLY,DESCRIPTIVE_ONLY,DESCRIPTIVE_ONLY
validation,10,30_99,10_49,GBT,54,0.8774353010717166,54,0.6420621330599028,1.200655982989858,0.7135723350554849,54,0.62237423482737,0.8236201668583303,0.5833958030854401,41,0.516639799562823,0.6475804540558769,1.0,54,1.0,1.0,554,965,2374,DESCRIPTIVE_ONLY,DESCRIPTIVE_ONLY,DESCRIPTIVE_ONLY,DESCRIPTIVE_ONLY,DESCRIPTIVE_ONLY
validation,10,30_99,50_PLUS,ALS,56,1.0110504109217882,56,0.7662391748827077,1.3278678479606518,0.7793327504201929,56,0.6871923058601782,0.8822907637513233,0.5675794828412891,50,0.5231972004232034,0.6089267789332399,1.0,56,1.0,1.0,620,1885,5373,DESCRIPTIVE_ONLY,DESCRIPTIVE_ONLY,DESCRIPTIVE_ONLY,DESCRIPTIVE_ONLY,DESCRIPTIVE_ONLY
validation,10,30_99,50_PLUS,FM,56,0.9143645929940716,56,0.7276629741798367,1.1525520252777735,0.7557433844939049,56,0.6809273758173199,0.8469208351729494,0.5715931369607361,50,0.5299300605204877,0.6150820161269381,1.0,56,1.0,1.0,620,1885,5373,DESCRIPTIVE_ONLY,DESCRIPTIVE_ONLY,DESCRIPTIVE_ONLY,DESCRIPTIVE_ONLY,DESCRIPTIVE_ONLY
validation,10,30_99,50_PLUS,ALS_FM,56,0.8459880373462256,56,0.6905570634451268,1.0194253253680954,0.7303699085624314,56,0.6555814702213613,0.810238174538137,0.5803749060598311,50,0.5427274409907431,0.6199780588869017,1.0,56,1.0,1.0,620,1885,5373,DESCRIPTIVE_ONLY,DESCRIPTIVE_ONLY,DESCRIPTIVE_ONLY,DESCRIPTIVE_ONLY,DESCRIPTIVE_ONLY
validation,10,30_99,50_PLUS,RIDGE,56,1.0673155379130592,56,0.7950636732972659,1.4786987400858789,0.8258642472094687,56,0.7351676995049083,0.9416591852655286,0.5610482441083363,50,0.515036346505238,0.6079393349788916,1.0,56,1.0,1.0,620,1885,5373,DESCRIPTIVE_ONLY,DESCRIPTIVE_ONLY,DESCRIPTIVE_ONLY,DESCRIPTIVE_ONLY,DESCRIPTIVE_ONLY
validation,10,30_99,50_PLUS,GBT,56,0.9596675354622908,56,0.7025448384504235,1.3382472042410734,0.7397010672608655,56,0.6499774321200419,0.8579353632786142,0.569961839543871,50,0.5236479311162398,0.6159857623535432,1.0,56,1.0,1.0,620,1885,5373,DESCRIPTIVE_ONLY,DESCRIPTIVE_ONLY,DESCRIPTIVE_ONLY,DESCRIPTIVE_ONLY,DESCRIPTIVE_ONLY
validation,10,100_299,ALL,ALS,78,1.0889985966047913,78,0.910346141528019,1.295833607118344,0.8183241597263414,78,0.750283176844623,0.8926615630208118,0.5354288393912582,75,0.5076361611975321,0.5628673126557503,0.6193883333949067,78,0.5792937384549289,0.6592628086102343,3074,7091,21273,DESCRIPTIVE_ONLY,DESCRIPTIVE_ONLY,DESCRIPTIVE_ONLY,DESCRIPTIVE_ONLY,DESCRIPTIVE_ONLY
validation,10,100_299,ALL,FM,78,0.9352201099984006,78,0.7951615090406434,1.0941172408546194,0.7572369376640841,78,0.7001853488335271,0.817187935587616,0.5528862391394398,75,0.5148169684568066,0.5921627243461013,0.6193883333949067,78,0.5763015874418712,0.6604968379427674,3074,7091,21273,DESCRIPTIVE_ONLY,DESCRIPTIVE_ONLY,DESCRIPTIVE_ONLY,DESCRIPTIVE_ONLY,DESCRIPTIVE_ONLY
validation,10,100_299,ALL,ALS_FM,78,0.9043458851933218,78,0.7756369920500539,1.048178443611273,0.7535751887918932,78,0.6986624851091355,0.809552393351414,0.5584842906300554,75,0.5213628478501091,0.5944159094558882,0.6193883333949067,78,0.5786583129697578,0.6584940972503893,3074,7091,21273,DESCRIPTIVE_ONLY,DESCRIPTIVE_ONLY,DESCRIPTIVE_ONLY,DESCRIPTIVE_ONLY,DESCRIPTIVE_ONLY
validation,10,100_299,ALL,RIDGE,78,1.0236113944703202,78,0.8518536527213338,1.2143951490770828,0.7948936647945853,78,0.7283490098685357,0.8649452514305832,0.5793973246664587,75,0.5360824065601317,0.6182101526543196,0.6193883333949067,78,0.5765940293099844,0.6634141403035405,3074,7091,21273,DESCRIPTIVE_ONLY,DESCRIPTIVE_ONLY,DESCRIPTIVE_ONLY,DESCRIPTIVE_ONLY,DESCRIPTIVE_ONLY
validation,10,100_299,ALL,GBT,78,0.9008139402391065,78,0.7619285378637645,1.0588622035671083,0.7362947553792538,78,0.6764938503670007,0.7981494337232006,0.5593352163355899,75,0.527783344302794,0.5914070008135662,0.6193883333949067,78,0.5797780275925494,0.6600688824122198,3074,7091,21273,DESCRIPTIVE_ONLY,DESCRIPTIVE_ONLY,DESCRIPTIVE_ONLY,DESCRIPTIVE_ONLY,DESCRIPTIVE_ONLY
validation,10,100_299,0,ALS,74,1.0240266017364366,74,0.8224144352809319,1.2690258293245849,0.7867366380180041,74,0.6990482254596934,0.8751608618428998,0.5,65,0.5,0.5,0.0,74,0.0,0.0,1271,2588,7299,DESCRIPTIVE_ONLY,DESCRIPTIVE_ONLY,DESCRIPTIVE_ONLY,DESCRIPTIVE_ONLY,DESCRIPTIVE_ONLY
validation,10,100_299,0,FM,74,1.0924091038825128,74,0.9009285998374008,1.3407993054794534,0.8462114602407942,74,0.7711973654643621,0.9301941722253442,0.5852964394863781,65,0.54815885875744,0.6251737597849121,0.0,74,0.0,0.0,1271,2588,7299,DESCRIPTIVE_ONLY,DESCRIPTIVE_ONLY,DESCRIPTIVE_ONLY,DESCRIPTIVE_ONLY,DESCRIPTIVE_ONLY
validation,10,100_299,0,ALS_FM,74,1.0924091038825128,74,0.8923225872383342,1.3464871080669774,0.8462114602407942,74,0.7676426598471034,0.9311227546980463,0.5852964394863781,65,0.5487458613237166,0.6246529540732363,0.0,74,0.0,0.0,1271,2588,7299,DESCRIPTIVE_ONLY,DESCRIPTIVE_ONLY,DESCRIPTIVE_ONLY,DESCRIPTIVE_ONLY,DESCRIPTIVE_ONLY
validation,10,100_299,0,RIDGE,74,1.1962085578582824,74,0.9261702342977548,1.5513647907816832,0.8698840295890933,74,0.7755135850751907,0.971374909774276,0.5808130935532769,65,0.5314292354666436,0.6274309553338564,0.0,74,0.0,0.0,1271,2588,7299,DESCRIPTIVE_ONLY,DESCRIPTIVE_ONLY,DESCRIPTIVE_ONLY,DESCRIPTIVE_ONLY,DESCRIPTIVE_ONLY
validation,10,100_299,0,GBT,74,1.0463397560898955,74,0.8320982498482008,1.3175642108846255,0.8102963287792375,74,0.7310730958758436,0.8979945150015074,0.5588149542721218,65,0.522619019096441,0.5933054665797698,0.0,74,0.0,0.0,1271,2588,7299,DESCRIPTIVE_ONLY,DESCRIPTIVE_ONLY,DESCRIPTIVE_ONLY,DESCRIPTIVE_ONLY,DESCRIPTIVE_ONLY
validation,10,100_299,1_9,ALS,61,1.583655162609355,61,1.2524679924106725,1.9546379437539598,0.9830986215988551,61,0.8710601611865898,1.1060780348668484,0.5189051672305746,47,0.45721651096729743,0.5777944543041468,1.0,61,1.0,1.0,864,1301,2898,DESCRIPTIVE_ONLY,DESCRIPTIVE_ONLY,DESCRIPTIVE_ONLY,DESCRIPTIVE_ONLY,DESCRIPTIVE_ONLY
validation,10,100_299,1_9,FM,61,0.9999061878261178,61,0.7182775996708316,1.3931627586025679,0.7615845885146472,61,0.6511974736819574,0.8853363206274713,0.48526159458186097,47,0.4103518207318161,0.5623083615272636,1.0,61,1.0,1.0,864,1301,2898,DESCRIPTIVE_ONLY,DESCRIPTIVE_ONLY,DESCRIPTIVE_ONLY,DESCRIPTIVE_ONLY,DESCRIPTIVE_ONLY
validation,10,100_299,1_9,ALS_FM,61,0.9680811302287349,61,0.7166427840953037,1.3319587141116154,0.7659555897909354,61,0.6653378817918559,0.8816645205338893,0.5176870331321148,47,0.44680582662585355,0.5876399261951226,1.0,61,1.0,1.0,864,1301,2898,DESCRIPTIVE_ONLY,DESCRIPTIVE_ONLY,DESCRIPTIVE_ONLY,DESCRIPTIVE_ONLY,DESCRIPTIVE_ONLY
validation,10,100_299,1_9,RIDGE,61,1.0669647610415702,61,0.7391027382404625,1.4994887006322883,0.7902546460601124,61,0.6768949695952302,0.9218371526322249,0.5380348728444471,47,0.4617065291436886,0.6167999378318982,1.0,61,1.0,1.0,864,1301,2898,DESCRIPTIVE_ONLY,DESCRIPTIVE_ONLY,DESCRIPTIVE_ONLY,DESCRIPTIVE_ONLY,DESCRIPTIVE_ONLY
validation,10,100_299,1_9,GBT,61,0.9764844008064445,61,0.6912942288206245,1.3942753388734057,0.7501429932913436,61,0.6443785149300236,0.8737448912331571,0.5280228345417824,47,0.46461508922451483,0.5904089424370424,1.0,61,1.0,1.0,864,1301,2898,DESCRIPTIVE_ONLY,DESCRIPTIVE_ONLY,DESCRIPTIVE_ONLY,DESCRIPTIVE_ONLY,DESCRIPTIVE_ONLY
validation,10,100_299,10_49,ALS,68,1.100113218300079,68,0.8660548082934343,1.362109954007098,0.8240681400564563,68,0.7318496042002665,0.920616464588242,0.5968749774250347,52,0.5447033862699644,0.6432461749852342,1.0,68,1.0,1.0,809,1793,4414,DESCRIPTIVE_ONLY,DESCRIPTIVE_ONLY,DESCRIPTIVE_ONLY,DESCRIPTIVE_ONLY,DESCRIPTIVE_ONLY
validation,10,100_299,10_49,FM,68,0.7976945105396563,68,0.6134373573671338,0.9878461465403757,0.6760360619112171,68,0.5937656892699749,0.7591101805830867,0.5831892143631485,52,0.5248316213158976,0.6422407041619619,1.0,68,1.0,1.0,809,1793,4414,DESCRIPTIVE_ONLY,DESCRIPTIVE_ONLY,DESCRIPTIVE_ONLY,DESCRIPTIVE_ONLY,DESCRIPTIVE_ONLY
validation,10,100_299,10_49,ALS_FM,68,0.7661850374742127,68,0.6141590651324988,0.938628227354602,0.6754376482473435,68,0.5963437226467772,0.7576198577711704,0.6191707934430836,52,0.5624984141490744,0.6751834093887277,1.0,68,1.0,1.0,809,1793,4414,DESCRIPTIVE_ONLY,DESCRIPTIVE_ONLY,DESCRIPTIVE_ONLY,DESCRIPTIVE_ONLY,DESCRIPTIVE_ONLY
validation,10,100_299,10_49,RIDGE,68,0.9095710586412238,68,0.6987624517106545,1.1640048372772338,0.7219274172023986,68,0.6268529137569543,0.8169061602037123,0.627334428249891,52,0.56361907834927,0.6883143780000162,1.0,68,1.0,1.0,809,1793,4414,DESCRIPTIVE_ONLY,DESCRIPTIVE_ONLY,DESCRIPTIVE_ONLY,DESCRIPTIVE_ONLY,DESCRIPTIVE_ONLY
validation,10,100_299,10_49,GBT,68,0.7788006647078649,68,0.6099324144277898,0.9676785230710838,0.6580982457680564,68,0.5759592091421063,0.7406128241083214,0.6287786405019005,52,0.5770697088779372,0.6785807160128409,1.0,68,1.0,1.0,809,1793,4414,DESCRIPTIVE_ONLY,DESCRIPTIVE_ONLY,DESCRIPTIVE_ONLY,DESCRIPTIVE_ONLY,DESCRIPTIVE_ONLY
validation,10,100_299,50_PLUS,ALS,71,1.0295636016214533,71,0.8063828243645726,1.2804904860484079,0.7850267369677344,71,0.7016958061807796,0.876516850463515,0.5918457920906837,62,0.5451897293399223,0.6400936617212113,1.0,71,1.0,1.0,669,2355,6662,DESCRIPTIVE_ONLY,DESCRIPTIVE_ONLY,DESCRIPTIVE_ONLY,DESCRIPTIVE_ONLY,DESCRIPTIVE_ONLY
validation,10,100_299,50_PLUS,FM,71,0.8959853063412236,71,0.7065533735023847,1.1332210699175693,0.7249908867401652,71,0.6475359826795073,0.8119126365526802,0.5276444051033391,62,0.47235493012988405,0.5787238629227909,1.0,71,1.0,1.0,669,2355,6662,DESCRIPTIVE_ONLY,DESCRIPTIVE_ONLY,DESCRIPTIVE_ONLY,DESCRIPTIVE_ONLY,DESCRIPTIVE_ONLY
validation,10,100_299,50_PLUS,ALS_FM,71,0.8369020205560315,71,0.6538037598995028,1.0611084091905423,0.7082822895884433,71,0.635414987564333,0.7883771180776759,0.5634646289093099,62,0.5100900914942892,0.6157563844021825,1.0,71,1.0,1.0,669,2355,6662,DESCRIPTIVE_ONLY,DESCRIPTIVE_ONLY,DESCRIPTIVE_ONLY,DESCRIPTIVE_ONLY,DESCRIPTIVE_ONLY
validation,10,100_299,50_PLUS,RIDGE,71,1.0076427019005754,71,0.7857916746983007,1.2435205857768599,0.7837166701707269,71,0.695116192501489,0.8796578568013043,0.5374439957879603,62,0.48875552192713057,0.5913968578199148,1.0,71,1.0,1.0,669,2355,6662,DESCRIPTIVE_ONLY,DESCRIPTIVE_ONLY,DESCRIPTIVE_ONLY,DESCRIPTIVE_ONLY,DESCRIPTIVE_ONLY
validation,10,100_299,50_PLUS,GBT,71,0.8896271803047713,71,0.7015587344584434,1.1123673392420963,0.7221013512277916,71,0.6443872569776189,0.8023546678077661,0.5211013618417584,62,0.47390082469415357,0.5662683838147786,1.0,71,1.0,1.0,669,2355,6662,DESCRIPTIVE_ONLY,DESCRIPTIVE_ONLY,DESCRIPTIVE_ONLY,DESCRIPTIVE_ONLY,DESCRIPTIVE_ONLY
validation,10,300_PLUS,ALL,ALS,160,1.0352002696195108,160,0.9354853819353525,1.1449529358253803,0.7876040076780526,160,0.7454873854224568,0.8278205845345961,0.5505507535018903,160,0.5381637604628267,0.5638433338820605,0.478539348082502,160,0.44918244115923267,0.5075353367251415,21309,37856,113568,DESCRIPTIVE_ONLY,DESCRIPTIVE_ONLY,DESCRIPTIVE_ONLY,DESCRIPTIVE_ONLY,DESCRIPTIVE_ONLY
validation,10,300_PLUS,ALL,FM,160,0.9103174051779253,160,0.8257118573756562,0.9986068371838472,0.7384970267641909,160,0.7015263552692481,0.775962326597533,0.5672816323863497,160,0.5499869771244431,0.5829463493461701,0.478539348082502,160,0.4493511134598532,0.5069618186767493,21309,37856,113568,DESCRIPTIVE_ONLY,DESCRIPTIVE_ONLY,DESCRIPTIVE_ONLY,DESCRIPTIVE_ONLY,DESCRIPTIVE_ONLY
validation,10,300_PLUS,ALL,ALS_FM,160,0.8903559291054904,160,0.8110640227391065,0.9784871508608095,0.7361134599342426,160,0.7002901470261367,0.7727846898471235,0.5779087739692255,160,0.56193997804039,0.5938317580180035,0.478539348082502,160,0.45075109520862805,0.5063172484924805,21309,37856,113568,DESCRIPTIVE_ONLY,DESCRIPTIVE_ONLY,DESCRIPTIVE_ONLY,DESCRIPTIVE_ONLY,DESCRIPTIVE_ONLY
validation,10,300_PLUS,ALL,RIDGE,160,0.9266884523357405,160,0.8326970885123536,1.0274858129203748,0.7396151812609533,160,0.701123622998416,0.7804116377115619,0.5731051491168098,160,0.556121039031795,0.5894618737518766,0.478539348082502,160,0.4510223923541918,0.5072056004151778,21309,37856,113568,DESCRIPTIVE_ONLY,DESCRIPTIVE_ONLY,DESCRIPTIVE_ONLY,DESCRIPTIVE_ONLY,DESCRIPTIVE_ONLY
validation,10,300_PLUS,ALL,GBT,160,0.8572070904418172,160,0.7732376341737178,0.9484671267587905,0.7072723326011331,160,0.6704216797244985,0.744154630909457,0.5754855778866826,160,0.5621045889190316,0.5898807667768471,0.478539348082502,160,0.45001001551413206,0.5068949059759401,21309,37856,113568,DESCRIPTIVE_ONLY,DESCRIPTIVE_ONLY,DESCRIPTIVE_ONLY,DESCRIPTIVE_ONLY,DESCRIPTIVE_ONLY
validation,10,300_PLUS,0,ALS,159,0.8512357715156379,159,0.7533465573505194,0.9487328027388181,0.7128901651983538,159,0.6706586837713556,0.7570485294986905,0.5,154,0.5,0.5,0.0,159,0.0,0.0,17661,27208,77274,DESCRIPTIVE_ONLY,DESCRIPTIVE_ONLY,DESCRIPTIVE_ONLY,DESCRIPTIVE_ONLY,DESCRIPTIVE_ONLY
validation,10,300_PLUS,0,FM,159,0.9335383024027029,159,0.8452800337135762,1.0326826124057358,0.7595464061979917,159,0.7183052806611888,0.803396821743508,0.5635327304077923,154,0.5422174460690978,0.585638255911591,0.0,159,0.0,0.0,17661,27208,77274,DESCRIPTIVE_ONLY,DESCRIPTIVE_ONLY,DESCRIPTIVE_ONLY,DESCRIPTIVE_ONLY,DESCRIPTIVE_ONLY
validation,10,300_PLUS,0,ALS_FM,159,0.9335383024027029,159,0.8456906788462737,1.0302927865194764,0.7595464061979917,159,0.7169076424350387,0.8007444902721321,0.5635327304077923,154,0.5407033381652362,0.5852502242939525,0.0,159,0.0,0.0,17661,27208,77274,DESCRIPTIVE_ONLY,DESCRIPTIVE_ONLY,DESCRIPTIVE_ONLY,DESCRIPTIVE_ONLY,DESCRIPTIVE_ONLY
validation,10,300_PLUS,0,RIDGE,159,0.9071771685710734,159,0.8078444876072065,1.0028142013400605,0.7318454785888081,159,0.6915367518764569,0.7728911259223795,0.5769015045679424,154,0.5535087034926859,0.600711458873022,0.0,159,0.0,0.0,17661,27208,77274,DESCRIPTIVE_ONLY,DESCRIPTIVE_ONLY,DESCRIPTIVE_ONLY,DESCRIPTIVE_ONLY,DESCRIPTIVE_ONLY
validation,10,300_PLUS,0,GBT,159,0.853283979875454,159,0.7617700052821145,0.9430400769025996,0.7088765201638266,159,0.6696926639867061,0.7504104425341351,0.5620663574367657,154,0.5426077259010308,0.5806686795734488,0.0,159,0.0,0.0,17661,27208,77274,DESCRIPTIVE_ONLY,DESCRIPTIVE_ONLY,DESCRIPTIVE_ONLY,DESCRIPTIVE_ONLY,DESCRIPTIVE_ONLY
validation,10,300_PLUS,1_9,ALS,151,1.4668091110175394,151,1.2878422255790132,1.6624702411345595,0.9513616334725187,151,0.8906025772702605,1.015590678672777,0.5917774403924017,135,0.5658448601691412,0.6175965115804348,1.0,151,1.0,1.0,3859,7209,15149,DESCRIPTIVE_ONLY,DESCRIPTIVE_ONLY,DESCRIPTIVE_ONLY,DESCRIPTIVE_ONLY,DESCRIPTIVE_ONLY
validation,10,300_PLUS,1_9,FM,151,0.8582282574379544,151,0.7617669497791144,0.9574572998524993,0.7236442873228873,151,0.6761514550312752,0.7725261951337469,0.5808934701550729,135,0.5530527106812513,0.6082943409195466,1.0,151,1.0,1.0,3859,7209,15149,DESCRIPTIVE_ONLY,DESCRIPTIVE_ONLY,DESCRIPTIVE_ONLY,DESCRIPTIVE_ONLY,DESCRIPTIVE_ONLY
validation,10,300_PLUS,1_9,ALS_FM,151,0.8142356783689706,151,0.7213516472446334,0.9060980187976163,0.7116974816100058,151,0.6631500651490511,0.7600228315605793,0.6070064552091294,135,0.5835779028209489,0.6322771233838707,1.0,151,1.0,1.0,3859,7209,15149,DESCRIPTIVE_ONLY,DESCRIPTIVE_ONLY,DESCRIPTIVE_ONLY,DESCRIPTIVE_ONLY,DESCRIPTIVE_ONLY
validation,10,300_PLUS,1_9,RIDGE,151,0.9291588697933151,151,0.8138087045623581,1.04728285497565,0.7508277068404761,151,0.7025116919675886,0.7996058767326893,0.5856855619711233,135,0.5546153990585564,0.6146601599107958,1.0,151,1.0,1.0,3859,7209,15149,DESCRIPTIVE_ONLY,DESCRIPTIVE_ONLY,DESCRIPTIVE_ONLY,DESCRIPTIVE_ONLY,DESCRIPTIVE_ONLY
validation,10,300_PLUS,1_9,GBT,151,0.8236781955761767,151,0.7324486458713511,0.9228599673612864,0.7050496597751069,151,0.6567664269925895,0.7498167955387625,0.5682907493634799,135,0.5404282258528961,0.5952116555113479,1.0,151,1.0,1.0,3859,7209,15149,DESCRIPTIVE_ONLY,DESCRIPTIVE_ONLY,DESCRIPTIVE_ONLY,DESCRIPTIVE_ONLY,DESCRIPTIVE_ONLY
validation,10,300_PLUS,10_49,ALS,152,1.0633425217925814,152,0.9051301871867565,1.2446768740292173,0.8027286533501948,152,0.7416909300985146,0.8736873868862091,0.6116294232908709,142,0.5769180124332741,0.6446559432735977,1.0,152,1.0,1.0,1465,4413,10632,DESCRIPTIVE_ONLY,DESCRIPTIVE_ONLY,DESCRIPTIVE_ONLY,DESCRIPTIVE_ONLY,DESCRIPTIVE_ONLY
validation,10,300_PLUS,10_49,FM,152,0.8944451924393256,152,0.7203431198130853,1.0957112356565708,0.7007564802067232,152,0.6422323861448374,0.7642636402664875,0.5789235664480067,142,0.5446992727426676,0.613815454267989,1.0,152,1.0,1.0,1465,4413,10632,DESCRIPTIVE_ONLY,DESCRIPTIVE_ONLY,DESCRIPTIVE_ONLY,DESCRIPTIVE_ONLY,DESCRIPTIVE_ONLY
validation,10,300_PLUS,10_49,ALS_FM,152,0.8246896934560718,152,0.6761492078321099,1.0009784752549125,0.6822017636593404,152,0.624008155192643,0.7511774684184478,0.602014995970366,142,0.5675238154050272,0.6353718006935563,1.0,152,1.0,1.0,1465,4413,10632,DESCRIPTIVE_ONLY,DESCRIPTIVE_ONLY,DESCRIPTIVE_ONLY,DESCRIPTIVE_ONLY,DESCRIPTIVE_ONLY
validation,10,300_PLUS,10_49,RIDGE,152,0.9923552387338413,152,0.8176863080617278,1.2111327118896293,0.7421870357983538,152,0.680046110010159,0.8100287739597652,0.601604476904068,142,0.5652538455688767,0.6373802267403847,1.0,152,1.0,1.0,1465,4413,10632,DESCRIPTIVE_ONLY,DESCRIPTIVE_ONLY,DESCRIPTIVE_ONLY,DESCRIPTIVE_ONLY,DESCRIPTIVE_ONLY
validation,10,300_PLUS,10_49,GBT,152,0.8904254085713218,152,0.7195316816822862,1.0829191070955504,0.6951053764102852,152,0.6353211847831647,0.7651479573000036,0.5697366600844803,142,0.5361788377592578,0.6024805616159095,1.0,152,1.0,1.0,1465,4413,10632,DESCRIPTIVE_ONLY,DESCRIPTIVE_ONLY,DESCRIPTIVE_ONLY,DESCRIPTIVE_ONLY,DESCRIPTIVE_ONLY
validation,10,300_PLUS,50_PLUS,ALS,150,1.07648319331919,150,0.9317685078451449,1.226822405225665,0.8043782020527842,150,0.7460714887136769,0.8682121943879268,0.599170748866736,136,0.5705451893429988,0.627628591446931,1.0,150,1.0,1.0,848,3769,10513,DESCRIPTIVE_ONLY,DESCRIPTIVE_ONLY,DESCRIPTIVE_ONLY,DESCRIPTIVE_ONLY,DESCRIPTIVE_ONLY
validation,10,300_PLUS,50_PLUS,FM,150,0.7718469089797505,150,0.6702134429087185,0.8844820679156332,0.662191936143675,150,0.6135922591060349,0.710841453826907,0.5888615051380638,136,0.557741928052601,0.6216914623032989,1.0,150,1.0,1.0,848,3769,10513,DESCRIPTIVE_ONLY,DESCRIPTIVE_ONLY,DESCRIPTIVE_ONLY,DESCRIPTIVE_ONLY,DESCRIPTIVE_ONLY
validation,10,300_PLUS,50_PLUS,ALS_FM,150,0.7496223234258823,150,0.645702969979949,0.8611632406257593,0.660682243644658,150,0.611579602230232,0.7102452195099436,0.6146662908799665,136,0.58154824950039,0.6476450171071064,1.0,150,1.0,1.0,848,3769,10513,DESCRIPTIVE_ONLY,DESCRIPTIVE_ONLY,DESCRIPTIVE_ONLY,DESCRIPTIVE_ONLY,DESCRIPTIVE_ONLY
validation,10,300_PLUS,50_PLUS,RIDGE,150,0.8014261649062606,150,0.6909479714856004,0.917969072773606,0.6916456083983157,150,0.6454134887807712,0.7413519576881429,0.6000964964030838,136,0.5646081915749939,0.6347403291846848,1.0,150,1.0,1.0,848,3769,10513,DESCRIPTIVE_ONLY,DESCRIPTIVE_ONLY,DESCRIPTIVE_ONLY,DESCRIPTIVE_ONLY,DESCRIPTIVE_ONLY
validation,10,300_PLUS,50_PLUS,GBT,150,0.7633988914930218,150,0.6548946745143572,0.8773448558784884,0.6605688005953543,150,0.6116133310525426,0.7119045931979789,0.590040021439709,136,0.5606039966359196,0.6207684331232904,1.0,150,1.0,1.0,848,3769,10513,DESCRIPTIVE_ONLY,DESCRIPTIVE_ONLY,DESCRIPTIVE_ONLY,DESCRIPTIVE_ONLY,DESCRIPTIVE_ONLY
validation,30,0,ALL,ALS,0,,0,,,,0,,,,0,,,,0,,,0,0,0,NO_DATA,NO_DATA,NO_DATA,NO_DATA,NO_DATA
validation,30,0,ALL,FM,0,,0,,,,0,,,,0,,,,0,,,0,0,0,NO_DATA,NO_DATA,NO_DATA,NO_DATA,NO_DATA
validation,30,0,ALL,ALS_FM,0,,0,,,,0,,,,0,,,,0,,,0,0,0,NO_DATA,NO_DATA,NO_DATA,NO_DATA,NO_DATA
validation,30,0,ALL,RIDGE,0,,0,,,,0,,,,0,,,,0,,,0,0,0,NO_DATA,NO_DATA,NO_DATA,NO_DATA,NO_DATA
validation,30,0,ALL,GBT,0,,0,,,,0,,,,0,,,,0,,,0,0,0,NO_DATA,NO_DATA,NO_DATA,NO_DATA,NO_DATA
validation,30,0,0,ALS,0,,0,,,,0,,,,0,,,,0,,,0,0,0,NO_DATA,NO_DATA,NO_DATA,NO_DATA,NO_DATA
validation,30,0,0,FM,0,,0,,,,0,,,,0,,,,0,,,0,0,0,NO_DATA,NO_DATA,NO_DATA,NO_DATA,NO_DATA
validation,30,0,0,ALS_FM,0,,0,,,,0,,,,0,,,,0,,,0,0,0,NO_DATA,NO_DATA,NO_DATA,NO_DATA,NO_DATA
validation,30,0,0,RIDGE,0,,0,,,,0,,,,0,,,,0,,,0,0,0,NO_DATA,NO_DATA,NO_DATA,NO_DATA,NO_DATA
validation,30,0,0,GBT,0,,0,,,,0,,,,0,,,,0,,,0,0,0,NO_DATA,NO_DATA,NO_DATA,NO_DATA,NO_DATA
validation,30,0,1_9,ALS,0,,0,,,,0,,,,0,,,,0,,,0,0,0,NO_DATA,NO_DATA,NO_DATA,NO_DATA,NO_DATA
validation,30,0,1_9,FM,0,,0,,,,0,,,,0,,,,0,,,0,0,0,NO_DATA,NO_DATA,NO_DATA,NO_DATA,NO_DATA
validation,30,0,1_9,ALS_FM,0,,0,,,,0,,,,0,,,,0,,,0,0,0,NO_DATA,NO_DATA,NO_DATA,NO_DATA,NO_DATA
validation,30,0,1_9,RIDGE,0,,0,,,,0,,,,0,,,,0,,,0,0,0,NO_DATA,NO_DATA,NO_DATA,NO_DATA,NO_DATA
validation,30,0,1_9,GBT,0,,0,,,,0,,,,0,,,,0,,,0,0,0,NO_DATA,NO_DATA,NO_DATA,NO_DATA,NO_DATA
validation,30,0,10_49,ALS,0,,0,,,,0,,,,0,,,,0,,,0,0,0,NO_DATA,NO_DATA,NO_DATA,NO_DATA,NO_DATA
validation,30,0,10_49,FM,0,,0,,,,0,,,,0,,,,0,,,0,0,0,NO_DATA,NO_DATA,NO_DATA,NO_DATA,NO_DATA
validation,30,0,10_49,ALS_FM,0,,0,,,,0,,,,0,,,,0,,,0,0,0,NO_DATA,NO_DATA,NO_DATA,NO_DATA,NO_DATA
validation,30,0,10_49,RIDGE,0,,0,,,,0,,,,0,,,,0,,,0,0,0,NO_DATA,NO_DATA,NO_DATA,NO_DATA,NO_DATA
validation,30,0,10_49,GBT,0,,0,,,,0,,,,0,,,,0,,,0,0,0,NO_DATA,NO_DATA,NO_DATA,NO_DATA,NO_DATA
validation,30,0,50_PLUS,ALS,0,,0,,,,0,,,,0,,,,0,,,0,0,0,NO_DATA,NO_DATA,NO_DATA,NO_DATA,NO_DATA
validation,30,0,50_PLUS,FM,0,,0,,,,0,,,,0,,,,0,,,0,0,0,NO_DATA,NO_DATA,NO_DATA,NO_DATA,NO_DATA
validation,30,0,50_PLUS,ALS_FM,0,,0,,,,0,,,,0,,,,0,,,0,0,0,NO_DATA,NO_DATA,NO_DATA,NO_DATA,NO_DATA
validation,30,0,50_PLUS,RIDGE,0,,0,,,,0,,,,0,,,,0,,,0,0,0,NO_DATA,NO_DATA,NO_DATA,NO_DATA,NO_DATA
validation,30,0,50_PLUS,GBT,0,,0,,,,0,,,,0,,,,0,,,0,0,0,NO_DATA,NO_DATA,NO_DATA,NO_DATA,NO_DATA
validation,30,1_9,ALL,ALS,0,,0,,,,0,,,,0,,,,0,,,0,0,0,NO_DATA,NO_DATA,NO_DATA,NO_DATA,NO_DATA
validation,30,1_9,ALL,FM,0,,0,,,,0,,,,0,,,,0,,,0,0,0,NO_DATA,NO_DATA,NO_DATA,NO_DATA,NO_DATA
validation,30,1_9,ALL,ALS_FM,0,,0,,,,0,,,,0,,,,0,,,0,0,0,NO_DATA,NO_DATA,NO_DATA,NO_DATA,NO_DATA
validation,30,1_9,ALL,RIDGE,0,,0,,,,0,,,,0,,,,0,,,0,0,0,NO_DATA,NO_DATA,NO_DATA,NO_DATA,NO_DATA
validation,30,1_9,ALL,GBT,0,,0,,,,0,,,,0,,,,0,,,0,0,0,NO_DATA,NO_DATA,NO_DATA,NO_DATA,NO_DATA
validation,30,1_9,0,ALS,0,,0,,,,0,,,,0,,,,0,,,0,0,0,NO_DATA,NO_DATA,NO_DATA,NO_DATA,NO_DATA
validation,30,1_9,0,FM,0,,0,,,,0,,,,0,,,,0,,,0,0,0,NO_DATA,NO_DATA,NO_DATA,NO_DATA,NO_DATA
validation,30,1_9,0,ALS_FM,0,,0,,,,0,,,,0,,,,0,,,0,0,0,NO_DATA,NO_DATA,NO_DATA,NO_DATA,NO_DATA
validation,30,1_9,0,RIDGE,0,,0,,,,0,,,,0,,,,0,,,0,0,0,NO_DATA,NO_DATA,NO_DATA,NO_DATA,NO_DATA
validation,30,1_9,0,GBT,0,,0,,,,0,,,,0,,,,0,,,0,0,0,NO_DATA,NO_DATA,NO_DATA,NO_DATA,NO_DATA
validation,30,1_9,1_9,ALS,0,,0,,,,0,,,,0,,,,0,,,0,0,0,NO_DATA,NO_DATA,NO_DATA,NO_DATA,NO_DATA
validation,30,1_9,1_9,FM,0,,0,,,,0,,,,0,,,,0,,,0,0,0,NO_DATA,NO_DATA,NO_DATA,NO_DATA,NO_DATA
validation,30,1_9,1_9,ALS_FM,0,,0,,,,0,,,,0,,,,0,,,0,0,0,NO_DATA,NO_DATA,NO_DATA,NO_DATA,NO_DATA
validation,30,1_9,1_9,RIDGE,0,,0,,,,0,,,,0,,,,0,,,0,0,0,NO_DATA,NO_DATA,NO_DATA,NO_DATA,NO_DATA
validation,30,1_9,1_9,GBT,0,,0,,,,0,,,,0,,,,0,,,0,0,0,NO_DATA,NO_DATA,NO_DATA,NO_DATA,NO_DATA
validation,30,1_9,10_49,ALS,0,,0,,,,0,,,,0,,,,0,,,0,0,0,NO_DATA,NO_DATA,NO_DATA,NO_DATA,NO_DATA
validation,30,1_9,10_49,FM,0,,0,,,,0,,,,0,,,,0,,,0,0,0,NO_DATA,NO_DATA,NO_DATA,NO_DATA,NO_DATA
validation,30,1_9,10_49,ALS_FM,0,,0,,,,0,,,,0,,,,0,,,0,0,0,NO_DATA,NO_DATA,NO_DATA,NO_DATA,NO_DATA
validation,30,1_9,10_49,RIDGE,0,,0,,,,0,,,,0,,,,0,,,0,0,0,NO_DATA,NO_DATA,NO_DATA,NO_DATA,NO_DATA
validation,30,1_9,10_49,GBT,0,,0,,,,0,,,,0,,,,0,,,0,0,0,NO_DATA,NO_DATA,NO_DATA,NO_DATA,NO_DATA
validation,30,1_9,50_PLUS,ALS,0,,0,,,,0,,,,0,,,,0,,,0,0,0,NO_DATA,NO_DATA,NO_DATA,NO_DATA,NO_DATA
validation,30,1_9,50_PLUS,FM,0,,0,,,,0,,,,0,,,,0,,,0,0,0,NO_DATA,NO_DATA,NO_DATA,NO_DATA,NO_DATA
validation,30,1_9,50_PLUS,ALS_FM,0,,0,,,,0,,,,0,,,,0,,,0,0,0,NO_DATA,NO_DATA,NO_DATA,NO_DATA,NO_DATA
validation,30,1_9,50_PLUS,RIDGE,0,,0,,,,0,,,,0,,,,0,,,0,0,0,NO_DATA,NO_DATA,NO_DATA,NO_DATA,NO_DATA
validation,30,1_9,50_PLUS,GBT,0,,0,,,,0,,,,0,,,,0,,,0,0,0,NO_DATA,NO_DATA,NO_DATA,NO_DATA,NO_DATA
validation,30,10_29,ALL,ALS,0,,0,,,,0,,,,0,,,,0,,,0,0,0,NO_DATA,NO_DATA,NO_DATA,NO_DATA,NO_DATA
validation,30,10_29,ALL,FM,0,,0,,,,0,,,,0,,,,0,,,0,0,0,NO_DATA,NO_DATA,NO_DATA,NO_DATA,NO_DATA
validation,30,10_29,ALL,ALS_FM,0,,0,,,,0,,,,0,,,,0,,,0,0,0,NO_DATA,NO_DATA,NO_DATA,NO_DATA,NO_DATA
validation,30,10_29,ALL,RIDGE,0,,0,,,,0,,,,0,,,,0,,,0,0,0,NO_DATA,NO_DATA,NO_DATA,NO_DATA,NO_DATA
validation,30,10_29,ALL,GBT,0,,0,,,,0,,,,0,,,,0,,,0,0,0,NO_DATA,NO_DATA,NO_DATA,NO_DATA,NO_DATA
validation,30,10_29,0,ALS,0,,0,,,,0,,,,0,,,,0,,,0,0,0,NO_DATA,NO_DATA,NO_DATA,NO_DATA,NO_DATA
validation,30,10_29,0,FM,0,,0,,,,0,,,,0,,,,0,,,0,0,0,NO_DATA,NO_DATA,NO_DATA,NO_DATA,NO_DATA
validation,30,10_29,0,ALS_FM,0,,0,,,,0,,,,0,,,,0,,,0,0,0,NO_DATA,NO_DATA,NO_DATA,NO_DATA,NO_DATA
validation,30,10_29,0,RIDGE,0,,0,,,,0,,,,0,,,,0,,,0,0,0,NO_DATA,NO_DATA,NO_DATA,NO_DATA,NO_DATA
validation,30,10_29,0,GBT,0,,0,,,,0,,,,0,,,,0,,,0,0,0,NO_DATA,NO_DATA,NO_DATA,NO_DATA,NO_DATA
validation,30,10_29,1_9,ALS,0,,0,,,,0,,,,0,,,,0,,,0,0,0,NO_DATA,NO_DATA,NO_DATA,NO_DATA,NO_DATA
validation,30,10_29,1_9,FM,0,,0,,,,0,,,,0,,,,0,,,0,0,0,NO_DATA,NO_DATA,NO_DATA,NO_DATA,NO_DATA
validation,30,10_29,1_9,ALS_FM,0,,0,,,,0,,,,0,,,,0,,,0,0,0,NO_DATA,NO_DATA,NO_DATA,NO_DATA,NO_DATA
validation,30,10_29,1_9,RIDGE,0,,0,,,,0,,,,0,,,,0,,,0,0,0,NO_DATA,NO_DATA,NO_DATA,NO_DATA,NO_DATA
validation,30,10_29,1_9,GBT,0,,0,,,,0,,,,0,,,,0,,,0,0,0,NO_DATA,NO_DATA,NO_DATA,NO_DATA,NO_DATA
validation,30,10_29,10_49,ALS,0,,0,,,,0,,,,0,,,,0,,,0,0,0,NO_DATA,NO_DATA,NO_DATA,NO_DATA,NO_DATA
validation,30,10_29,10_49,FM,0,,0,,,,0,,,,0,,,,0,,,0,0,0,NO_DATA,NO_DATA,NO_DATA,NO_DATA,NO_DATA
validation,30,10_29,10_49,ALS_FM,0,,0,,,,0,,,,0,,,,0,,,0,0,0,NO_DATA,NO_DATA,NO_DATA,NO_DATA,NO_DATA
validation,30,10_29,10_49,RIDGE,0,,0,,,,0,,,,0,,,,0,,,0,0,0,NO_DATA,NO_DATA,NO_DATA,NO_DATA,NO_DATA
validation,30,10_29,10_49,GBT,0,,0,,,,0,,,,0,,,,0,,,0,0,0,NO_DATA,NO_DATA,NO_DATA,NO_DATA,NO_DATA
validation,30,10_29,50_PLUS,ALS,0,,0,,,,0,,,,0,,,,0,,,0,0,0,NO_DATA,NO_DATA,NO_DATA,NO_DATA,NO_DATA
validation,30,10_29,50_PLUS,FM,0,,0,,,,0,,,,0,,,,0,,,0,0,0,NO_DATA,NO_DATA,NO_DATA,NO_DATA,NO_DATA
validation,30,10_29,50_PLUS,ALS_FM,0,,0,,,,0,,,,0,,,,0,,,0,0,0,NO_DATA,NO_DATA,NO_DATA,NO_DATA,NO_DATA
validation,30,10_29,50_PLUS,RIDGE,0,,0,,,,0,,,,0,,,,0,,,0,0,0,NO_DATA,NO_DATA,NO_DATA,NO_DATA,NO_DATA
validation,30,10_29,50_PLUS,GBT,0,,0,,,,0,,,,0,,,,0,,,0,0,0,NO_DATA,NO_DATA,NO_DATA,NO_DATA,NO_DATA
validation,30,30_99,ALL,ALS,62,0.898066148665949,62,0.751768407805479,1.0624687134263204,0.7372745365930015,62,0.6748571539980389,0.8008930902955219,0.565917213232965,59,0.5372674500515984,0.5941604970052818,0.6717261545852157,62,0.6224311333232038,0.720130601772692,2138,4299,12897,DESCRIPTIVE_ONLY,DESCRIPTIVE_ONLY,DESCRIPTIVE_ONLY,DESCRIPTIVE_ONLY,DESCRIPTIVE_ONLY
validation,30,30_99,ALL,FM,62,0.9368674104912311,62,0.8062355741199575,1.0971381744595368,0.7684569480697687,62,0.7101023045154996,0.8264200965471976,0.5912726285800919,59,0.5574903442668033,0.6277566522835776,0.6717261545852157,62,0.6210675131335628,0.7190274767802938,2138,4299,12897,DESCRIPTIVE_ONLY,DESCRIPTIVE_ONLY,DESCRIPTIVE_ONLY,DESCRIPTIVE_ONLY,DESCRIPTIVE_ONLY
validation,30,30_99,ALL,ALS_FM,62,0.8971853194624139,62,0.7642264795239345,1.044300626092386,0.7519938331900766,62,0.6892061749480726,0.8181068062242028,0.6049949445410575,59,0.572288142240653,0.6405836396211991,0.6717261545852157,62,0.619587430136573,0.7187405081735896,2138,4299,12897,DESCRIPTIVE_ONLY,DESCRIPTIVE_ONLY,DESCRIPTIVE_ONLY,DESCRIPTIVE_ONLY,DESCRIPTIVE_ONLY
validation,30,30_99,ALL,RIDGE,62,1.0498149955580738,62,0.8782119849883668,1.2308457495302016,0.8264826372147067,62,0.7626014759407981,0.892906040579185,0.5793689312799675,59,0.5438453438709703,0.6164062774635783,0.6717261545852157,62,0.6254760023471422,0.7192506441126337,2138,4299,12897,DESCRIPTIVE_ONLY,DESCRIPTIVE_ONLY,DESCRIPTIVE_ONLY,DESCRIPTIVE_ONLY,DESCRIPTIVE_ONLY
validation,30,30_99,ALL,GBT,62,0.8693231688350838,62,0.7235491315987016,1.0316573185313052,0.723518480757974,62,0.6638237962902624,0.7904133299930343,0.5594282829665077,59,0.5288654794717852,0.5887835647000309,0.6717261545852157,62,0.6243739995797636,0.7200930223806004,2138,4299,12897,DESCRIPTIVE_ONLY,DESCRIPTIVE_ONLY,DESCRIPTIVE_ONLY,DESCRIPTIVE_ONLY,DESCRIPTIVE_ONLY
validation,30,30_99,0,ALS,57,0.8339281545423185,57,0.6591403412702727,1.0326769676281626,0.7050676374631347,57,0.6188920792045478,0.7933761741885149,0.5,51,0.5,0.5,0.0,57,0.0,0.0,833,1391,3932,DESCRIPTIVE_ONLY,DESCRIPTIVE_ONLY,DESCRIPTIVE_ONLY,DESCRIPTIVE_ONLY,DESCRIPTIVE_ONLY
validation,30,30_99,0,FM,57,0.9879397073607595,57,0.8360455374284774,1.1386527744022066,0.7988361215119164,57,0.7242044036138102,0.8736834278125815,0.5570286551188486,51,0.5012860422482989,0.6104425432576422,0.0,57,0.0,0.0,833,1391,3932,DESCRIPTIVE_ONLY,DESCRIPTIVE_ONLY,DESCRIPTIVE_ONLY,DESCRIPTIVE_ONLY,DESCRIPTIVE_ONLY
validation,30,30_99,0,ALS_FM,57,0.9879397073607595,57,0.8456772200564251,1.1524769114011497,0.7988361215119164,57,0.7253415486110939,0.8735015423895803,0.5570286551188486,51,0.5027646306283602,0.6155250529402633,0.0,57,0.0,0.0,833,1391,3932,DESCRIPTIVE_ONLY,DESCRIPTIVE_ONLY,DESCRIPTIVE_ONLY,DESCRIPTIVE_ONLY,DESCRIPTIVE_ONLY
validation,30,30_99,0,RIDGE,57,0.9969015617640036,57,0.8199684081464581,1.182338365981702,0.8068017459689234,57,0.7286424361394577,0.8915456167895823,0.5412772166516596,51,0.4766240189621975,0.6039008708991697,0.0,57,0.0,0.0,833,1391,3932,DESCRIPTIVE_ONLY,DESCRIPTIVE_ONLY,DESCRIPTIVE_ONLY,DESCRIPTIVE_ONLY,DESCRIPTIVE_ONLY
validation,30,30_99,0,GBT,57,0.8421455255894121,57,0.6817977710577967,1.0096663456234902,0.7233594951776394,57,0.6403152087270232,0.7982033851402608,0.536530450339196,51,0.4820376138788572,0.5910306100203205,0.0,57,0.0,0.0,833,1391,3932,DESCRIPTIVE_ONLY,DESCRIPTIVE_ONLY,DESCRIPTIVE_ONLY,DESCRIPTIVE_ONLY,DESCRIPTIVE_ONLY
validation,30,30_99,1_9,ALS,47,1.6269723757740158,47,1.2666809338095493,2.044297619129532,1.022917656195298,47,0.8814224198663159,1.1671852774238731,0.49672367877249235,31,0.41689115614730143,0.567260407363504,1.0,47,1.0,1.0,477,565,1218,DESCRIPTIVE_ONLY,DESCRIPTIVE_ONLY,DESCRIPTIVE_ONLY,DESCRIPTIVE_ONLY,DESCRIPTIVE_ONLY
validation,30,30_99,1_9,FM,47,1.1384103974265,47,0.7946923594255791,1.574100424161389,0.8252648574200327,47,0.6950284534699721,0.9606495960366185,0.5488771653453725,31,0.4571526151272884,0.6377375370550695,1.0,47,1.0,1.0,477,565,1218,DESCRIPTIVE_ONLY,DESCRIPTIVE_ONLY,DESCRIPTIVE_ONLY,DESCRIPTIVE_ONLY,DESCRIPTIVE_ONLY
validation,30,30_99,1_9,ALS_FM,47,1.1041855089581587,47,0.7947528398229299,1.5152652065750838,0.8210167407941361,47,0.6932376289057884,0.9647623254895307,0.564157292111473,31,0.46911300345434404,0.6524250452557107,1.0,47,1.0,1.0,477,565,1218,DESCRIPTIVE_ONLY,DESCRIPTIVE_ONLY,DESCRIPTIVE_ONLY,DESCRIPTIVE_ONLY,DESCRIPTIVE_ONLY
validation,30,30_99,1_9,RIDGE,47,1.361934205075431,47,0.9782230512320352,1.8376591226811383,0.9304130491075939,47,0.7885289989367602,1.0913444221470707,0.5386902417118682,31,0.45021292813092706,0.6258373109536259,1.0,47,1.0,1.0,477,565,1218,DESCRIPTIVE_ONLY,DESCRIPTIVE_ONLY,DESCRIPTIVE_ONLY,DESCRIPTIVE_ONLY,DESCRIPTIVE_ONLY
validation,30,30_99,1_9,GBT,47,1.1511646465332133,47,0.7833849056938708,1.6174548736196699,0.8170998731082033,47,0.6689614498069826,0.9768774743274876,0.5409865307626409,31,0.4661945513190377,0.6096210896806176,1.0,47,1.0,1.0,477,565,1218,DESCRIPTIVE_ONLY,DESCRIPTIVE_ONLY,DESCRIPTIVE_ONLY,DESCRIPTIVE_ONLY,DESCRIPTIVE_ONLY
validation,30,30_99,10_49,ALS,54,0.7649866323296345,54,0.593646863654153,0.9586061385841322,0.6841550975637318,54,0.5992208719988366,0.7759746264486431,0.651508571781955,41,0.6020593741160278,0.7026147099901214,1.0,54,1.0,1.0,554,965,2374,DESCRIPTIVE_ONLY,DESCRIPTIVE_ONLY,DESCRIPTIVE_ONLY,DESCRIPTIVE_ONLY,DESCRIPTIVE_ONLY
validation,30,30_99,10_49,FM,54,0.8942926103675523,54,0.6274042802461719,1.2766088614582758,0.7284897122609713,54,0.6320671732629066,0.8571080029106911,0.5675372024377832,41,0.495404750183166,0.6345062559257839,1.0,54,1.0,1.0,554,965,2374,DESCRIPTIVE_ONLY,DESCRIPTIVE_ONLY,DESCRIPTIVE_ONLY,DESCRIPTIVE_ONLY,DESCRIPTIVE_ONLY
validation,30,30_99,10_49,ALS_FM,54,0.7954792485585437,54,0.5625698234379667,1.1370684641278301,0.6909426311380883,54,0.5995040205636105,0.8026958335606754,0.6127723412266987,41,0.5480208970547109,0.6740892036187363,1.0,54,1.0,1.0,554,965,2374,DESCRIPTIVE_ONLY,DESCRIPTIVE_ONLY,DESCRIPTIVE_ONLY,DESCRIPTIVE_ONLY,DESCRIPTIVE_ONLY
validation,30,30_99,10_49,RIDGE,54,1.0321443531029422,54,0.7406363139185344,1.4928755439259676,0.8047564913458813,54,0.7005460144287029,0.9235159229418766,0.5574381130747675,41,0.4829227639774907,0.6243844612466993,1.0,54,1.0,1.0,554,965,2374,DESCRIPTIVE_ONLY,DESCRIPTIVE_ONLY,DESCRIPTIVE_ONLY,DESCRIPTIVE_ONLY,DESCRIPTIVE_ONLY
validation,30,30_99,10_49,GBT,54,0.8345135250761898,54,0.6054361892715815,1.1413604731192992,0.6981194129618069,54,0.6071930976142312,0.81178317622959,0.5569127221550504,41,0.4921443924790638,0.6196531233380502,1.0,54,1.0,1.0,554,965,2374,DESCRIPTIVE_ONLY,DESCRIPTIVE_ONLY,DESCRIPTIVE_ONLY,DESCRIPTIVE_ONLY,DESCRIPTIVE_ONLY
validation,30,30_99,50_PLUS,ALS,56,0.8630114237917628,56,0.7045404853528283,1.05045491414814,0.7290270850250795,56,0.6565625170968097,0.8165050461077563,0.5757616112932081,50,0.5303972847584507,0.6175834309048768,1.0,56,1.0,1.0,620,1885,5373,DESCRIPTIVE_ONLY,DESCRIPTIVE_ONLY,DESCRIPTIVE_ONLY,DESCRIPTIVE_ONLY,DESCRIPTIVE_ONLY
validation,30,30_99,50_PLUS,FM,56,0.9184466457352364,56,0.7261690639326727,1.1840107155183266,0.7623511286493583,56,0.6834578930469685,0.8565642107643511,0.5669034963008268,50,0.5226738937323806,0.6119910448583485,1.0,56,1.0,1.0,620,1885,5373,DESCRIPTIVE_ONLY,DESCRIPTIVE_ONLY,DESCRIPTIVE_ONLY,DESCRIPTIVE_ONLY,DESCRIPTIVE_ONLY
validation,30,30_99,50_PLUS,ALS_FM,56,0.8472726508392923,56,0.6837653952247758,1.0558305604046219,0.7304877059972116,56,0.653592796148608,0.818628644894207,0.5626125493136681,50,0.5155332211827242,0.6093993354373263,1.0,56,1.0,1.0,620,1885,5373,DESCRIPTIVE_ONLY,DESCRIPTIVE_ONLY,DESCRIPTIVE_ONLY,DESCRIPTIVE_ONLY,DESCRIPTIVE_ONLY
validation,30,30_99,50_PLUS,RIDGE,56,1.0736132214133958,56,0.8075234881641163,1.4756147007288525,0.8278060294403475,56,0.7314051361802205,0.9503482610178787,0.5550898713469575,50,0.5053746051929935,0.6051365527663243,1.0,56,1.0,1.0,620,1885,5373,DESCRIPTIVE_ONLY,DESCRIPTIVE_ONLY,DESCRIPTIVE_ONLY,DESCRIPTIVE_ONLY,DESCRIPTIVE_ONLY
validation,30,30_99,50_PLUS,GBT,56,0.920839379230312,56,0.6784288270735574,1.292313451933929,0.7302283648904763,56,0.6406353393715105,0.8470133527484562,0.5719972684308753,50,0.5281383601046703,0.6168700151651074,1.0,56,1.0,1.0,620,1885,5373,DESCRIPTIVE_ONLY,DESCRIPTIVE_ONLY,DESCRIPTIVE_ONLY,DESCRIPTIVE_ONLY,DESCRIPTIVE_ONLY
validation,30,100_299,ALL,ALS,78,1.0260888713143057,78,0.8488230359338422,1.2484131373881873,0.782087062542063,78,0.7116667385304573,0.8637714129098693,0.5480179254799744,75,0.5188131102512611,0.5773037235050384,0.6193883333949067,78,0.5783282272691102,0.6600025600630218,3074,7091,21273,DESCRIPTIVE_ONLY,DESCRIPTIVE_ONLY,DESCRIPTIVE_ONLY,DESCRIPTIVE_ONLY,DESCRIPTIVE_ONLY
validation,30,100_299,ALL,FM,78,0.9347627019851771,78,0.7977815855042583,1.0874113369190452,0.760415716468083,78,0.7048941241468036,0.8209187213390271,0.5584584102000385,75,0.5207284003640571,0.5951744924902903,0.6193883333949067,78,0.5789887010261813,0.6588821235245538,3074,7091,21273,DESCRIPTIVE_ONLY,DESCRIPTIVE_ONLY,DESCRIPTIVE_ONLY,DESCRIPTIVE_ONLY,DESCRIPTIVE_ONLY
validation,30,100_299,ALL,ALS_FM,78,0.9019789685628566,78,0.7759523978156012,1.0453806474555996,0.751221966467818,78,0.6985234691528327,0.8056147051710726,0.5626358725566122,75,0.5232276467791156,0.6022504065398407,0.6193883333949067,78,0.5765257004593851,0.6623260148944192,3074,7091,21273,DESCRIPTIVE_ONLY,DESCRIPTIVE_ONLY,DESCRIPTIVE_ONLY,DESCRIPTIVE_ONLY,DESCRIPTIVE_ONLY
validation,30,100_299,ALL,RIDGE,78,1.0236798381290129,78,0.8459872324136671,1.2234822234792395,0.7952303488476838,78,0.7290491840964068,0.8736051491332104,0.568287625748599,75,0.530107498308019,0.6083482215685595,0.6193883333949067,78,0.5782646716153806,0.660012571653558,3074,7091,21273,DESCRIPTIVE_ONLY,DESCRIPTIVE_ONLY,DESCRIPTIVE_ONLY,DESCRIPTIVE_ONLY,DESCRIPTIVE_ONLY
validation,30,100_299,ALL,GBT,78,0.8855450332364284,78,0.7515211943163104,1.03933380525981,0.7318190898953671,78,0.6753454100049441,0.7904073502694625,0.5507763227346213,75,0.5183964655252608,0.5845628675889822,0.6193883333949067,78,0.5782341981065221,0.6601693430990873,3074,7091,21273,DESCRIPTIVE_ONLY,DESCRIPTIVE_ONLY,DESCRIPTIVE_ONLY,DESCRIPTIVE_ONLY,DESCRIPTIVE_ONLY
validation,30,100_299,0,ALS,74,1.0933332522915826,74,0.8361616659220155,1.384809875807896,0.8011331718175966,74,0.6990713109321809,0.90499687496785,0.5,65,0.5,0.5,0.0,74,0.0,0.0,1271,2588,7299,DESCRIPTIVE_ONLY,DESCRIPTIVE_ONLY,DESCRIPTIVE_ONLY,DESCRIPTIVE_ONLY,DESCRIPTIVE_ONLY
validation,30,100_299,0,FM,74,1.102936983076988,74,0.9060989443001854,1.3689512502428307,0.8550914097477662,74,0.7804299713358881,0.9375828147093394,0.5808345075967365,65,0.5398524284069339,0.6220487109881165,0.0,74,0.0,0.0,1271,2588,7299,DESCRIPTIVE_ONLY,DESCRIPTIVE_ONLY,DESCRIPTIVE_ONLY,DESCRIPTIVE_ONLY,DESCRIPTIVE_ONLY
validation,30,100_299,0,ALS_FM,74,1.102936983076988,74,0.8984412300732022,1.3751760982020367,0.8550914097477662,74,0.7816813382689408,0.9421645869227662,0.5808345075967365,65,0.5423671534984389,0.6194513289782319,0.0,74,0.0,0.0,1271,2588,7299,DESCRIPTIVE_ONLY,DESCRIPTIVE_ONLY,DESCRIPTIVE_ONLY,DESCRIPTIVE_ONLY,DESCRIPTIVE_ONLY
validation,30,100_299,0,RIDGE,74,1.1982498557682317,74,0.9197735766519195,1.5526328550638082,0.871306712034752,74,0.777480459631722,0.9777203620534777,0.579301319303551,65,0.532918562010953,0.6256415705991968,0.0,74,0.0,0.0,1271,2588,7299,DESCRIPTIVE_ONLY,DESCRIPTIVE_ONLY,DESCRIPTIVE_ONLY,DESCRIPTIVE_ONLY,DESCRIPTIVE_ONLY
validation,30,100_299,0,GBT,74,1.0312052244765675,74,0.8205400826624334,1.2802519265064467,0.8049866425449458,74,0.7232412040504012,0.8990470949055377,0.5551049192743379,65,0.5172876463656937,0.5894684033518335,0.0,74,0.0,0.0,1271,2588,7299,DESCRIPTIVE_ONLY,DESCRIPTIVE_ONLY,DESCRIPTIVE_ONLY,DESCRIPTIVE_ONLY,DESCRIPTIVE_ONLY
validation,30,100_299,1_9,ALS,61,1.483179084066434,61,1.1450637951731164,1.8852945526409837,0.9351779465469483,61,0.8217754277287705,1.0556791636878626,0.5378081459474372,47,0.477429849257238,0.5955092010422203,1.0,61,1.0,1.0,864,1301,2898,DESCRIPTIVE_ONLY,DESCRIPTIVE_ONLY,DESCRIPTIVE_ONLY,DESCRIPTIVE_ONLY,DESCRIPTIVE_ONLY
validation,30,100_299,1_9,FM,61,1.002034447808685,61,0.72365591008509,1.3762930133035596,0.7691733094884994,61,0.6668468672835797,0.8944061282668683,0.48954911788013794,47,0.417373085436407,0.5595567192446317,1.0,61,1.0,1.0,864,1301,2898,DESCRIPTIVE_ONLY,DESCRIPTIVE_ONLY,DESCRIPTIVE_ONLY,DESCRIPTIVE_ONLY,DESCRIPTIVE_ONLY
validation,30,100_299,1_9,ALS_FM,61,0.9688047383599425,61,0.7189715046501949,1.316811788236886,0.7688559487538866,61,0.6729739343290699,0.8886942866694257,0.5191538785227932,47,0.4429501674291144,0.5927129516672967,1.0,61,1.0,1.0,864,1301,2898,DESCRIPTIVE_ONLY,DESCRIPTIVE_ONLY,DESCRIPTIVE_ONLY,DESCRIPTIVE_ONLY,DESCRIPTIVE_ONLY
validation,30,100_299,1_9,RIDGE,61,1.06704403235006,61,0.7310475973554771,1.5060573486371305,0.7902866208021841,61,0.6686810622666962,0.9250559867810086,0.5400734743848857,47,0.46259713515351736,0.6126301356815332,1.0,61,1.0,1.0,864,1301,2898,DESCRIPTIVE_ONLY,DESCRIPTIVE_ONLY,DESCRIPTIVE_ONLY,DESCRIPTIVE_ONLY,DESCRIPTIVE_ONLY
validation,30,100_299,1_9,GBT,61,0.9462560945617411,61,0.6914051646241184,1.298665363557249,0.7446483749372957,61,0.6429204028646379,0.863458667881892,0.4856387418315273,47,0.4119957178761639,0.550704361030789,1.0,61,1.0,1.0,864,1301,2898,DESCRIPTIVE_ONLY,DESCRIPTIVE_ONLY,DESCRIPTIVE_ONLY,DESCRIPTIVE_ONLY,DESCRIPTIVE_ONLY
validation,30,100_299,10_49,ALS,68,0.8950344718541432,68,0.7257908623203617,1.0934622903638762,0.736834725442524,68,0.6571594564993866,0.8178395193916507,0.6115394418362624,52,0.5667991552125001,0.6552105323505553,1.0,68,1.0,1.0,809,1793,4414,DESCRIPTIVE_ONLY,DESCRIPTIVE_ONLY,DESCRIPTIVE_ONLY,DESCRIPTIVE_ONLY,DESCRIPTIVE_ONLY
validation,30,100_299,10_49,FM,68,0.7941336586293412,68,0.6295574038346937,0.9790373786668999,0.676207608718672,68,0.5944875211816364,0.7574736387363259,0.5818826191419446,52,0.5231768901605641,0.64181220877157,1.0,68,1.0,1.0,809,1793,4414,DESCRIPTIVE_ONLY,DESCRIPTIVE_ONLY,DESCRIPTIVE_ONLY,DESCRIPTIVE_ONLY,DESCRIPTIVE_ONLY
validation,30,100_299,10_49,ALS_FM,68,0.740169597462055,68,0.5889759108977445,0.9111661838325189,0.6609815855563157,68,0.5857254473671258,0.7347542706661728,0.6134425982017548,52,0.5529280033012093,0.6696931373428384,1.0,68,1.0,1.0,809,1793,4414,DESCRIPTIVE_ONLY,DESCRIPTIVE_ONLY,DESCRIPTIVE_ONLY,DESCRIPTIVE_ONLY,DESCRIPTIVE_ONLY
validation,30,100_299,10_49,RIDGE,68,0.9095020004546928,68,0.6932215019296042,1.159306687602963,0.7225030429940527,68,0.6255357866228562,0.8134498127191296,0.6274815994152677,52,0.5640810243715922,0.6925002052793386,1.0,68,1.0,1.0,809,1793,4414,DESCRIPTIVE_ONLY,DESCRIPTIVE_ONLY,DESCRIPTIVE_ONLY,DESCRIPTIVE_ONLY,DESCRIPTIVE_ONLY
validation,30,100_299,10_49,GBT,68,0.7621695543803078,68,0.6009625442575083,0.9438278988258981,0.6544524276153678,68,0.5738166978691523,0.7348459864038813,0.6232905408852236,52,0.577525512113305,0.6712886980169013,1.0,68,1.0,1.0,809,1793,4414,DESCRIPTIVE_ONLY,DESCRIPTIVE_ONLY,DESCRIPTIVE_ONLY,DESCRIPTIVE_ONLY,DESCRIPTIVE_ONLY
validation,30,100_299,50_PLUS,ALS,71,0.8462363622236927,71,0.6499784686719431,1.0823430351699037,0.7040393875876385,71,0.6313963292974746,0.7871051500120861,0.588030557280846,62,0.5405187224382363,0.6339980423056987,1.0,71,1.0,1.0,669,2355,6662,DESCRIPTIVE_ONLY,DESCRIPTIVE_ONLY,DESCRIPTIVE_ONLY,DESCRIPTIVE_ONLY,DESCRIPTIVE_ONLY
validation,30,100_299,50_PLUS,FM,71,0.8822131970275356,71,0.6897911020397595,1.0889996104288622,0.7245090143700238,71,0.6514746033840666,0.8055649591289648,0.5333725326455274,62,0.4822587999783412,0.5863506684506397,1.0,71,1.0,1.0,669,2355,6662,DESCRIPTIVE_ONLY,DESCRIPTIVE_ONLY,DESCRIPTIVE_ONLY,DESCRIPTIVE_ONLY,DESCRIPTIVE_ONLY
validation,30,100_299,50_PLUS,ALS_FM,71,0.8141021521404354,71,0.6374191877665063,1.0255756544948458,0.6976370529368473,71,0.6256592797027742,0.7784742714216938,0.5663566521635642,62,0.5132938419773415,0.6202881831572669,1.0,71,1.0,1.0,669,2355,6662,DESCRIPTIVE_ONLY,DESCRIPTIVE_ONLY,DESCRIPTIVE_ONLY,DESCRIPTIVE_ONLY,DESCRIPTIVE_ONLY
validation,30,100_299,50_PLUS,RIDGE,71,1.00663782356895,71,0.8039279578171569,1.2361952653378967,0.7839674924758051,71,0.6957498809550703,0.8679329116468978,0.5312171501102089,62,0.47849440151788547,0.5816614209347706,1.0,71,1.0,1.0,669,2355,6662,DESCRIPTIVE_ONLY,DESCRIPTIVE_ONLY,DESCRIPTIVE_ONLY,DESCRIPTIVE_ONLY,DESCRIPTIVE_ONLY
validation,30,100_299,50_PLUS,GBT,71,0.8563659938616268,71,0.6813293430351741,1.0716066314284192,0.7123720099674787,71,0.6365768628014773,0.7908048848125274,0.535391028059554,62,0.4886745283825721,0.5796044861768839,1.0,71,1.0,1.0,669,2355,6662,DESCRIPTIVE_ONLY,DESCRIPTIVE_ONLY,DESCRIPTIVE_ONLY,DESCRIPTIVE_ONLY,DESCRIPTIVE_ONLY
validation,30,300_PLUS,ALL,ALS,160,0.9436408350352636,160,0.8486387520231409,1.0442544672606175,0.7492757728223011,160,0.708100960350177,0.7908201558471083,0.559871546235681,160,0.5469707968138743,0.5718580278667735,0.478539348082502,160,0.4503306023626958,0.5080381662840745,21309,37856,113568,DESCRIPTIVE_ONLY,DESCRIPTIVE_ONLY,DESCRIPTIVE_ONLY,DESCRIPTIVE_ONLY,DESCRIPTIVE_ONLY
validation,30,300_PLUS,ALL,FM,160,0.8916012409248875,160,0.8069881249960482,0.9822104024861311,0.7319031348468912,160,0.6975290303507037,0.7692543872481452,0.5656694296475608,160,0.550036349632085,0.58117285395908,0.478539348082502,160,0.4492052356876506,0.5072023543376518,21309,37856,113568,DESCRIPTIVE_ONLY,DESCRIPTIVE_ONLY,DESCRIPTIVE_ONLY,DESCRIPTIVE_ONLY,DESCRIPTIVE_ONLY
validation,30,300_PLUS,ALL,ALS_FM,160,0.8675914594624221,160,0.7909449786291813,0.9540571548658444,0.7257397420847591,160,0.6910846668485557,0.7627741382968802,0.5790690968719684,160,0.5629319247870255,0.5939530138704685,0.478539348082502,160,0.4489825791244772,0.5074993808136803,21309,37856,113568,DESCRIPTIVE_ONLY,DESCRIPTIVE_ONLY,DESCRIPTIVE_ONLY,DESCRIPTIVE_ONLY,DESCRIPTIVE_ONLY
validation,30,300_PLUS,ALL,RIDGE,160,0.9256764508257616,160,0.8321609084940044,1.0303650264341613,0.7392843531206656,160,0.6981042396660289,0.777359333408856,0.5738961746379515,160,0.5568382577917974,0.5907013143367478,0.478539348082502,160,0.4497788196094856,0.5080962391295525,21309,37856,113568,DESCRIPTIVE_ONLY,DESCRIPTIVE_ONLY,DESCRIPTIVE_ONLY,DESCRIPTIVE_ONLY,DESCRIPTIVE_ONLY
validation,30,300_PLUS,ALL,GBT,160,0.843917731755717,160,0.754060234608355,0.9293249037830542,0.7044276300818553,160,0.6673139452003504,0.7455612406292014,0.5753617692821682,160,0.5611250441477352,0.5889803856802502,0.478539348082502,160,0.4500352902944542,0.5080258861704969,21309,37856,113568,DESCRIPTIVE_ONLY,DESCRIPTIVE_ONLY,DESCRIPTIVE_ONLY,DESCRIPTIVE_ONLY,DESCRIPTIVE_ONLY
validation,30,300_PLUS,0,ALS,159,0.8595600179681648,159,0.7603045370096149,0.9613998545953075,0.7184940449043524,159,0.6742209353187957,0.7624863239471956,0.5,154,0.5,0.5,0.0,159,0.0,0.0,17661,27208,77274,DESCRIPTIVE_ONLY,DESCRIPTIVE_ONLY,DESCRIPTIVE_ONLY,DESCRIPTIVE_ONLY,DESCRIPTIVE_ONLY
validation,30,300_PLUS,0,FM,159,0.9157843238038774,159,0.8278241215763472,1.0098866459925764,0.7535163853681557,159,0.7141412054203501,0.7951399434582732,0.5640465862835802,154,0.5412951306050141,0.585191529004546,0.0,159,0.0,0.0,17661,27208,77274,DESCRIPTIVE_ONLY,DESCRIPTIVE_ONLY,DESCRIPTIVE_ONLY,DESCRIPTIVE_ONLY,DESCRIPTIVE_ONLY
validation,30,300_PLUS,0,ALS_FM,159,0.9157843238038774,159,0.8314669932865687,1.0108833814363738,0.7535163853681557,159,0.7130980764939817,0.7951796447598646,0.5640465862835802,154,0.5422473124105335,0.5860527051061598,0.0,159,0.0,0.0,17661,27208,77274,DESCRIPTIVE_ONLY,DESCRIPTIVE_ONLY,DESCRIPTIVE_ONLY,DESCRIPTIVE_ONLY,DESCRIPTIVE_ONLY
validation,30,300_PLUS,0,RIDGE,159,0.9058013509961214,159,0.8104189403251338,1.0105609810218157,0.7313411745938591,159,0.6904366854629908,0.7736513422509195,0.5795421914575141,154,0.5556753673549975,0.6019570184471289,0.0,159,0.0,0.0,17661,27208,77274,DESCRIPTIVE_ONLY,DESCRIPTIVE_ONLY,DESCRIPTIVE_ONLY,DESCRIPTIVE_ONLY,DESCRIPTIVE_ONLY
validation,30,300_PLUS,0,GBT,159,0.8342491885053512,159,0.7507701804236674,0.9255185797933346,0.7021069696188279,159,0.6613770305870116,0.7459235658377138,0.5679917127283303,154,0.5472994498681399,0.5874388728117927,0.0,159,0.0,0.0,17661,27208,77274,DESCRIPTIVE_ONLY,DESCRIPTIVE_ONLY,DESCRIPTIVE_ONLY,DESCRIPTIVE_ONLY,DESCRIPTIVE_ONLY
validation,30,300_PLUS,1_9,ALS,151,1.2657873690622778,151,1.1249761615413374,1.4122843865498018,0.8770555070787159,151,0.8262103095300525,0.9338863998770486,0.5931098890708357,135,0.5639102725977994,0.6207086699943016,1.0,151,1.0,1.0,3859,7209,15149,DESCRIPTIVE_ONLY,DESCRIPTIVE_ONLY,DESCRIPTIVE_ONLY,DESCRIPTIVE_ONLY,DESCRIPTIVE_ONLY
validation,30,300_PLUS,1_9,FM,151,0.834752926406256,151,0.7457512527816813,0.9268605837048437,0.7124321317583865,151,0.6659603384496003,0.7583439427428276,0.5843106316862606,135,0.5567855470552505,0.6151972275532931,1.0,151,1.0,1.0,3859,7209,15149,DESCRIPTIVE_ONLY,DESCRIPTIVE_ONLY,DESCRIPTIVE_ONLY,DESCRIPTIVE_ONLY,DESCRIPTIVE_ONLY
validation,30,300_PLUS,1_9,ALS_FM,151,0.7857351698899926,151,0.7009854988955738,0.8802917543513596,0.6974314212031055,151,0.6497522636652225,0.7442707034515894,0.6072539777153976,135,0.5805177948871503,0.6344071320697842,1.0,151,1.0,1.0,3859,7209,15149,DESCRIPTIVE_ONLY,DESCRIPTIVE_ONLY,DESCRIPTIVE_ONLY,DESCRIPTIVE_ONLY,DESCRIPTIVE_ONLY
validation,30,300_PLUS,1_9,RIDGE,151,0.9275457520995094,151,0.816843243825359,1.0477080696765018,0.7498968243660251,151,0.7034031856611767,0.801562640698997,0.5864809705476001,135,0.554828666124335,0.6168034216521235,1.0,151,1.0,1.0,3859,7209,15149,DESCRIPTIVE_ONLY,DESCRIPTIVE_ONLY,DESCRIPTIVE_ONLY,DESCRIPTIVE_ONLY,DESCRIPTIVE_ONLY
validation,30,300_PLUS,1_9,GBT,151,0.7998118054353697,151,0.7068877271307745,0.9041745482952045,0.6941287031402243,151,0.6459619521741286,0.7436554197476057,0.5670715160348312,135,0.5357152409474247,0.5967954255126815,1.0,151,1.0,1.0,3859,7209,15149,DESCRIPTIVE_ONLY,DESCRIPTIVE_ONLY,DESCRIPTIVE_ONLY,DESCRIPTIVE_ONLY,DESCRIPTIVE_ONLY
validation,30,300_PLUS,10_49,ALS,152,0.8851743855546089,152,0.7497540577915015,1.034784465796126,0.7165798251883233,152,0.6604269175525876,0.7774687224194843,0.6095396117868844,142,0.5770950144532515,0.6417650326379243,1.0,152,1.0,1.0,1465,4413,10632,DESCRIPTIVE_ONLY,DESCRIPTIVE_ONLY,DESCRIPTIVE_ONLY,DESCRIPTIVE_ONLY,DESCRIPTIVE_ONLY
validation,30,300_PLUS,10_49,FM,152,0.8706635612060932,152,0.7049162813123165,1.0696346463686128,0.6927189507167446,152,0.6342021376277509,0.7587532347109277,0.5805268696787307,142,0.5444599662899462,0.6154752515336526,1.0,152,1.0,1.0,1465,4413,10632,DESCRIPTIVE_ONLY,DESCRIPTIVE_ONLY,DESCRIPTIVE_ONLY,DESCRIPTIVE_ONLY,DESCRIPTIVE_ONLY
validation,30,300_PLUS,10_49,ALS_FM,152,0.7966163400030631,152,0.6529227319409837,0.9759482528233052,0.6663328101963223,152,0.6088578045361445,0.7332312395109519,0.6114149639650529,142,0.5798035568509142,0.6438043959543298,1.0,152,1.0,1.0,1465,4413,10632,DESCRIPTIVE_ONLY,DESCRIPTIVE_ONLY,DESCRIPTIVE_ONLY,DESCRIPTIVE_ONLY,DESCRIPTIVE_ONLY
validation,30,300_PLUS,10_49,RIDGE,152,0.9906061494235214,152,0.8068077449817457,1.2051783412128698,0.7413362897349439,152,0.6769767235674763,0.8096082954254442,0.6081702146076133,142,0.5744075491728988,0.6432059630550652,1.0,152,1.0,1.0,1465,4413,10632,DESCRIPTIVE_ONLY,DESCRIPTIVE_ONLY,DESCRIPTIVE_ONLY,DESCRIPTIVE_ONLY,DESCRIPTIVE_ONLY
validation,30,300_PLUS,10_49,GBT,152,0.8668908389321569,152,0.7042526211450962,1.0646048859630848,0.6923245695379767,152,0.6310183563718949,0.764494066437184,0.5545513202035413,142,0.521512406022477,0.5860402326488638,1.0,152,1.0,1.0,1465,4413,10632,DESCRIPTIVE_ONLY,DESCRIPTIVE_ONLY,DESCRIPTIVE_ONLY,DESCRIPTIVE_ONLY,DESCRIPTIVE_ONLY
validation,30,300_PLUS,50_PLUS,ALS,150,0.8961251708696035,150,0.7649899349656285,1.0471676373839576,0.7258156204716363,150,0.676749576146667,0.7850502422051729,0.6129224750094752,136,0.5823054264121843,0.6420481317475846,1.0,150,1.0,1.0,848,3769,10513,DESCRIPTIVE_ONLY,DESCRIPTIVE_ONLY,DESCRIPTIVE_ONLY,DESCRIPTIVE_ONLY,DESCRIPTIVE_ONLY
validation,30,300_PLUS,50_PLUS,FM,150,0.7631174960687483,150,0.6553639385641186,0.8747916163354517,0.6590657299556877,150,0.610079344866916,0.7087101648824055,0.5897200627061656,136,0.5570736189690952,0.6208224925888927,1.0,150,1.0,1.0,848,3769,10513,DESCRIPTIVE_ONLY,DESCRIPTIVE_ONLY,DESCRIPTIVE_ONLY,DESCRIPTIVE_ONLY,DESCRIPTIVE_ONLY
validation,30,300_PLUS,50_PLUS,ALS_FM,150,0.7315090426682609,150,0.6262146406768037,0.8434131489612691,0.6499662861552199,150,0.6042257179644583,0.7014909417691816,0.6226937320069537,136,0.5908543599745002,0.6544359702256451,1.0,150,1.0,1.0,848,3769,10513,DESCRIPTIVE_ONLY,DESCRIPTIVE_ONLY,DESCRIPTIVE_ONLY,DESCRIPTIVE_ONLY,DESCRIPTIVE_ONLY
validation,30,300_PLUS,50_PLUS,RIDGE,150,0.8010456945073327,150,0.6892922854161367,0.9203320603498522,0.6912138027159159,150,0.639744794455343,0.7408806673876704,0.6021226864023632,136,0.5662737111103797,0.6356030771797061,1.0,150,1.0,1.0,848,3769,10513,DESCRIPTIVE_ONLY,DESCRIPTIVE_ONLY,DESCRIPTIVE_ONLY,DESCRIPTIVE_ONLY,DESCRIPTIVE_ONLY
validation,30,300_PLUS,50_PLUS,GBT,150,0.7750218914896653,150,0.660954184223032,0.8930152224739774,0.6671895490717109,150,0.6167478076737771,0.7209301389432513,0.5928365723195954,136,0.5617483433480636,0.6210996122666864,1.0,150,1.0,1.0,848,3769,10513,DESCRIPTIVE_ONLY,DESCRIPTIVE_ONLY,DESCRIPTIVE_ONLY,DESCRIPTIVE_ONLY,DESCRIPTIVE_ONLY
evaluation,0,0,ALL,ALS,0,,0,,,,0,,,,0,,,,0,,,0,0,0,NO_DATA,NO_DATA,NO_DATA,NO_DATA,NO_DATA
evaluation,0,0,ALL,FM,0,,0,,,,0,,,,0,,,,0,,,0,0,0,NO_DATA,NO_DATA,NO_DATA,NO_DATA,NO_DATA
evaluation,0,0,ALL,ALS_FM,0,,0,,,,0,,,,0,,,,0,,,0,0,0,NO_DATA,NO_DATA,NO_DATA,NO_DATA,NO_DATA
evaluation,0,0,ALL,RIDGE,0,,0,,,,0,,,,0,,,,0,,,0,0,0,NO_DATA,NO_DATA,NO_DATA,NO_DATA,NO_DATA
evaluation,0,0,ALL,GBT,0,,0,,,,0,,,,0,,,,0,,,0,0,0,NO_DATA,NO_DATA,NO_DATA,NO_DATA,NO_DATA
evaluation,0,0,0,ALS,0,,0,,,,0,,,,0,,,,0,,,0,0,0,NO_DATA,NO_DATA,NO_DATA,NO_DATA,NO_DATA
evaluation,0,0,0,FM,0,,0,,,,0,,,,0,,,,0,,,0,0,0,NO_DATA,NO_DATA,NO_DATA,NO_DATA,NO_DATA
evaluation,0,0,0,ALS_FM,0,,0,,,,0,,,,0,,,,0,,,0,0,0,NO_DATA,NO_DATA,NO_DATA,NO_DATA,NO_DATA
evaluation,0,0,0,RIDGE,0,,0,,,,0,,,,0,,,,0,,,0,0,0,NO_DATA,NO_DATA,NO_DATA,NO_DATA,NO_DATA
evaluation,0,0,0,GBT,0,,0,,,,0,,,,0,,,,0,,,0,0,0,NO_DATA,NO_DATA,NO_DATA,NO_DATA,NO_DATA
evaluation,0,0,1_9,ALS,0,,0,,,,0,,,,0,,,,0,,,0,0,0,NO_DATA,NO_DATA,NO_DATA,NO_DATA,NO_DATA
evaluation,0,0,1_9,FM,0,,0,,,,0,,,,0,,,,0,,,0,0,0,NO_DATA,NO_DATA,NO_DATA,NO_DATA,NO_DATA
evaluation,0,0,1_9,ALS_FM,0,,0,,,,0,,,,0,,,,0,,,0,0,0,NO_DATA,NO_DATA,NO_DATA,NO_DATA,NO_DATA
evaluation,0,0,1_9,RIDGE,0,,0,,,,0,,,,0,,,,0,,,0,0,0,NO_DATA,NO_DATA,NO_DATA,NO_DATA,NO_DATA
evaluation,0,0,1_9,GBT,0,,0,,,,0,,,,0,,,,0,,,0,0,0,NO_DATA,NO_DATA,NO_DATA,NO_DATA,NO_DATA
evaluation,0,0,10_49,ALS,0,,0,,,,0,,,,0,,,,0,,,0,0,0,NO_DATA,NO_DATA,NO_DATA,NO_DATA,NO_DATA
evaluation,0,0,10_49,FM,0,,0,,,,0,,,,0,,,,0,,,0,0,0,NO_DATA,NO_DATA,NO_DATA,NO_DATA,NO_DATA
evaluation,0,0,10_49,ALS_FM,0,,0,,,,0,,,,0,,,,0,,,0,0,0,NO_DATA,NO_DATA,NO_DATA,NO_DATA,NO_DATA
evaluation,0,0,10_49,RIDGE,0,,0,,,,0,,,,0,,,,0,,,0,0,0,NO_DATA,NO_DATA,NO_DATA,NO_DATA,NO_DATA
evaluation,0,0,10_49,GBT,0,,0,,,,0,,,,0,,,,0,,,0,0,0,NO_DATA,NO_DATA,NO_DATA,NO_DATA,NO_DATA
evaluation,0,0,50_PLUS,ALS,0,,0,,,,0,,,,0,,,,0,,,0,0,0,NO_DATA,NO_DATA,NO_DATA,NO_DATA,NO_DATA
evaluation,0,0,50_PLUS,FM,0,,0,,,,0,,,,0,,,,0,,,0,0,0,NO_DATA,NO_DATA,NO_DATA,NO_DATA,NO_DATA
evaluation,0,0,50_PLUS,ALS_FM,0,,0,,,,0,,,,0,,,,0,,,0,0,0,NO_DATA,NO_DATA,NO_DATA,NO_DATA,NO_DATA
evaluation,0,0,50_PLUS,RIDGE,0,,0,,,,0,,,,0,,,,0,,,0,0,0,NO_DATA,NO_DATA,NO_DATA,NO_DATA,NO_DATA
evaluation,0,0,50_PLUS,GBT,0,,0,,,,0,,,,0,,,,0,,,0,0,0,NO_DATA,NO_DATA,NO_DATA,NO_DATA,NO_DATA
evaluation,0,1_9,ALL,ALS,0,,0,,,,0,,,,0,,,,0,,,0,0,0,NO_DATA,NO_DATA,NO_DATA,NO_DATA,NO_DATA
evaluation,0,1_9,ALL,FM,0,,0,,,,0,,,,0,,,,0,,,0,0,0,NO_DATA,NO_DATA,NO_DATA,NO_DATA,NO_DATA
evaluation,0,1_9,ALL,ALS_FM,0,,0,,,,0,,,,0,,,,0,,,0,0,0,NO_DATA,NO_DATA,NO_DATA,NO_DATA,NO_DATA
evaluation,0,1_9,ALL,RIDGE,0,,0,,,,0,,,,0,,,,0,,,0,0,0,NO_DATA,NO_DATA,NO_DATA,NO_DATA,NO_DATA
evaluation,0,1_9,ALL,GBT,0,,0,,,,0,,,,0,,,,0,,,0,0,0,NO_DATA,NO_DATA,NO_DATA,NO_DATA,NO_DATA
evaluation,0,1_9,0,ALS,0,,0,,,,0,,,,0,,,,0,,,0,0,0,NO_DATA,NO_DATA,NO_DATA,NO_DATA,NO_DATA
evaluation,0,1_9,0,FM,0,,0,,,,0,,,,0,,,,0,,,0,0,0,NO_DATA,NO_DATA,NO_DATA,NO_DATA,NO_DATA
evaluation,0,1_9,0,ALS_FM,0,,0,,,,0,,,,0,,,,0,,,0,0,0,NO_DATA,NO_DATA,NO_DATA,NO_DATA,NO_DATA
evaluation,0,1_9,0,RIDGE,0,,0,,,,0,,,,0,,,,0,,,0,0,0,NO_DATA,NO_DATA,NO_DATA,NO_DATA,NO_DATA
evaluation,0,1_9,0,GBT,0,,0,,,,0,,,,0,,,,0,,,0,0,0,NO_DATA,NO_DATA,NO_DATA,NO_DATA,NO_DATA
evaluation,0,1_9,1_9,ALS,0,,0,,,,0,,,,0,,,,0,,,0,0,0,NO_DATA,NO_DATA,NO_DATA,NO_DATA,NO_DATA
evaluation,0,1_9,1_9,FM,0,,0,,,,0,,,,0,,,,0,,,0,0,0,NO_DATA,NO_DATA,NO_DATA,NO_DATA,NO_DATA
evaluation,0,1_9,1_9,ALS_FM,0,,0,,,,0,,,,0,,,,0,,,0,0,0,NO_DATA,NO_DATA,NO_DATA,NO_DATA,NO_DATA
evaluation,0,1_9,1_9,RIDGE,0,,0,,,,0,,,,0,,,,0,,,0,0,0,NO_DATA,NO_DATA,NO_DATA,NO_DATA,NO_DATA
evaluation,0,1_9,1_9,GBT,0,,0,,,,0,,,,0,,,,0,,,0,0,0,NO_DATA,NO_DATA,NO_DATA,NO_DATA,NO_DATA
evaluation,0,1_9,10_49,ALS,0,,0,,,,0,,,,0,,,,0,,,0,0,0,NO_DATA,NO_DATA,NO_DATA,NO_DATA,NO_DATA
evaluation,0,1_9,10_49,FM,0,,0,,,,0,,,,0,,,,0,,,0,0,0,NO_DATA,NO_DATA,NO_DATA,NO_DATA,NO_DATA
evaluation,0,1_9,10_49,ALS_FM,0,,0,,,,0,,,,0,,,,0,,,0,0,0,NO_DATA,NO_DATA,NO_DATA,NO_DATA,NO_DATA
evaluation,0,1_9,10_49,RIDGE,0,,0,,,,0,,,,0,,,,0,,,0,0,0,NO_DATA,NO_DATA,NO_DATA,NO_DATA,NO_DATA
evaluation,0,1_9,10_49,GBT,0,,0,,,,0,,,,0,,,,0,,,0,0,0,NO_DATA,NO_DATA,NO_DATA,NO_DATA,NO_DATA
evaluation,0,1_9,50_PLUS,ALS,0,,0,,,,0,,,,0,,,,0,,,0,0,0,NO_DATA,NO_DATA,NO_DATA,NO_DATA,NO_DATA
evaluation,0,1_9,50_PLUS,FM,0,,0,,,,0,,,,0,,,,0,,,0,0,0,NO_DATA,NO_DATA,NO_DATA,NO_DATA,NO_DATA
evaluation,0,1_9,50_PLUS,ALS_FM,0,,0,,,,0,,,,0,,,,0,,,0,0,0,NO_DATA,NO_DATA,NO_DATA,NO_DATA,NO_DATA
evaluation,0,1_9,50_PLUS,RIDGE,0,,0,,,,0,,,,0,,,,0,,,0,0,0,NO_DATA,NO_DATA,NO_DATA,NO_DATA,NO_DATA
evaluation,0,1_9,50_PLUS,GBT,0,,0,,,,0,,,,0,,,,0,,,0,0,0,NO_DATA,NO_DATA,NO_DATA,NO_DATA,NO_DATA
evaluation,0,10_29,ALL,ALS,0,,0,,,,0,,,,0,,,,0,,,0,0,0,NO_DATA,NO_DATA,NO_DATA,NO_DATA,NO_DATA
evaluation,0,10_29,ALL,FM,0,,0,,,,0,,,,0,,,,0,,,0,0,0,NO_DATA,NO_DATA,NO_DATA,NO_DATA,NO_DATA
evaluation,0,10_29,ALL,ALS_FM,0,,0,,,,0,,,,0,,,,0,,,0,0,0,NO_DATA,NO_DATA,NO_DATA,NO_DATA,NO_DATA
evaluation,0,10_29,ALL,RIDGE,0,,0,,,,0,,,,0,,,,0,,,0,0,0,NO_DATA,NO_DATA,NO_DATA,NO_DATA,NO_DATA
evaluation,0,10_29,ALL,GBT,0,,0,,,,0,,,,0,,,,0,,,0,0,0,NO_DATA,NO_DATA,NO_DATA,NO_DATA,NO_DATA
evaluation,0,10_29,0,ALS,0,,0,,,,0,,,,0,,,,0,,,0,0,0,NO_DATA,NO_DATA,NO_DATA,NO_DATA,NO_DATA
evaluation,0,10_29,0,FM,0,,0,,,,0,,,,0,,,,0,,,0,0,0,NO_DATA,NO_DATA,NO_DATA,NO_DATA,NO_DATA
evaluation,0,10_29,0,ALS_FM,0,,0,,,,0,,,,0,,,,0,,,0,0,0,NO_DATA,NO_DATA,NO_DATA,NO_DATA,NO_DATA
evaluation,0,10_29,0,RIDGE,0,,0,,,,0,,,,0,,,,0,,,0,0,0,NO_DATA,NO_DATA,NO_DATA,NO_DATA,NO_DATA
evaluation,0,10_29,0,GBT,0,,0,,,,0,,,,0,,,,0,,,0,0,0,NO_DATA,NO_DATA,NO_DATA,NO_DATA,NO_DATA
evaluation,0,10_29,1_9,ALS,0,,0,,,,0,,,,0,,,,0,,,0,0,0,NO_DATA,NO_DATA,NO_DATA,NO_DATA,NO_DATA
evaluation,0,10_29,1_9,FM,0,,0,,,,0,,,,0,,,,0,,,0,0,0,NO_DATA,NO_DATA,NO_DATA,NO_DATA,NO_DATA
evaluation,0,10_29,1_9,ALS_FM,0,,0,,,,0,,,,0,,,,0,,,0,0,0,NO_DATA,NO_DATA,NO_DATA,NO_DATA,NO_DATA
evaluation,0,10_29,1_9,RIDGE,0,,0,,,,0,,,,0,,,,0,,,0,0,0,NO_DATA,NO_DATA,NO_DATA,NO_DATA,NO_DATA
evaluation,0,10_29,1_9,GBT,0,,0,,,,0,,,,0,,,,0,,,0,0,0,NO_DATA,NO_DATA,NO_DATA,NO_DATA,NO_DATA
evaluation,0,10_29,10_49,ALS,0,,0,,,,0,,,,0,,,,0,,,0,0,0,NO_DATA,NO_DATA,NO_DATA,NO_DATA,NO_DATA
evaluation,0,10_29,10_49,FM,0,,0,,,,0,,,,0,,,,0,,,0,0,0,NO_DATA,NO_DATA,NO_DATA,NO_DATA,NO_DATA
evaluation,0,10_29,10_49,ALS_FM,0,,0,,,,0,,,,0,,,,0,,,0,0,0,NO_DATA,NO_DATA,NO_DATA,NO_DATA,NO_DATA
evaluation,0,10_29,10_49,RIDGE,0,,0,,,,0,,,,0,,,,0,,,0,0,0,NO_DATA,NO_DATA,NO_DATA,NO_DATA,NO_DATA
evaluation,0,10_29,10_49,GBT,0,,0,,,,0,,,,0,,,,0,,,0,0,0,NO_DATA,NO_DATA,NO_DATA,NO_DATA,NO_DATA
evaluation,0,10_29,50_PLUS,ALS,0,,0,,,,0,,,,0,,,,0,,,0,0,0,NO_DATA,NO_DATA,NO_DATA,NO_DATA,NO_DATA
evaluation,0,10_29,50_PLUS,FM,0,,0,,,,0,,,,0,,,,0,,,0,0,0,NO_DATA,NO_DATA,NO_DATA,NO_DATA,NO_DATA
evaluation,0,10_29,50_PLUS,ALS_FM,0,,0,,,,0,,,,0,,,,0,,,0,0,0,NO_DATA,NO_DATA,NO_DATA,NO_DATA,NO_DATA
evaluation,0,10_29,50_PLUS,RIDGE,0,,0,,,,0,,,,0,,,,0,,,0,0,0,NO_DATA,NO_DATA,NO_DATA,NO_DATA,NO_DATA
evaluation,0,10_29,50_PLUS,GBT,0,,0,,,,0,,,,0,,,,0,,,0,0,0,NO_DATA,NO_DATA,NO_DATA,NO_DATA,NO_DATA
evaluation,0,30_99,ALL,ALS,24,0.815816112712123,24,,,0.727713504432781,24,,,0.5,24,,,0.0,24,,,1699,2786,3824,UNDER_30_USERS,UNDER_30_USERS,UNDER_30_USERS,UNDER_30_USERS,UNDER_30_USERS
evaluation,0,30_99,ALL,FM,24,0.7983995995242478,24,,,0.7137764118896079,24,,,0.6177969428611408,24,,,0.0,24,,,1699,2786,3824,UNDER_30_USERS,UNDER_30_USERS,UNDER_30_USERS,UNDER_30_USERS,UNDER_30_USERS
evaluation,0,30_99,ALL,ALS_FM,24,0.7983995995242478,24,,,0.7137764118896079,24,,,0.6177969428611408,24,,,0.0,24,,,1699,2786,3824,UNDER_30_USERS,UNDER_30_USERS,UNDER_30_USERS,UNDER_30_USERS,UNDER_30_USERS
evaluation,0,30_99,ALL,RIDGE,24,0.8225890947665847,24,,,0.7347301496348325,24,,,0.6337244466533348,24,,,0.0,24,,,1699,2786,3824,UNDER_30_USERS,UNDER_30_USERS,UNDER_30_USERS,UNDER_30_USERS,UNDER_30_USERS
evaluation,0,30_99,ALL,GBT,24,0.754579405167516,24,,,0.6943245453841417,24,,,0.6185365606390713,24,,,0.0,24,,,1699,2786,3824,UNDER_30_USERS,UNDER_30_USERS,UNDER_30_USERS,UNDER_30_USERS,UNDER_30_USERS
evaluation,0,30_99,0,ALS,24,0.8702655407099581,24,,,0.7506219445576846,24,,,0.5,21,,,0.0,24,,,590,948,1384,UNDER_30_USERS,UNDER_30_USERS,UNDER_30_USERS,UNDER_30_USERS,UNDER_30_USERS
evaluation,0,30_99,0,FM,24,0.912988855547765,24,,,0.7766213029737045,24,,,0.498395870405082,21,,,0.0,24,,,590,948,1384,UNDER_30_USERS,UNDER_30_USERS,UNDER_30_USERS,UNDER_30_USERS,UNDER_30_USERS
evaluation,0,30_99,0,ALS_FM,24,0.912988855547765,24,,,0.7766213029737045,24,,,0.498395870405082,21,,,0.0,24,,,590,948,1384,UNDER_30_USERS,UNDER_30_USERS,UNDER_30_USERS,UNDER_30_USERS,UNDER_30_USERS
evaluation,0,30_99,0,RIDGE,24,0.8782585674981466,24,,,0.7598888277855539,24,,,0.5298144153453748,21,,,0.0,24,,,590,948,1384,UNDER_30_USERS,UNDER_30_USERS,UNDER_30_USERS,UNDER_30_USERS,UNDER_30_USERS
evaluation,0,30_99,0,GBT,24,0.8210680597571519,24,,,0.7229797782112838,24,,,0.484934940757038,21,,,0.0,24,,,590,948,1384,UNDER_30_USERS,UNDER_30_USERS,UNDER_30_USERS,UNDER_30_USERS,UNDER_30_USERS
evaluation,0,30_99,1_9,ALS,18,1.1229764038116747,18,,,0.8347056238293076,18,,,0.5,17,,,0.0,18,,,323,364,435,UNDER_30_USERS,UNDER_30_USERS,UNDER_30_USERS,UNDER_30_USERS,UNDER_30_USERS
evaluation,0,30_99,1_9,FM,18,1.0565038398022126,18,,,0.8215145030556252,18,,,0.5347333809254488,17,,,0.0,18,,,323,364,435,UNDER_30_USERS,UNDER_30_USERS,UNDER_30_USERS,UNDER_30_USERS,UNDER_30_USERS
evaluation,0,30_99,1_9,ALS_FM,18,1.0565038398022126,18,,,0.8215145030556252,18,,,0.5347333809254488,17,,,0.0,18,,,323,364,435,UNDER_30_USERS,UNDER_30_USERS,UNDER_30_USERS,UNDER_30_USERS,UNDER_30_USERS
evaluation,0,30_99,1_9,RIDGE,18,1.107010353206787,18,,,0.8297333801892605,18,,,0.5852488101887808,17,,,0.0,18,,,323,364,435,UNDER_30_USERS,UNDER_30_USERS,UNDER_30_USERS,UNDER_30_USERS,UNDER_30_USERS
evaluation,0,30_99,1_9,GBT,18,1.064770812919878,18,,,0.8160657996734074,18,,,0.5420027757227185,17,,,0.0,18,,,323,364,435,UNDER_30_USERS,UNDER_30_USERS,UNDER_30_USERS,UNDER_30_USERS,UNDER_30_USERS
evaluation,0,30_99,10_49,ALS,20,0.7493611074330306,20,,,0.7070997461955786,20,,,0.5,18,,,0.0,20,,,427,610,767,UNDER_30_USERS,UNDER_30_USERS,UNDER_30_USERS,UNDER_30_USERS,UNDER_30_USERS
evaluation,0,30_99,10_49,FM,20,0.7478265467255011,20,,,0.6997983249065972,20,,,0.6579633924301261,18,,,0.0,20,,,427,610,767,UNDER_30_USERS,UNDER_30_USERS,UNDER_30_USERS,UNDER_30_USERS,UNDER_30_USERS
evaluation,0,30_99,10_49,ALS_FM,20,0.7478265467255011,20,,,0.6997983249065972,20,,,0.6579633924301261,18,,,0.0,20,,,427,610,767,UNDER_30_USERS,UNDER_30_USERS,UNDER_30_USERS,UNDER_30_USERS,UNDER_30_USERS
evaluation,0,30_99,10_49,RIDGE,20,0.7511861296179079,20,,,0.7132194321102749,20,,,0.6647388933012365,18,,,0.0,20,,,427,610,767,UNDER_30_USERS,UNDER_30_USERS,UNDER_30_USERS,UNDER_30_USERS,UNDER_30_USERS
evaluation,0,30_99,10_49,GBT,20,0.6909980784898877,20,,,0.6691325500111567,20,,,0.6259790192482255,18,,,0.0,20,,,427,610,767,UNDER_30_USERS,UNDER_30_USERS,UNDER_30_USERS,UNDER_30_USERS,UNDER_30_USERS
evaluation,0,30_99,50_PLUS,ALS,24,0.7797969620176127,24,,,0.7157375132698339,24,,,0.5,24,,,0.0,24,,,432,931,1238,UNDER_30_USERS,UNDER_30_USERS,UNDER_30_USERS,UNDER_30_USERS,UNDER_30_USERS
evaluation,0,30_99,50_PLUS,FM,24,0.7288468318457103,24,,,0.6739342201886925,24,,,0.6699268026551444,24,,,0.0,24,,,432,931,1238,UNDER_30_USERS,UNDER_30_USERS,UNDER_30_USERS,UNDER_30_USERS,UNDER_30_USERS
evaluation,0,30_99,50_PLUS,ALS_FM,24,0.7288468318457103,24,,,0.6739342201886925,24,,,0.6699268026551444,24,,,0.0,24,,,432,931,1238,UNDER_30_USERS,UNDER_30_USERS,UNDER_30_USERS,UNDER_30_USERS,UNDER_30_USERS
evaluation,0,30_99,50_PLUS,RIDGE,24,0.7936019420723524,24,,,0.7240730534407106,24,,,0.6449017641386304,24,,,0.0,24,,,432,931,1238,UNDER_30_USERS,UNDER_30_USERS,UNDER_30_USERS,UNDER_30_USERS,UNDER_30_USERS
evaluation,0,30_99,50_PLUS,GBT,24,0.7344060031431189,24,,,0.6843591717314527,24,,,0.6344727796992234,24,,,0.0,24,,,432,931,1238,UNDER_30_USERS,UNDER_30_USERS,UNDER_30_USERS,UNDER_30_USERS,UNDER_30_USERS
evaluation,0,100_299,ALL,ALS,89,1.2170179387269664,89,0.9816566030313753,1.5081011215273699,0.8441395958539718,89,0.7623054322916266,0.9366370337664567,0.5,85,0.5,0.5,0.0,89,0.0,0.0,4821,10366,17306,DESCRIPTIVE_ONLY,DESCRIPTIVE_ONLY,DESCRIPTIVE_ONLY,DESCRIPTIVE_ONLY,DESCRIPTIVE_ONLY
evaluation,0,100_299,ALL,FM,89,1.2807750635718524,89,1.076120389870439,1.5205581159131143,0.8850460020008738,89,0.8073579693773582,0.9699530835821709,0.5321810190969195,85,0.5025679407878315,0.5590643044075209,0.0,89,0.0,0.0,4821,10366,17306,DESCRIPTIVE_ONLY,DESCRIPTIVE_ONLY,DESCRIPTIVE_ONLY,DESCRIPTIVE_ONLY,DESCRIPTIVE_ONLY
evaluation,0,100_299,ALL,ALS_FM,89,1.2807750635718524,89,1.083438956554263,1.5127310916185852,0.8850460020008738,89,0.8113569958387771,0.9639856373509106,0.5321810190969195,85,0.5031177996988143,0.5598681079771722,0.0,89,0.0,0.0,4821,10366,17306,DESCRIPTIVE_ONLY,DESCRIPTIVE_ONLY,DESCRIPTIVE_ONLY,DESCRIPTIVE_ONLY,DESCRIPTIVE_ONLY
evaluation,0,100_299,ALL,RIDGE,89,1.2084639658751055,89,0.9695929372233844,1.4694678032853763,0.846095278904259,89,0.7638532114649758,0.9346183775320358,0.5510503974246765,85,0.5209541086582635,0.5792243778813574,0.0,89,0.0,0.0,4821,10366,17306,DESCRIPTIVE_ONLY,DESCRIPTIVE_ONLY,DESCRIPTIVE_ONLY,DESCRIPTIVE_ONLY,DESCRIPTIVE_ONLY
evaluation,0,100_299,ALL,GBT,89,1.1993054124059754,89,0.9575301312732032,1.4919984685511467,0.8316576473594061,89,0.7502578927170764,0.9197415424145337,0.5462936275645719,85,0.5204278067574667,0.5703807550719808,0.0,89,0.0,0.0,4821,10366,17306,DESCRIPTIVE_ONLY,DESCRIPTIVE_ONLY,DESCRIPTIVE_ONLY,DESCRIPTIVE_ONLY,DESCRIPTIVE_ONLY
evaluation,0,100_299,0,ALS,86,1.1424420940630917,86,0.9032361241873831,1.4240994129453537,0.8180418407638463,86,0.7326470650731394,0.9157308787950105,0.5,78,0.5,0.5,0.0,86,0.0,0.0,2529,4414,7173,DESCRIPTIVE_ONLY,DESCRIPTIVE_ONLY,DESCRIPTIVE_ONLY,DESCRIPTIVE_ONLY,DESCRIPTIVE_ONLY
evaluation,0,100_299,0,FM,86,1.281704535908202,86,1.0734873546347428,1.5162599712595306,0.9015392183793207,86,0.8296372245236378,0.9848361794578705,0.5742270144424609,78,0.5343290100475044,0.6148748424752833,0.0,86,0.0,0.0,2529,4414,7173,DESCRIPTIVE_ONLY,DESCRIPTIVE_ONLY,DESCRIPTIVE_ONLY,DESCRIPTIVE_ONLY,DESCRIPTIVE_ONLY
evaluation,0,100_299,0,ALS_FM,86,1.281704535908202,86,1.0654519169389045,1.5101826103126241,0.9015392183793207,86,0.8261491657865262,0.9878495171332994,0.5742270144424609,78,0.5336631994935453,0.6148720294183136,0.0,86,0.0,0.0,2529,4414,7173,DESCRIPTIVE_ONLY,DESCRIPTIVE_ONLY,DESCRIPTIVE_ONLY,DESCRIPTIVE_ONLY,DESCRIPTIVE_ONLY
evaluation,0,100_299,0,RIDGE,86,1.1385090911306848,86,0.9010474805961648,1.400417516799969,0.8198716610864586,86,0.7352332297224131,0.9086608280072495,0.5463159980677852,78,0.49901476389662014,0.5906914628044106,0.0,86,0.0,0.0,2529,4414,7173,DESCRIPTIVE_ONLY,DESCRIPTIVE_ONLY,DESCRIPTIVE_ONLY,DESCRIPTIVE_ONLY,DESCRIPTIVE_ONLY
evaluation,0,100_299,0,GBT,86,1.1338674961349096,86,0.892973669698097,1.4017094653566466,0.8122182790502565,86,0.7309210591946347,0.9044583880526439,0.5302802837365385,78,0.48658040729966856,0.5704594190011983,0.0,86,0.0,0.0,2529,4414,7173,DESCRIPTIVE_ONLY,DESCRIPTIVE_ONLY,DESCRIPTIVE_ONLY,DESCRIPTIVE_ONLY,DESCRIPTIVE_ONLY
evaluation,0,100_299,1_9,ALS,78,1.0827096480122902,78,0.7956731352464642,1.425169668263331,0.7779628551398626,78,0.6798085421852719,0.8949067078265257,0.5,61,0.5,0.5,0.0,78,0.0,0.0,1275,1914,2844,DESCRIPTIVE_ONLY,DESCRIPTIVE_ONLY,DESCRIPTIVE_ONLY,DESCRIPTIVE_ONLY,DESCRIPTIVE_ONLY
evaluation,0,100_299,1_9,FM,78,1.21055501521899,78,0.9788617330047451,1.4582168792063959,0.844099735082084,78,0.7443605414894485,0.948972763593659,0.524612325826228,61,0.4620474968074012,0.5861924962078523,0.0,78,0.0,0.0,1275,1914,2844,DESCRIPTIVE_ONLY,DESCRIPTIVE_ONLY,DESCRIPTIVE_ONLY,DESCRIPTIVE_ONLY,DESCRIPTIVE_ONLY
evaluation,0,100_299,1_9,ALS_FM,78,1.21055501521899,78,0.9785522967228916,1.4650244927709684,0.844099735082084,78,0.742891002795106,0.9498914892897111,0.524612325826228,61,0.46328143159952107,0.5819830060369238,0.0,78,0.0,0.0,1275,1914,2844,DESCRIPTIVE_ONLY,DESCRIPTIVE_ONLY,DESCRIPTIVE_ONLY,DESCRIPTIVE_ONLY,DESCRIPTIVE_ONLY
evaluation,0,100_299,1_9,RIDGE,78,1.0843590811301156,78,0.7932136361349722,1.4221815245440765,0.7804725897547655,78,0.6810519040255723,0.8925288834749111,0.536231360274546,61,0.474781465416015,0.5940427406492362,0.0,78,0.0,0.0,1275,1914,2844,DESCRIPTIVE_ONLY,DESCRIPTIVE_ONLY,DESCRIPTIVE_ONLY,DESCRIPTIVE_ONLY,DESCRIPTIVE_ONLY
evaluation,0,100_299,1_9,GBT,78,1.0878164512143884,78,0.8100585717144722,1.4153005036469275,0.775671244200779,78,0.6714087297960092,0.8912309464519154,0.5460361070933852,61,0.48098979968420635,0.6063868313657691,0.0,78,0.0,0.0,1275,1914,2844,DESCRIPTIVE_ONLY,DESCRIPTIVE_ONLY,DESCRIPTIVE_ONLY,DESCRIPTIVE_ONLY,DESCRIPTIVE_ONLY
evaluation,0,100_299,10_49,ALS,78,1.317674163561121,78,0.9754428793784408,1.7004635969687953,0.8819947589890026,78,0.7739635917032746,1.0011500721127289,0.5,66,0.5,0.5,0.0,78,0.0,0.0,841,1944,2936,DESCRIPTIVE_ONLY,DESCRIPTIVE_ONLY,DESCRIPTIVE_ONLY,DESCRIPTIVE_ONLY,DESCRIPTIVE_ONLY
evaluation,0,100_299,10_49,FM,78,1.3307671276229742,78,1.0257155263279605,1.678150967340208,0.8930448007361783,78,0.7871673857767681,1.0150414920026838,0.5716887021970758,66,0.5155645475860974,0.6226351965815192,0.0,78,0.0,0.0,841,1944,2936,DESCRIPTIVE_ONLY,DESCRIPTIVE_ONLY,DESCRIPTIVE_ONLY,DESCRIPTIVE_ONLY,DESCRIPTIVE_ONLY
evaluation,0,100_299,10_49,ALS_FM,78,1.3307671276229742,78,1.0225435902898101,1.70822690850079,0.8930448007361783,78,0.7827383160607058,1.0095697842702875,0.5716887021970758,66,0.5172429945762094,0.6274500496077142,0.0,78,0.0,0.0,841,1944,2936,DESCRIPTIVE_ONLY,DESCRIPTIVE_ONLY,DESCRIPTIVE_ONLY,DESCRIPTIVE_ONLY,DESCRIPTIVE_ONLY
evaluation,0,100_299,10_49,RIDGE,78,1.2996568732634568,78,0.9847055743863254,1.675366957320859,0.881414753735279,78,0.7727332962032522,1.0010513402448278,0.5911021285429501,66,0.5346125919166625,0.6438630974905809,0.0,78,0.0,0.0,841,1944,2936,DESCRIPTIVE_ONLY,DESCRIPTIVE_ONLY,DESCRIPTIVE_ONLY,DESCRIPTIVE_ONLY,DESCRIPTIVE_ONLY
evaluation,0,100_299,10_49,GBT,78,1.2737724020331775,78,0.9467621323296614,1.6656392349310842,0.8603903566139274,78,0.7457978038267628,0.977806018597056,0.5829116276624166,66,0.5297171700928559,0.6350249990261663,0.0,78,0.0,0.0,841,1944,2936,DESCRIPTIVE_ONLY,DESCRIPTIVE_ONLY,DESCRIPTIVE_ONLY,DESCRIPTIVE_ONLY,DESCRIPTIVE_ONLY
evaluation,0,100_299,50_PLUS,ALS,84,1.1333018450363537,84,0.8987959477053895,1.3869456558597415,0.8180680695070864,84,0.7254757117447473,0.914823920390294,0.5,73,0.5,0.5,0.0,84,0.0,0.0,712,2786,4353,DESCRIPTIVE_ONLY,DESCRIPTIVE_ONLY,DESCRIPTIVE_ONLY,DESCRIPTIVE_ONLY,DESCRIPTIVE_ONLY
evaluation,0,100_299,50_PLUS,FM,84,1.1754529217178735,84,0.949438603135412,1.4298560371024298,0.827683768805674,84,0.7381892928414099,0.9210536847824787,0.5275092554287392,73,0.47891850694854576,0.5705503265872165,0.0,84,0.0,0.0,712,2786,4353,DESCRIPTIVE_ONLY,DESCRIPTIVE_ONLY,DESCRIPTIVE_ONLY,DESCRIPTIVE_ONLY,DESCRIPTIVE_ONLY
evaluation,0,100_299,50_PLUS,ALS_FM,84,1.1754529217178735,84,0.9422764252912039,1.4317358775247946,0.827683768805674,84,0.7385168154794892,0.9182146532737819,0.5275092554287392,73,0.4772080876701605,0.5741351263212507,0.0,84,0.0,0.0,712,2786,4353,DESCRIPTIVE_ONLY,DESCRIPTIVE_ONLY,DESCRIPTIVE_ONLY,DESCRIPTIVE_ONLY,DESCRIPTIVE_ONLY
evaluation,0,100_299,50_PLUS,RIDGE,84,1.130952674073504,84,0.9053743997210267,1.374421474712018,0.8236301771027644,84,0.7354103481063867,0.9210994010857482,0.5420215171162325,73,0.49463845413419144,0.5866194548383101,0.0,84,0.0,0.0,712,2786,4353,DESCRIPTIVE_ONLY,DESCRIPTIVE_ONLY,DESCRIPTIVE_ONLY,DESCRIPTIVE_ONLY,DESCRIPTIVE_ONLY
evaluation,0,100_299,50_PLUS,GBT,84,1.1258601773157357,84,0.88767274112511,1.3837433915517823,0.7993900007038423,84,0.712603477570853,0.8939943860084381,0.572747755808767,73,0.5341435346766814,0.6115780266401645,0.0,84,0.0,0.0,712,2786,4353,DESCRIPTIVE_ONLY,DESCRIPTIVE_ONLY,DESCRIPTIVE_ONLY,DESCRIPTIVE_ONLY,DESCRIPTIVE_ONLY
evaluation,0,300_PLUS,ALL,ALS,187,0.9785783600937491,187,0.8626315089928338,1.1096750168627494,0.76251212997998,187,0.7197347414051701,0.8102368319005195,0.5,185,0.5,0.5,0.0,187,0.0,0.0,13220,35174,60965,DESCRIPTIVE_ONLY,DESCRIPTIVE_ONLY,DESCRIPTIVE_ONLY,DESCRIPTIVE_ONLY,DESCRIPTIVE_ONLY
evaluation,0,300_PLUS,ALL,FM,187,0.9643855212872454,187,0.8661250123387622,1.0709906520278056,0.7660316919507226,187,0.7280165886712959,0.8036379872286974,0.5679470083038913,185,0.5475790954668339,0.586414414573906,0.0,187,0.0,0.0,13220,35174,60965,DESCRIPTIVE_ONLY,DESCRIPTIVE_ONLY,DESCRIPTIVE_ONLY,DESCRIPTIVE_ONLY,DESCRIPTIVE_ONLY
evaluation,0,300_PLUS,ALL,ALS_FM,187,0.9643855212872454,187,0.8688792476041293,1.073483650468221,0.7660316919507226,187,0.7306281521329672,0.8052180669641966,0.5679470083038913,185,0.5482621114917099,0.5877123104322135,0.0,187,0.0,0.0,13220,35174,60965,DESCRIPTIVE_ONLY,DESCRIPTIVE_ONLY,DESCRIPTIVE_ONLY,DESCRIPTIVE_ONLY,DESCRIPTIVE_ONLY
evaluation,0,300_PLUS,ALL,RIDGE,187,0.9576861899889982,187,0.8436609534905924,1.091492102761717,0.7546896456953046,187,0.7128246465163253,0.7973857760482245,0.5781991388123601,185,0.5571093422364738,0.5982683266911828,0.0,187,0.0,0.0,13220,35174,60965,DESCRIPTIVE_ONLY,DESCRIPTIVE_ONLY,DESCRIPTIVE_ONLY,DESCRIPTIVE_ONLY,DESCRIPTIVE_ONLY
evaluation,0,300_PLUS,ALL,GBT,187,0.9443292981402501,187,0.8313735996068922,1.0739476004752075,0.7390852784346977,187,0.6973447943871427,0.7849396443037021,0.5814765259499903,185,0.5617922100051879,0.600814642247957,0.0,187,0.0,0.0,13220,35174,60965,DESCRIPTIVE_ONLY,DESCRIPTIVE_ONLY,DESCRIPTIVE_ONLY,DESCRIPTIVE_ONLY,DESCRIPTIVE_ONLY
evaluation,0,300_PLUS,0,ALS,184,0.9977596861568737,184,0.8712198952079752,1.1514525946377376,0.7719875047080231,184,0.7250421679694293,0.8216903585988442,0.5,178,0.5,0.5,0.0,184,0.0,0.0,9391,21500,36844,DESCRIPTIVE_ONLY,DESCRIPTIVE_ONLY,DESCRIPTIVE_ONLY,DESCRIPTIVE_ONLY,DESCRIPTIVE_ONLY
evaluation,0,300_PLUS,0,FM,184,1.047013764978058,184,0.9313621443598648,1.1847479404932468,0.8045447162286072,184,0.763451851389938,0.850098515225097,0.5588785884762747,178,0.5365351550746312,0.5807110607405762,0.0,184,0.0,0.0,9391,21500,36844,DESCRIPTIVE_ONLY,DESCRIPTIVE_ONLY,DESCRIPTIVE_ONLY,DESCRIPTIVE_ONLY,DESCRIPTIVE_ONLY
evaluation,0,300_PLUS,0,ALS_FM,184,1.047013764978058,184,0.9353911027094822,1.176930919298169,0.8045447162286072,184,0.7619666791331096,0.8514737863425629,0.5588785884762747,178,0.5368821486750237,0.5805584220755585,0.0,184,0.0,0.0,9391,21500,36844,DESCRIPTIVE_ONLY,DESCRIPTIVE_ONLY,DESCRIPTIVE_ONLY,DESCRIPTIVE_ONLY,DESCRIPTIVE_ONLY
evaluation,0,300_PLUS,0,RIDGE,184,0.980824175811497,184,0.8573348566908343,1.126811462113613,0.7662159097831807,184,0.7207340784016824,0.8164324665527384,0.576584086857201,178,0.5557605821930958,0.596572069223614,0.0,184,0.0,0.0,9391,21500,36844,DESCRIPTIVE_ONLY,DESCRIPTIVE_ONLY,DESCRIPTIVE_ONLY,DESCRIPTIVE_ONLY,DESCRIPTIVE_ONLY
evaluation,0,300_PLUS,0,GBT,184,0.9755130039711676,184,0.8505158368252023,1.124933994156006,0.7560676190364705,184,0.7086261741793558,0.8043028660107323,0.574365937623443,178,0.5539203674436988,0.5939393631028818,0.0,184,0.0,0.0,9391,21500,36844,DESCRIPTIVE_ONLY,DESCRIPTIVE_ONLY,DESCRIPTIVE_ONLY,DESCRIPTIVE_ONLY,DESCRIPTIVE_ONLY
evaluation,0,300_PLUS,1_9,ALS,168,0.9841491529000531,168,0.8294052590587048,1.1627657884653193,0.7534556435446217,168,0.7001841709611677,0.8113253139569744,0.5,150,0.5,0.5,0.0,168,0.0,0.0,3126,7023,10143,DESCRIPTIVE_ONLY,DESCRIPTIVE_ONLY,DESCRIPTIVE_ONLY,DESCRIPTIVE_ONLY,DESCRIPTIVE_ONLY
evaluation,0,300_PLUS,1_9,FM,168,0.970864749681712,168,0.8537893978235238,1.1039030511229977,0.7714633734341525,168,0.726399430932532,0.822159171456417,0.5542580230432189,150,0.5253057806152588,0.5846676511871078,0.0,168,0.0,0.0,3126,7023,10143,DESCRIPTIVE_ONLY,DESCRIPTIVE_ONLY,DESCRIPTIVE_ONLY,DESCRIPTIVE_ONLY,DESCRIPTIVE_ONLY
evaluation,0,300_PLUS,1_9,ALS_FM,168,0.970864749681712,168,0.8558919371740275,1.1051579473605062,0.7714633734341525,168,0.72339801750297,0.8207969043200317,0.5542580230432189,150,0.5259165170786527,0.5828570265179194,0.0,168,0.0,0.0,3126,7023,10143,DESCRIPTIVE_ONLY,DESCRIPTIVE_ONLY,DESCRIPTIVE_ONLY,DESCRIPTIVE_ONLY,DESCRIPTIVE_ONLY
evaluation,0,300_PLUS,1_9,RIDGE,168,0.9564726147712022,168,0.8152971339360288,1.1249646435802267,0.743613313539918,168,0.6926902464468035,0.8037799554616134,0.5915439985078382,150,0.5607226662177243,0.6200644337532686,0.0,168,0.0,0.0,3126,7023,10143,DESCRIPTIVE_ONLY,DESCRIPTIVE_ONLY,DESCRIPTIVE_ONLY,DESCRIPTIVE_ONLY,DESCRIPTIVE_ONLY
evaluation,0,300_PLUS,1_9,GBT,168,0.9546047832266125,168,0.8079396412294765,1.1199367963227898,0.738829741546274,168,0.6841084411563533,0.7951870706318772,0.5816806658027047,150,0.5514957418955625,0.6104868269072311,0.0,168,0.0,0.0,3126,7023,10143,DESCRIPTIVE_ONLY,DESCRIPTIVE_ONLY,DESCRIPTIVE_ONLY,DESCRIPTIVE_ONLY,DESCRIPTIVE_ONLY
evaluation,0,300_PLUS,10_49,ALS,173,0.9481490349389041,173,0.8236177176901881,1.0820089007577878,0.7508559199874374,173,0.7006481113505426,0.8007034049856466,0.5,160,0.5,0.5,0.0,173,0.0,0.0,1390,4841,7405,DESCRIPTIVE_ONLY,DESCRIPTIVE_ONLY,DESCRIPTIVE_ONLY,DESCRIPTIVE_ONLY,DESCRIPTIVE_ONLY
evaluation,0,300_PLUS,10_49,FM,173,0.8748681872919423,173,0.7617681724199095,0.9969566605454399,0.7180449114742138,173,0.671744550291369,0.7662479131321452,0.5999646283491394,160,0.5704492088096359,0.6298728769779884,0.0,173,0.0,0.0,1390,4841,7405,DESCRIPTIVE_ONLY,DESCRIPTIVE_ONLY,DESCRIPTIVE_ONLY,DESCRIPTIVE_ONLY,DESCRIPTIVE_ONLY
evaluation,0,300_PLUS,10_49,ALS_FM,173,0.8748681872919423,173,0.7605479992366128,1.001652234220504,0.7180449114742138,173,0.6736925813389597,0.7659491270725843,0.5999646283491394,160,0.5706666709521323,0.6299550862766573,0.0,173,0.0,0.0,1390,4841,7405,DESCRIPTIVE_ONLY,DESCRIPTIVE_ONLY,DESCRIPTIVE_ONLY,DESCRIPTIVE_ONLY,DESCRIPTIVE_ONLY
evaluation,0,300_PLUS,10_49,RIDGE,173,0.9200361108749127,173,0.8022757887790527,1.0525604600015428,0.7394865669498606,173,0.6907283500132237,0.7927021122162794,0.6002289112251789,160,0.5691511703905462,0.6312565859324624,0.0,173,0.0,0.0,1390,4841,7405,DESCRIPTIVE_ONLY,DESCRIPTIVE_ONLY,DESCRIPTIVE_ONLY,DESCRIPTIVE_ONLY,DESCRIPTIVE_ONLY
evaluation,0,300_PLUS,10_49,GBT,173,0.8951114660987999,173,0.7743018696465114,1.033465888490693,0.7232537814195203,173,0.6768868750862067,0.7741513380219147,0.613024493816968,160,0.5853410804146506,0.6406167957930008,0.0,173,0.0,0.0,1390,4841,7405,DESCRIPTIVE_ONLY,DESCRIPTIVE_ONLY,DESCRIPTIVE_ONLY,DESCRIPTIVE_ONLY,DESCRIPTIVE_ONLY
evaluation,0,300_PLUS,50_PLUS,ALS,176,0.8379546051583154,176,0.7222026032294558,0.9704548924560725,0.7113776425960926,176,0.6630162045627629,0.7635172023717293,0.5,154,0.5,0.5,0.0,176,0.0,0.0,837,4123,6573,DESCRIPTIVE_ONLY,DESCRIPTIVE_ONLY,DESCRIPTIVE_ONLY,DESCRIPTIVE_ONLY,DESCRIPTIVE_ONLY
evaluation,0,300_PLUS,50_PLUS,FM,176,0.8269586264531632,176,0.7267650612060642,0.937907209661577,0.6997166730339551,176,0.6534027241435333,0.7460253839825054,0.5909910527768412,154,0.563092491195381,0.6205791202540775,0.0,176,0.0,0.0,837,4123,6573,DESCRIPTIVE_ONLY,DESCRIPTIVE_ONLY,DESCRIPTIVE_ONLY,DESCRIPTIVE_ONLY,DESCRIPTIVE_ONLY
evaluation,0,300_PLUS,50_PLUS,ALS_FM,176,0.8269586264531632,176,0.7268783681372698,0.9456737270146293,0.6997166730339551,176,0.654762278247152,0.7478238227100013,0.5909910527768412,154,0.5636047488370854,0.6203709104138907,0.0,176,0.0,0.0,837,4123,6573,DESCRIPTIVE_ONLY,DESCRIPTIVE_ONLY,DESCRIPTIVE_ONLY,DESCRIPTIVE_ONLY,DESCRIPTIVE_ONLY
evaluation,0,300_PLUS,50_PLUS,RIDGE,176,0.8242371485243499,176,0.7114306368506242,0.9360291415987738,0.7047623589132335,176,0.658818051862174,0.7573125767533261,0.5720908035013069,154,0.538956487970105,0.6047510231911996,0.0,176,0.0,0.0,837,4123,6573,DESCRIPTIVE_ONLY,DESCRIPTIVE_ONLY,DESCRIPTIVE_ONLY,DESCRIPTIVE_ONLY,DESCRIPTIVE_ONLY
evaluation,0,300_PLUS,50_PLUS,GBT,176,0.8080707558148084,176,0.6965224364098874,0.9353741395105614,0.6867061872721154,176,0.637226641979327,0.740217372669471,0.5662111075756222,154,0.5399243164862388,0.5950453883333185,0.0,176,0.0,0.0,837,4123,6573,DESCRIPTIVE_ONLY,DESCRIPTIVE_ONLY,DESCRIPTIVE_ONLY,DESCRIPTIVE_ONLY,DESCRIPTIVE_ONLY
evaluation,1,0,ALL,ALS,0,,0,,,,0,,,,0,,,,0,,,0,0,0,NO_DATA,NO_DATA,NO_DATA,NO_DATA,NO_DATA
evaluation,1,0,ALL,FM,0,,0,,,,0,,,,0,,,,0,,,0,0,0,NO_DATA,NO_DATA,NO_DATA,NO_DATA,NO_DATA
evaluation,1,0,ALL,ALS_FM,0,,0,,,,0,,,,0,,,,0,,,0,0,0,NO_DATA,NO_DATA,NO_DATA,NO_DATA,NO_DATA
evaluation,1,0,ALL,RIDGE,0,,0,,,,0,,,,0,,,,0,,,0,0,0,NO_DATA,NO_DATA,NO_DATA,NO_DATA,NO_DATA
evaluation,1,0,ALL,GBT,0,,0,,,,0,,,,0,,,,0,,,0,0,0,NO_DATA,NO_DATA,NO_DATA,NO_DATA,NO_DATA
evaluation,1,0,0,ALS,0,,0,,,,0,,,,0,,,,0,,,0,0,0,NO_DATA,NO_DATA,NO_DATA,NO_DATA,NO_DATA
evaluation,1,0,0,FM,0,,0,,,,0,,,,0,,,,0,,,0,0,0,NO_DATA,NO_DATA,NO_DATA,NO_DATA,NO_DATA
evaluation,1,0,0,ALS_FM,0,,0,,,,0,,,,0,,,,0,,,0,0,0,NO_DATA,NO_DATA,NO_DATA,NO_DATA,NO_DATA
evaluation,1,0,0,RIDGE,0,,0,,,,0,,,,0,,,,0,,,0,0,0,NO_DATA,NO_DATA,NO_DATA,NO_DATA,NO_DATA
evaluation,1,0,0,GBT,0,,0,,,,0,,,,0,,,,0,,,0,0,0,NO_DATA,NO_DATA,NO_DATA,NO_DATA,NO_DATA
evaluation,1,0,1_9,ALS,0,,0,,,,0,,,,0,,,,0,,,0,0,0,NO_DATA,NO_DATA,NO_DATA,NO_DATA,NO_DATA
evaluation,1,0,1_9,FM,0,,0,,,,0,,,,0,,,,0,,,0,0,0,NO_DATA,NO_DATA,NO_DATA,NO_DATA,NO_DATA
evaluation,1,0,1_9,ALS_FM,0,,0,,,,0,,,,0,,,,0,,,0,0,0,NO_DATA,NO_DATA,NO_DATA,NO_DATA,NO_DATA
evaluation,1,0,1_9,RIDGE,0,,0,,,,0,,,,0,,,,0,,,0,0,0,NO_DATA,NO_DATA,NO_DATA,NO_DATA,NO_DATA
evaluation,1,0,1_9,GBT,0,,0,,,,0,,,,0,,,,0,,,0,0,0,NO_DATA,NO_DATA,NO_DATA,NO_DATA,NO_DATA
evaluation,1,0,10_49,ALS,0,,0,,,,0,,,,0,,,,0,,,0,0,0,NO_DATA,NO_DATA,NO_DATA,NO_DATA,NO_DATA
evaluation,1,0,10_49,FM,0,,0,,,,0,,,,0,,,,0,,,0,0,0,NO_DATA,NO_DATA,NO_DATA,NO_DATA,NO_DATA
evaluation,1,0,10_49,ALS_FM,0,,0,,,,0,,,,0,,,,0,,,0,0,0,NO_DATA,NO_DATA,NO_DATA,NO_DATA,NO_DATA
evaluation,1,0,10_49,RIDGE,0,,0,,,,0,,,,0,,,,0,,,0,0,0,NO_DATA,NO_DATA,NO_DATA,NO_DATA,NO_DATA
evaluation,1,0,10_49,GBT,0,,0,,,,0,,,,0,,,,0,,,0,0,0,NO_DATA,NO_DATA,NO_DATA,NO_DATA,NO_DATA
evaluation,1,0,50_PLUS,ALS,0,,0,,,,0,,,,0,,,,0,,,0,0,0,NO_DATA,NO_DATA,NO_DATA,NO_DATA,NO_DATA
evaluation,1,0,50_PLUS,FM,0,,0,,,,0,,,,0,,,,0,,,0,0,0,NO_DATA,NO_DATA,NO_DATA,NO_DATA,NO_DATA
evaluation,1,0,50_PLUS,ALS_FM,0,,0,,,,0,,,,0,,,,0,,,0,0,0,NO_DATA,NO_DATA,NO_DATA,NO_DATA,NO_DATA
evaluation,1,0,50_PLUS,RIDGE,0,,0,,,,0,,,,0,,,,0,,,0,0,0,NO_DATA,NO_DATA,NO_DATA,NO_DATA,NO_DATA
evaluation,1,0,50_PLUS,GBT,0,,0,,,,0,,,,0,,,,0,,,0,0,0,NO_DATA,NO_DATA,NO_DATA,NO_DATA,NO_DATA
evaluation,1,1_9,ALL,ALS,0,,0,,,,0,,,,0,,,,0,,,0,0,0,NO_DATA,NO_DATA,NO_DATA,NO_DATA,NO_DATA
evaluation,1,1_9,ALL,FM,0,,0,,,,0,,,,0,,,,0,,,0,0,0,NO_DATA,NO_DATA,NO_DATA,NO_DATA,NO_DATA
evaluation,1,1_9,ALL,ALS_FM,0,,0,,,,0,,,,0,,,,0,,,0,0,0,NO_DATA,NO_DATA,NO_DATA,NO_DATA,NO_DATA
evaluation,1,1_9,ALL,RIDGE,0,,0,,,,0,,,,0,,,,0,,,0,0,0,NO_DATA,NO_DATA,NO_DATA,NO_DATA,NO_DATA
evaluation,1,1_9,ALL,GBT,0,,0,,,,0,,,,0,,,,0,,,0,0,0,NO_DATA,NO_DATA,NO_DATA,NO_DATA,NO_DATA
evaluation,1,1_9,0,ALS,0,,0,,,,0,,,,0,,,,0,,,0,0,0,NO_DATA,NO_DATA,NO_DATA,NO_DATA,NO_DATA
evaluation,1,1_9,0,FM,0,,0,,,,0,,,,0,,,,0,,,0,0,0,NO_DATA,NO_DATA,NO_DATA,NO_DATA,NO_DATA
evaluation,1,1_9,0,ALS_FM,0,,0,,,,0,,,,0,,,,0,,,0,0,0,NO_DATA,NO_DATA,NO_DATA,NO_DATA,NO_DATA
evaluation,1,1_9,0,RIDGE,0,,0,,,,0,,,,0,,,,0,,,0,0,0,NO_DATA,NO_DATA,NO_DATA,NO_DATA,NO_DATA
evaluation,1,1_9,0,GBT,0,,0,,,,0,,,,0,,,,0,,,0,0,0,NO_DATA,NO_DATA,NO_DATA,NO_DATA,NO_DATA
evaluation,1,1_9,1_9,ALS,0,,0,,,,0,,,,0,,,,0,,,0,0,0,NO_DATA,NO_DATA,NO_DATA,NO_DATA,NO_DATA
evaluation,1,1_9,1_9,FM,0,,0,,,,0,,,,0,,,,0,,,0,0,0,NO_DATA,NO_DATA,NO_DATA,NO_DATA,NO_DATA
evaluation,1,1_9,1_9,ALS_FM,0,,0,,,,0,,,,0,,,,0,,,0,0,0,NO_DATA,NO_DATA,NO_DATA,NO_DATA,NO_DATA
evaluation,1,1_9,1_9,RIDGE,0,,0,,,,0,,,,0,,,,0,,,0,0,0,NO_DATA,NO_DATA,NO_DATA,NO_DATA,NO_DATA
evaluation,1,1_9,1_9,GBT,0,,0,,,,0,,,,0,,,,0,,,0,0,0,NO_DATA,NO_DATA,NO_DATA,NO_DATA,NO_DATA
evaluation,1,1_9,10_49,ALS,0,,0,,,,0,,,,0,,,,0,,,0,0,0,NO_DATA,NO_DATA,NO_DATA,NO_DATA,NO_DATA
evaluation,1,1_9,10_49,FM,0,,0,,,,0,,,,0,,,,0,,,0,0,0,NO_DATA,NO_DATA,NO_DATA,NO_DATA,NO_DATA
evaluation,1,1_9,10_49,ALS_FM,0,,0,,,,0,,,,0,,,,0,,,0,0,0,NO_DATA,NO_DATA,NO_DATA,NO_DATA,NO_DATA
evaluation,1,1_9,10_49,RIDGE,0,,0,,,,0,,,,0,,,,0,,,0,0,0,NO_DATA,NO_DATA,NO_DATA,NO_DATA,NO_DATA
evaluation,1,1_9,10_49,GBT,0,,0,,,,0,,,,0,,,,0,,,0,0,0,NO_DATA,NO_DATA,NO_DATA,NO_DATA,NO_DATA
evaluation,1,1_9,50_PLUS,ALS,0,,0,,,,0,,,,0,,,,0,,,0,0,0,NO_DATA,NO_DATA,NO_DATA,NO_DATA,NO_DATA
evaluation,1,1_9,50_PLUS,FM,0,,0,,,,0,,,,0,,,,0,,,0,0,0,NO_DATA,NO_DATA,NO_DATA,NO_DATA,NO_DATA
evaluation,1,1_9,50_PLUS,ALS_FM,0,,0,,,,0,,,,0,,,,0,,,0,0,0,NO_DATA,NO_DATA,NO_DATA,NO_DATA,NO_DATA
evaluation,1,1_9,50_PLUS,RIDGE,0,,0,,,,0,,,,0,,,,0,,,0,0,0,NO_DATA,NO_DATA,NO_DATA,NO_DATA,NO_DATA
evaluation,1,1_9,50_PLUS,GBT,0,,0,,,,0,,,,0,,,,0,,,0,0,0,NO_DATA,NO_DATA,NO_DATA,NO_DATA,NO_DATA
evaluation,1,10_29,ALL,ALS,0,,0,,,,0,,,,0,,,,0,,,0,0,0,NO_DATA,NO_DATA,NO_DATA,NO_DATA,NO_DATA
evaluation,1,10_29,ALL,FM,0,,0,,,,0,,,,0,,,,0,,,0,0,0,NO_DATA,NO_DATA,NO_DATA,NO_DATA,NO_DATA
evaluation,1,10_29,ALL,ALS_FM,0,,0,,,,0,,,,0,,,,0,,,0,0,0,NO_DATA,NO_DATA,NO_DATA,NO_DATA,NO_DATA
evaluation,1,10_29,ALL,RIDGE,0,,0,,,,0,,,,0,,,,0,,,0,0,0,NO_DATA,NO_DATA,NO_DATA,NO_DATA,NO_DATA
evaluation,1,10_29,ALL,GBT,0,,0,,,,0,,,,0,,,,0,,,0,0,0,NO_DATA,NO_DATA,NO_DATA,NO_DATA,NO_DATA
evaluation,1,10_29,0,ALS,0,,0,,,,0,,,,0,,,,0,,,0,0,0,NO_DATA,NO_DATA,NO_DATA,NO_DATA,NO_DATA
evaluation,1,10_29,0,FM,0,,0,,,,0,,,,0,,,,0,,,0,0,0,NO_DATA,NO_DATA,NO_DATA,NO_DATA,NO_DATA
evaluation,1,10_29,0,ALS_FM,0,,0,,,,0,,,,0,,,,0,,,0,0,0,NO_DATA,NO_DATA,NO_DATA,NO_DATA,NO_DATA
evaluation,1,10_29,0,RIDGE,0,,0,,,,0,,,,0,,,,0,,,0,0,0,NO_DATA,NO_DATA,NO_DATA,NO_DATA,NO_DATA
evaluation,1,10_29,0,GBT,0,,0,,,,0,,,,0,,,,0,,,0,0,0,NO_DATA,NO_DATA,NO_DATA,NO_DATA,NO_DATA
evaluation,1,10_29,1_9,ALS,0,,0,,,,0,,,,0,,,,0,,,0,0,0,NO_DATA,NO_DATA,NO_DATA,NO_DATA,NO_DATA
evaluation,1,10_29,1_9,FM,0,,0,,,,0,,,,0,,,,0,,,0,0,0,NO_DATA,NO_DATA,NO_DATA,NO_DATA,NO_DATA
evaluation,1,10_29,1_9,ALS_FM,0,,0,,,,0,,,,0,,,,0,,,0,0,0,NO_DATA,NO_DATA,NO_DATA,NO_DATA,NO_DATA
evaluation,1,10_29,1_9,RIDGE,0,,0,,,,0,,,,0,,,,0,,,0,0,0,NO_DATA,NO_DATA,NO_DATA,NO_DATA,NO_DATA
evaluation,1,10_29,1_9,GBT,0,,0,,,,0,,,,0,,,,0,,,0,0,0,NO_DATA,NO_DATA,NO_DATA,NO_DATA,NO_DATA
evaluation,1,10_29,10_49,ALS,0,,0,,,,0,,,,0,,,,0,,,0,0,0,NO_DATA,NO_DATA,NO_DATA,NO_DATA,NO_DATA
evaluation,1,10_29,10_49,FM,0,,0,,,,0,,,,0,,,,0,,,0,0,0,NO_DATA,NO_DATA,NO_DATA,NO_DATA,NO_DATA
evaluation,1,10_29,10_49,ALS_FM,0,,0,,,,0,,,,0,,,,0,,,0,0,0,NO_DATA,NO_DATA,NO_DATA,NO_DATA,NO_DATA
evaluation,1,10_29,10_49,RIDGE,0,,0,,,,0,,,,0,,,,0,,,0,0,0,NO_DATA,NO_DATA,NO_DATA,NO_DATA,NO_DATA
evaluation,1,10_29,10_49,GBT,0,,0,,,,0,,,,0,,,,0,,,0,0,0,NO_DATA,NO_DATA,NO_DATA,NO_DATA,NO_DATA
evaluation,1,10_29,50_PLUS,ALS,0,,0,,,,0,,,,0,,,,0,,,0,0,0,NO_DATA,NO_DATA,NO_DATA,NO_DATA,NO_DATA
evaluation,1,10_29,50_PLUS,FM,0,,0,,,,0,,,,0,,,,0,,,0,0,0,NO_DATA,NO_DATA,NO_DATA,NO_DATA,NO_DATA
evaluation,1,10_29,50_PLUS,ALS_FM,0,,0,,,,0,,,,0,,,,0,,,0,0,0,NO_DATA,NO_DATA,NO_DATA,NO_DATA,NO_DATA
evaluation,1,10_29,50_PLUS,RIDGE,0,,0,,,,0,,,,0,,,,0,,,0,0,0,NO_DATA,NO_DATA,NO_DATA,NO_DATA,NO_DATA
evaluation,1,10_29,50_PLUS,GBT,0,,0,,,,0,,,,0,,,,0,,,0,0,0,NO_DATA,NO_DATA,NO_DATA,NO_DATA,NO_DATA
evaluation,1,30_99,ALL,ALS,24,1.80985309668445,24,,,1.0958838013884824,24,,,0.5486347492326867,24,,,0.4851871179304803,24,,,1699,2786,3824,UNDER_30_USERS,UNDER_30_USERS,UNDER_30_USERS,UNDER_30_USERS,UNDER_30_USERS
evaluation,1,30_99,ALL,FM,24,0.7560591462871096,24,,,0.6847493276668191,24,,,0.6203430557444194,24,,,0.4851871179304803,24,,,1699,2786,3824,UNDER_30_USERS,UNDER_30_USERS,UNDER_30_USERS,UNDER_30_USERS,UNDER_30_USERS
evaluation,1,30_99,ALL,ALS_FM,24,0.8244579347001623,24,,,0.7323274411256815,24,,,0.6334184999051238,24,,,0.4851871179304803,24,,,1699,2786,3824,UNDER_30_USERS,UNDER_30_USERS,UNDER_30_USERS,UNDER_30_USERS,UNDER_30_USERS
evaluation,1,30_99,ALL,RIDGE,24,0.7778271469547374,24,,,0.7025905294097763,24,,,0.6073827981584367,24,,,0.4851871179304803,24,,,1699,2786,3824,UNDER_30_USERS,UNDER_30_USERS,UNDER_30_USERS,UNDER_30_USERS,UNDER_30_USERS
evaluation,1,30_99,ALL,GBT,24,0.7710584963097187,24,,,0.693832515096994,24,,,0.5944090321931726,24,,,0.4851871179304803,24,,,1699,2786,3824,UNDER_30_USERS,UNDER_30_USERS,UNDER_30_USERS,UNDER_30_USERS,UNDER_30_USERS
evaluation,1,30_99,0,ALS,24,0.8640986629220228,24,,,0.7293744924330424,24,,,0.5,21,,,0.0,24,,,590,948,1384,UNDER_30_USERS,UNDER_30_USERS,UNDER_30_USERS,UNDER_30_USERS,UNDER_30_USERS
evaluation,1,30_99,0,FM,24,0.8531965406266635,24,,,0.7324374971476368,24,,,0.5282734606810711,21,,,0.0,24,,,590,948,1384,UNDER_30_USERS,UNDER_30_USERS,UNDER_30_USERS,UNDER_30_USERS,UNDER_30_USERS
evaluation,1,30_99,0,ALS_FM,24,0.8531965406266635,24,,,0.7324374971476368,24,,,0.5282734606810711,21,,,0.0,24,,,590,948,1384,UNDER_30_USERS,UNDER_30_USERS,UNDER_30_USERS,UNDER_30_USERS,UNDER_30_USERS
evaluation,1,30_99,0,RIDGE,24,0.835087329545091,24,,,0.7226735825004544,24,,,0.5574606851224656,21,,,0.0,24,,,590,948,1384,UNDER_30_USERS,UNDER_30_USERS,UNDER_30_USERS,UNDER_30_USERS,UNDER_30_USERS
evaluation,1,30_99,0,GBT,24,0.8331206018255743,24,,,0.7036157705700137,24,,,0.5092674840925552,21,,,0.0,24,,,590,948,1384,UNDER_30_USERS,UNDER_30_USERS,UNDER_30_USERS,UNDER_30_USERS,UNDER_30_USERS
evaluation,1,30_99,1_9,ALS,18,2.24364645092157,18,,,1.2791078908368598,18,,,0.5336327243273475,17,,,0.7037037037037037,18,,,323,364,435,UNDER_30_USERS,UNDER_30_USERS,UNDER_30_USERS,UNDER_30_USERS,UNDER_30_USERS
evaluation,1,30_99,1_9,FM,18,1.0130357334692017,18,,,0.7773125837237433,18,,,0.5899122444458588,17,,,0.7037037037037037,18,,,323,364,435,UNDER_30_USERS,UNDER_30_USERS,UNDER_30_USERS,UNDER_30_USERS,UNDER_30_USERS
evaluation,1,30_99,1_9,ALS_FM,18,0.9813713865303662,18,,,0.7748900875292706,18,,,0.6032263734006392,17,,,0.7037037037037037,18,,,323,364,435,UNDER_30_USERS,UNDER_30_USERS,UNDER_30_USERS,UNDER_30_USERS,UNDER_30_USERS
evaluation,1,30_99,1_9,RIDGE,18,1.07830395939059,18,,,0.809600098458299,18,,,0.5845713159776282,17,,,0.7037037037037037,18,,,323,364,435,UNDER_30_USERS,UNDER_30_USERS,UNDER_30_USERS,UNDER_30_USERS,UNDER_30_USERS
evaluation,1,30_99,1_9,GBT,18,1.075684583508571,18,,,0.8044734045635153,18,,,0.5024103094908527,17,,,0.7037037037037037,18,,,323,364,435,UNDER_30_USERS,UNDER_30_USERS,UNDER_30_USERS,UNDER_30_USERS,UNDER_30_USERS
evaluation,1,30_99,10_49,ALS,20,1.866593681595186,20,,,1.1651860824757572,20,,,0.5855403272619779,18,,,0.7333333333333333,20,,,427,610,767,UNDER_30_USERS,UNDER_30_USERS,UNDER_30_USERS,UNDER_30_USERS,UNDER_30_USERS
evaluation,1,30_99,10_49,FM,20,0.7181259677480331,20,,,0.6797392593371512,20,,,0.6283151386452583,18,,,0.7333333333333333,20,,,427,610,767,UNDER_30_USERS,UNDER_30_USERS,UNDER_30_USERS,UNDER_30_USERS,UNDER_30_USERS
evaluation,1,30_99,10_49,ALS_FM,20,0.7283518305138614,20,,,0.7035138982449416,20,,,0.6472065483072466,18,,,0.7333333333333333,20,,,427,610,767,UNDER_30_USERS,UNDER_30_USERS,UNDER_30_USERS,UNDER_30_USERS,UNDER_30_USERS
evaluation,1,30_99,10_49,RIDGE,20,0.7191451184437292,20,,,0.6844036027480319,20,,,0.6327769089079349,18,,,0.7333333333333333,20,,,427,610,767,UNDER_30_USERS,UNDER_30_USERS,UNDER_30_USERS,UNDER_30_USERS,UNDER_30_USERS
evaluation,1,30_99,10_49,GBT,20,0.6969472408740897,20,,,0.6704924631334306,20,,,0.607305032260326,18,,,0.7333333333333333,20,,,427,610,767,UNDER_30_USERS,UNDER_30_USERS,UNDER_30_USERS,UNDER_30_USERS,UNDER_30_USERS
evaluation,1,30_99,50_PLUS,ALS,24,2.2044071043100004,24,,,1.2612268763643601,24,,,0.6012918018911166,24,,,0.736111111111111,24,,,432,931,1238,UNDER_30_USERS,UNDER_30_USERS,UNDER_30_USERS,UNDER_30_USERS,UNDER_30_USERS
evaluation,1,30_99,50_PLUS,FM,24,0.672800056982198,24,,,0.6412221894593474,24,,,0.6563693504312101,24,,,0.736111111111111,24,,,432,931,1238,UNDER_30_USERS,UNDER_30_USERS,UNDER_30_USERS,UNDER_30_USERS,UNDER_30_USERS
evaluation,1,30_99,50_PLUS,ALS_FM,24,0.7937013062546711,24,,,0.722436136608931,24,,,0.6773620314394782,24,,,0.736111111111111,24,,,432,931,1238,UNDER_30_USERS,UNDER_30_USERS,UNDER_30_USERS,UNDER_30_USERS,UNDER_30_USERS
evaluation,1,30_99,50_PLUS,RIDGE,24,0.7357455714060616,24,,,0.6895815154071534,24,,,0.6032530218267969,24,,,0.736111111111111,24,,,432,931,1238,UNDER_30_USERS,UNDER_30_USERS,UNDER_30_USERS,UNDER_30_USERS,UNDER_30_USERS
evaluation,1,30_99,50_PLUS,GBT,24,0.7424439216766645,24,,,0.6892326687125155,24,,,0.6087774568345271,24,,,0.736111111111111,24,,,432,931,1238,UNDER_30_USERS,UNDER_30_USERS,UNDER_30_USERS,UNDER_30_USERS,UNDER_30_USERS
evaluation,1,100_299,ALL,ALS,89,1.9322378838552228,89,1.6658760553679015,2.2162221990001703,1.1101900151319084,89,1.024612581692604,1.1977825583170778,0.5312733243147153,85,0.5154374393176197,0.5489073141254969,0.4710412452664981,89,0.4029345779653895,0.53595762316867,4821,10366,17306,DESCRIPTIVE_ONLY,DESCRIPTIVE_ONLY,DESCRIPTIVE_ONLY,DESCRIPTIVE_ONLY,DESCRIPTIVE_ONLY
evaluation,1,100_299,ALL,FM,89,1.305484560424862,89,1.0472599332968067,1.6074086957601992,0.8557431572686046,89,0.7694564146844202,0.9514682125281164,0.5380559093433858,85,0.509023764423108,0.5658501181514162,0.4710412452664981,89,0.40708025088910416,0.5395753411869104,4821,10366,17306,DESCRIPTIVE_ONLY,DESCRIPTIVE_ONLY,DESCRIPTIVE_ONLY,DESCRIPTIVE_ONLY,DESCRIPTIVE_ONLY
evaluation,1,100_299,ALL,ALS_FM,89,1.2941107720314615,89,1.0538342708280677,1.5746645293262524,0.875367534903667,89,0.7998954205727146,0.9610791367478337,0.5512092391790444,85,0.5214233468965022,0.5791707855002115,0.4710412452664981,89,0.4048124991010641,0.5410774830939112,4821,10366,17306,DESCRIPTIVE_ONLY,DESCRIPTIVE_ONLY,DESCRIPTIVE_ONLY,DESCRIPTIVE_ONLY,DESCRIPTIVE_ONLY
evaluation,1,100_299,ALL,RIDGE,89,1.196049085301688,89,0.940935554654188,1.4902725921399314,0.8300766503086474,89,0.7476934422122706,0.9197242996712296,0.5531544817398529,85,0.5225116226139984,0.5818493164867644,0.4710412452664981,89,0.4027544744989117,0.5377953926710278,4821,10366,17306,DESCRIPTIVE_ONLY,DESCRIPTIVE_ONLY,DESCRIPTIVE_ONLY,DESCRIPTIVE_ONLY,DESCRIPTIVE_ONLY
evaluation,1,100_299,ALL,GBT,89,1.178594721429189,89,0.9412547964845819,1.4573919963352358,0.809861272135323,89,0.7297236014526386,0.9009429524742282,0.5372942454880241,85,0.5082712174497377,0.5653551930234305,0.4710412452664981,89,0.4056566458499495,0.5392419107803499,4821,10366,17306,DESCRIPTIVE_ONLY,DESCRIPTIVE_ONLY,DESCRIPTIVE_ONLY,DESCRIPTIVE_ONLY,DESCRIPTIVE_ONLY
evaluation,1,100_299,0,ALS,86,1.0885648016222367,86,0.8495428901213692,1.35360708499787,0.787699126066008,86,0.6983877268202321,0.8764291617069887,0.5,78,0.5,0.5,0.0,86,0.0,0.0,2529,4414,7173,DESCRIPTIVE_ONLY,DESCRIPTIVE_ONLY,DESCRIPTIVE_ONLY,DESCRIPTIVE_ONLY,DESCRIPTIVE_ONLY
evaluation,1,100_299,0,FM,86,1.2257331920028969,86,0.9766949581107681,1.4835927963622437,0.8412278378907583,86,0.7575646108690761,0.9349617759745117,0.5647268955568663,78,0.5224861723667127,0.6051328517442653,0.0,86,0.0,0.0,2529,4414,7173,DESCRIPTIVE_ONLY,DESCRIPTIVE_ONLY,DESCRIPTIVE_ONLY,DESCRIPTIVE_ONLY,DESCRIPTIVE_ONLY
evaluation,1,100_299,0,ALS_FM,86,1.2257331920028969,86,0.9908443819018998,1.5006391992450967,0.8412278378907583,86,0.7558708703445283,0.9326795741579529,0.5647268955568663,78,0.5219105156043032,0.6082067064700553,0.0,86,0.0,0.0,2529,4414,7173,DESCRIPTIVE_ONLY,DESCRIPTIVE_ONLY,DESCRIPTIVE_ONLY,DESCRIPTIVE_ONLY,DESCRIPTIVE_ONLY
evaluation,1,100_299,0,RIDGE,86,1.1171569126280596,86,0.8703293926014564,1.3964362535036206,0.8028384887699608,86,0.7191833857829689,0.8939650818076039,0.550134985165171,78,0.5012725974093661,0.5974180745350735,0.0,86,0.0,0.0,2529,4414,7173,DESCRIPTIVE_ONLY,DESCRIPTIVE_ONLY,DESCRIPTIVE_ONLY,DESCRIPTIVE_ONLY,DESCRIPTIVE_ONLY
evaluation,1,100_299,0,GBT,86,1.1119233530744501,86,0.87041641046246,1.3767941160079504,0.7874056540144085,86,0.7050907811600968,0.8763964319296242,0.5298741559247231,78,0.4912021789763418,0.5676615983585308,0.0,86,0.0,0.0,2529,4414,7173,DESCRIPTIVE_ONLY,DESCRIPTIVE_ONLY,DESCRIPTIVE_ONLY,DESCRIPTIVE_ONLY,DESCRIPTIVE_ONLY
evaluation,1,100_299,1_9,ALS,78,3.0476061423007788,78,2.5311756601918565,3.61518390038307,1.4650467138158276,78,1.3183507078263956,1.6219038851072172,0.5526714531669653,61,0.50750836700575,0.6013884421331213,0.7670940170940171,78,0.6666666666666666,0.8547008547008546,1275,1914,2844,DESCRIPTIVE_ONLY,DESCRIPTIVE_ONLY,DESCRIPTIVE_ONLY,DESCRIPTIVE_ONLY,DESCRIPTIVE_ONLY
evaluation,1,100_299,1_9,FM,78,1.2970135361190136,78,0.9913721887230116,1.6833771463780147,0.8476188900745584,78,0.7414544160074805,0.961326483254968,0.5129044128511704,61,0.45435347580217605,0.5694080371541104,0.7670940170940171,78,0.6709401709401709,0.8568910256410255,1275,1914,2844,DESCRIPTIVE_ONLY,DESCRIPTIVE_ONLY,DESCRIPTIVE_ONLY,DESCRIPTIVE_ONLY,DESCRIPTIVE_ONLY
evaluation,1,100_299,1_9,ALS_FM,78,1.3660454704932417,78,1.0521529796616995,1.7116936138881604,0.9172126512774161,78,0.8140100973181416,1.0285656603951858,0.5139666529677234,61,0.45632785033834977,0.5725331829819188,0.7670940170940171,78,0.6772970085470085,0.8589743589743589,1275,1914,2844,DESCRIPTIVE_ONLY,DESCRIPTIVE_ONLY,DESCRIPTIVE_ONLY,DESCRIPTIVE_ONLY,DESCRIPTIVE_ONLY
evaluation,1,100_299,1_9,RIDGE,78,1.0536861422633992,78,0.7766682164920692,1.402181194415817,0.761923948112423,78,0.6590750150401323,0.8697470138903395,0.5211959896250279,61,0.4616825328395106,0.5785011770060716,0.7670940170940171,78,0.6709401709401709,0.8525641025641025,1275,1914,2844,DESCRIPTIVE_ONLY,DESCRIPTIVE_ONLY,DESCRIPTIVE_ONLY,DESCRIPTIVE_ONLY,DESCRIPTIVE_ONLY
evaluation,1,100_299,1_9,GBT,78,1.0572072926523672,78,0.7701418460111177,1.383413212697071,0.7622804795974157,78,0.6581530695224762,0.8742841621201787,0.5450973367470334,61,0.48429886843776193,0.602556530461799,0.7670940170940171,78,0.6730235042735043,0.8568910256410255,1275,1914,2844,DESCRIPTIVE_ONLY,DESCRIPTIVE_ONLY,DESCRIPTIVE_ONLY,DESCRIPTIVE_ONLY,DESCRIPTIVE_ONLY
evaluation,1,100_299,10_49,ALS,78,2.42694171130768,78,1.9835013034077114,2.9287753747706495,1.30699153054729,78,1.17830608338076,1.4439461349705531,0.6091810504750637,66,0.5729336185998842,0.6485661071842603,0.75,78,0.6538461538461539,0.8461538461538461,841,1944,2936,DESCRIPTIVE_ONLY,DESCRIPTIVE_ONLY,DESCRIPTIVE_ONLY,DESCRIPTIVE_ONLY,DESCRIPTIVE_ONLY
evaluation,1,100_299,10_49,FM,78,1.315980359068835,78,0.9201576532892651,1.741401469500836,0.8438480152050588,78,0.72523075911941,0.9775001000177272,0.5757929077006796,66,0.5236856003492077,0.6277608229527873,0.75,78,0.6538461538461539,0.8461538461538461,841,1944,2936,DESCRIPTIVE_ONLY,DESCRIPTIVE_ONLY,DESCRIPTIVE_ONLY,DESCRIPTIVE_ONLY,DESCRIPTIVE_ONLY
evaluation,1,100_299,10_49,ALS_FM,78,1.2854987112616432,78,0.9460011844608573,1.6566493596737188,0.8684089265177332,78,0.7594711855882429,0.984877160594108,0.598178057102456,66,0.5448485498155192,0.6461732252043128,0.75,78,0.6538461538461539,0.8397435897435898,841,1944,2936,DESCRIPTIVE_ONLY,DESCRIPTIVE_ONLY,DESCRIPTIVE_ONLY,DESCRIPTIVE_ONLY,DESCRIPTIVE_ONLY
evaluation,1,100_299,10_49,RIDGE,78,1.2924067264909138,78,0.960626677950252,1.6637416788501098,0.8665142072251618,78,0.7554626189121337,0.9921381192957983,0.6121731630271315,66,0.558951721269884,0.6637609911707864,0.75,78,0.6538461538461539,0.8397435897435898,841,1944,2936,DESCRIPTIVE_ONLY,DESCRIPTIVE_ONLY,DESCRIPTIVE_ONLY,DESCRIPTIVE_ONLY,DESCRIPTIVE_ONLY
evaluation,1,100_299,10_49,GBT,78,1.226372409098693,78,0.8994792075741046,1.6232721813931836,0.8243124471189515,78,0.7049346487314087,0.9527066468189584,0.5910987203207458,66,0.5392345688657549,0.6407805043971212,0.75,78,0.6538461538461539,0.8461538461538461,841,1944,2936,DESCRIPTIVE_ONLY,DESCRIPTIVE_ONLY,DESCRIPTIVE_ONLY,DESCRIPTIVE_ONLY,DESCRIPTIVE_ONLY
evaluation,1,100_299,50_PLUS,ALS,84,2.371234260406009,84,1.9660786314695138,2.819939991026447,1.277644615691272,84,1.1514826655776174,1.4115826541164023,0.5463724979797493,73,0.5172944617643332,0.5758591531779127,0.7599206349206349,84,0.6646825396825398,0.8492063492063492,712,2786,4353,DESCRIPTIVE_ONLY,DESCRIPTIVE_ONLY,DESCRIPTIVE_ONLY,DESCRIPTIVE_ONLY,DESCRIPTIVE_ONLY
evaluation,1,100_299,50_PLUS,FM,84,1.3335673510136399,84,1.025839855299183,1.6828547446538589,0.8543527439725667,84,0.7559056778650505,0.9715525921073996,0.5385405828650142,73,0.48947788537883363,0.581582921884913,0.7599206349206349,84,0.6706349206349206,0.8452380952380952,712,2786,4353,DESCRIPTIVE_ONLY,DESCRIPTIVE_ONLY,DESCRIPTIVE_ONLY,DESCRIPTIVE_ONLY,DESCRIPTIVE_ONLY
evaluation,1,100_299,50_PLUS,ALS_FM,84,1.3346838489067234,84,1.0521172473536817,1.6481673485781763,0.891392962847992,84,0.7927780790239426,0.9937457558349431,0.553396109084468,73,0.5114151376740061,0.5954544223194094,0.7599206349206349,84,0.6626984126984127,0.8452380952380952,712,2786,4353,DESCRIPTIVE_ONLY,DESCRIPTIVE_ONLY,DESCRIPTIVE_ONLY,DESCRIPTIVE_ONLY,DESCRIPTIVE_ONLY
evaluation,1,100_299,50_PLUS,RIDGE,84,1.1294526475993918,84,0.8850332904031384,1.387213480675663,0.807278431217261,84,0.7154017216241689,0.903198380593401,0.5407363472943006,73,0.49348879086817027,0.5861925151397896,0.7599206349206349,84,0.6666666666666666,0.8452380952380952,712,2786,4353,DESCRIPTIVE_ONLY,DESCRIPTIVE_ONLY,DESCRIPTIVE_ONLY,DESCRIPTIVE_ONLY,DESCRIPTIVE_ONLY
evaluation,1,100_299,50_PLUS,GBT,84,1.1258364464933681,84,0.8770058640847924,1.399442993668627,0.7868824192208587,84,0.6919510636015107,0.8770536780330235,0.5501078127038171,73,0.5038951410288126,0.5974913808602428,0.7599206349206349,84,0.6666666666666666,0.8492063492063492,712,2786,4353,DESCRIPTIVE_ONLY,DESCRIPTIVE_ONLY,DESCRIPTIVE_ONLY,DESCRIPTIVE_ONLY,DESCRIPTIVE_ONLY
evaluation,1,300_PLUS,ALL,ALS,187,1.5985996308349548,187,1.3724591670097293,1.8763101921922474,0.9656030966271898,187,0.9054214899609061,1.0329613470232442,0.5109798525630135,185,0.4976375170552673,0.5246900789609997,0.30226401238750406,187,0.2610203645114574,0.3407962421309808,13220,35174,60965,DESCRIPTIVE_ONLY,DESCRIPTIVE_ONLY,DESCRIPTIVE_ONLY,DESCRIPTIVE_ONLY,DESCRIPTIVE_ONLY
evaluation,1,300_PLUS,ALL,FM,187,0.9752503491177957,187,0.8788049643148866,1.0833274855097956,0.7681751972326224,187,0.7308844507194041,0.8094688976832767,0.5659714200080912,185,0.5462010827256655,0.5841111533738791,0.30226401238750406,187,0.2612545769971247,0.3433061661848323,13220,35174,60965,DESCRIPTIVE_ONLY,DESCRIPTIVE_ONLY,DESCRIPTIVE_ONLY,DESCRIPTIVE_ONLY,DESCRIPTIVE_ONLY
evaluation,1,300_PLUS,ALL,ALS_FM,187,1.0023929531419846,187,0.8925654548984596,1.1286298140532913,0.781156176122574,187,0.7405274673774067,0.825857674427176,0.5672141054206893,185,0.5475075492417082,0.5851412571530173,0.30226401238750406,187,0.26100520490093915,0.34198874769309184,13220,35174,60965,DESCRIPTIVE_ONLY,DESCRIPTIVE_ONLY,DESCRIPTIVE_ONLY,DESCRIPTIVE_ONLY,DESCRIPTIVE_ONLY
evaluation,1,300_PLUS,ALL,RIDGE,187,0.9602549935907218,187,0.8425498502368055,1.0966371160452917,0.7496312418715707,187,0.7077232753565411,0.7961962722466623,0.5699277471000551,185,0.5493007270987544,0.5893057266528129,0.30226401238750406,187,0.2596557822078844,0.34196595652851325,13220,35174,60965,DESCRIPTIVE_ONLY,DESCRIPTIVE_ONLY,DESCRIPTIVE_ONLY,DESCRIPTIVE_ONLY,DESCRIPTIVE_ONLY
evaluation,1,300_PLUS,ALL,GBT,187,0.9154052151083363,187,0.8011168921963341,1.0480674132258123,0.7255752167484776,187,0.6861059293777813,0.7693895807891669,0.5746146430498353,185,0.5572546321895936,0.5934463059322288,0.30226401238750406,187,0.2608697253053644,0.3440828630280481,13220,35174,60965,DESCRIPTIVE_ONLY,DESCRIPTIVE_ONLY,DESCRIPTIVE_ONLY,DESCRIPTIVE_ONLY,DESCRIPTIVE_ONLY
evaluation,1,300_PLUS,0,ALS,184,0.9387233807988438,184,0.824395309920941,1.0733113455039522,0.742822070876763,184,0.700070495671807,0.7913237360353358,0.5,178,0.5,0.5,0.0,184,0.0,0.0,9391,21500,36844,DESCRIPTIVE_ONLY,DESCRIPTIVE_ONLY,DESCRIPTIVE_ONLY,DESCRIPTIVE_ONLY,DESCRIPTIVE_ONLY
evaluation,1,300_PLUS,0,FM,184,1.0231304199073044,184,0.914493474424024,1.1409870018386181,0.7911723946861259,184,0.7465405447415041,0.8384880311489978,0.5633506390667042,178,0.5425956045175818,0.5844583159622125,0.0,184,0.0,0.0,9391,21500,36844,DESCRIPTIVE_ONLY,DESCRIPTIVE_ONLY,DESCRIPTIVE_ONLY,DESCRIPTIVE_ONLY,DESCRIPTIVE_ONLY
evaluation,1,300_PLUS,0,ALS_FM,184,1.0231304199073044,184,0.9139965039148631,1.1382943910001995,0.7911723946861259,184,0.7495250844242446,0.8367461841191965,0.5633506390667042,178,0.5424441235728656,0.584608082447027,0.0,184,0.0,0.0,9391,21500,36844,DESCRIPTIVE_ONLY,DESCRIPTIVE_ONLY,DESCRIPTIVE_ONLY,DESCRIPTIVE_ONLY,DESCRIPTIVE_ONLY
evaluation,1,300_PLUS,0,RIDGE,184,0.9808136905997068,184,0.8547470032175402,1.1242157709868408,0.7604216419974176,184,0.7171321045407468,0.8063579094780202,0.5728870494379005,178,0.5539562011459829,0.5910017276853651,0.0,184,0.0,0.0,9391,21500,36844,DESCRIPTIVE_ONLY,DESCRIPTIVE_ONLY,DESCRIPTIVE_ONLY,DESCRIPTIVE_ONLY,DESCRIPTIVE_ONLY
evaluation,1,300_PLUS,0,GBT,184,0.9402345710755253,184,0.825674161550952,1.0836422300064268,0.7387877002430472,184,0.6929872036703704,0.7862652547798227,0.5691831420096288,178,0.5509716665845814,0.5877763329073782,0.0,184,0.0,0.0,9391,21500,36844,DESCRIPTIVE_ONLY,DESCRIPTIVE_ONLY,DESCRIPTIVE_ONLY,DESCRIPTIVE_ONLY,DESCRIPTIVE_ONLY
evaluation,1,300_PLUS,1_9,ALS,168,2.172093927844226,168,1.903351301205888,2.4545781800752335,1.178591248839031,168,1.0877140100276765,1.2754531231186736,0.5284046223699144,150,0.5018607095355959,0.5537401790508308,0.5803571428571429,168,0.5059523809523809,0.6517857142857143,3126,7023,10143,DESCRIPTIVE_ONLY,DESCRIPTIVE_ONLY,DESCRIPTIVE_ONLY,DESCRIPTIVE_ONLY,DESCRIPTIVE_ONLY
evaluation,1,300_PLUS,1_9,FM,168,0.9386299240087611,168,0.8314979178768342,1.0571291518871413,0.756973765395337,168,0.7114971476400251,0.8057603125206007,0.5494634029084974,150,0.5217808246116278,0.5780734764286122,0.5803571428571429,168,0.5059523809523809,0.6517857142857143,3126,7023,10143,DESCRIPTIVE_ONLY,DESCRIPTIVE_ONLY,DESCRIPTIVE_ONLY,DESCRIPTIVE_ONLY,DESCRIPTIVE_ONLY
evaluation,1,300_PLUS,1_9,ALS_FM,168,0.9422315260077484,168,0.8266650796832165,1.061041000548004,0.7650265068021758,168,0.7154830761829385,0.8175528716717292,0.5592283909314459,150,0.5314646346150491,0.5873262530685561,0.5803571428571429,168,0.5089285714285714,0.6518601190476186,3126,7023,10143,DESCRIPTIVE_ONLY,DESCRIPTIVE_ONLY,DESCRIPTIVE_ONLY,DESCRIPTIVE_ONLY,DESCRIPTIVE_ONLY
evaluation,1,300_PLUS,1_9,RIDGE,168,0.9647170885531309,168,0.8091587909168207,1.1431720144341053,0.741373213201667,168,0.6835874087354397,0.7992002261885364,0.5923023034381271,150,0.5620682266247089,0.6207867823551373,0.5803571428571429,168,0.5089285714285714,0.6547619047619048,3126,7023,10143,DESCRIPTIVE_ONLY,DESCRIPTIVE_ONLY,DESCRIPTIVE_ONLY,DESCRIPTIVE_ONLY,DESCRIPTIVE_ONLY
evaluation,1,300_PLUS,1_9,GBT,168,0.8923420605057473,168,0.7550138753230624,1.057415409918215,0.7107247473614814,168,0.6589008103251732,0.7682912775500982,0.5838662752628846,150,0.556194353444922,0.6127367586510516,0.5803571428571429,168,0.5119047619047619,0.6547619047619048,3126,7023,10143,DESCRIPTIVE_ONLY,DESCRIPTIVE_ONLY,DESCRIPTIVE_ONLY,DESCRIPTIVE_ONLY,DESCRIPTIVE_ONLY
evaluation,1,300_PLUS,10_49,ALS,173,1.8668128366278889,173,1.6168621098166256,2.1085569233525465,1.0947577538642757,173,1.0077397892863642,1.179740830781075,0.5774462040178795,160,0.5516877155246313,0.6010686267233104,0.5944123314065511,173,0.5278901734104046,0.6705202312138728,1390,4841,7405,DESCRIPTIVE_ONLY,DESCRIPTIVE_ONLY,DESCRIPTIVE_ONLY,DESCRIPTIVE_ONLY,DESCRIPTIVE_ONLY
evaluation,1,300_PLUS,10_49,FM,173,0.8928175947931062,173,0.7905802436936135,1.0052388286902632,0.7296395227290944,173,0.6844954637819428,0.7798367179759893,0.6013061890303499,160,0.570908551158617,0.6318620895181121,0.5944123314065511,173,0.523121387283237,0.6647398843930635,1390,4841,7405,DESCRIPTIVE_ONLY,DESCRIPTIVE_ONLY,DESCRIPTIVE_ONLY,DESCRIPTIVE_ONLY,DESCRIPTIVE_ONLY
evaluation,1,300_PLUS,10_49,ALS_FM,173,0.8884729461670807,173,0.7843689492602441,0.9964506081413144,0.7300991081096352,173,0.6841392531201148,0.7778462674964843,0.6094326697530885,160,0.5800626055104946,0.6394372523199967,0.5944123314065511,173,0.52502408477842,0.663776493256262,1390,4841,7405,DESCRIPTIVE_ONLY,DESCRIPTIVE_ONLY,DESCRIPTIVE_ONLY,DESCRIPTIVE_ONLY,DESCRIPTIVE_ONLY
evaluation,1,300_PLUS,10_49,RIDGE,173,0.9218528860638832,173,0.7939760559629382,1.0615064464739223,0.7345967697139674,173,0.6864573198948795,0.7861340099434792,0.5939172024187649,160,0.5601054770087447,0.6274459154810932,0.5944123314065511,173,0.5163776493256262,0.6647398843930635,1390,4841,7405,DESCRIPTIVE_ONLY,DESCRIPTIVE_ONLY,DESCRIPTIVE_ONLY,DESCRIPTIVE_ONLY,DESCRIPTIVE_ONLY
evaluation,1,300_PLUS,10_49,GBT,173,0.8510230018067656,173,0.7338657514458558,0.9754990188485892,0.7026679421587209,173,0.6564769275313711,0.7499672812549117,0.596624196742173,160,0.5678856935905157,0.62605571723397,0.5944123314065511,173,0.5173410404624278,0.661849710982659,1390,4841,7405,DESCRIPTIVE_ONLY,DESCRIPTIVE_ONLY,DESCRIPTIVE_ONLY,DESCRIPTIVE_ONLY,DESCRIPTIVE_ONLY
evaluation,1,300_PLUS,50_PLUS,ALS,176,1.9949234402118428,176,1.6815449785879135,2.3671713394460028,1.1306312577191155,176,1.0316148728664087,1.224159107871095,0.532334585447044,154,0.5087092587345127,0.555408476847674,0.5975378787878788,176,0.5274147727272728,0.6657196969696969,837,4123,6573,DESCRIPTIVE_ONLY,DESCRIPTIVE_ONLY,DESCRIPTIVE_ONLY,DESCRIPTIVE_ONLY,DESCRIPTIVE_ONLY
evaluation,1,300_PLUS,50_PLUS,FM,176,0.8612002782307158,176,0.7555812705190683,0.9794784751773687,0.7129625250964491,176,0.6637129648512954,0.7624574523727543,0.586446196935448,154,0.5555277182052665,0.6154969136584146,0.5975378787878788,176,0.5264914772727273,0.6657196969696969,837,4123,6573,DESCRIPTIVE_ONLY,DESCRIPTIVE_ONLY,DESCRIPTIVE_ONLY,DESCRIPTIVE_ONLY,DESCRIPTIVE_ONLY
evaluation,1,300_PLUS,50_PLUS,ALS_FM,176,0.9100656501271343,176,0.784256612474209,1.0536578855184286,0.7432578212098392,176,0.6918412484895476,0.8003526448003113,0.5959306223028282,154,0.5665073015484288,0.6253564596064057,0.5975378787878788,176,0.5245975378787878,0.668560606060606,837,4123,6573,DESCRIPTIVE_ONLY,DESCRIPTIVE_ONLY,DESCRIPTIVE_ONLY,DESCRIPTIVE_ONLY,DESCRIPTIVE_ONLY
evaluation,1,300_PLUS,50_PLUS,RIDGE,176,0.8156542793035926,176,0.6978636230049995,0.9469954596857048,0.6953189609482581,176,0.6457178647663379,0.7484966515903683,0.5568227196735284,154,0.5233284743466932,0.5888000042346315,0.5975378787878788,176,0.5265151515151515,0.6676373106060605,837,4123,6573,DESCRIPTIVE_ONLY,DESCRIPTIVE_ONLY,DESCRIPTIVE_ONLY,DESCRIPTIVE_ONLY,DESCRIPTIVE_ONLY
evaluation,1,300_PLUS,50_PLUS,GBT,176,0.78150543523092,176,0.6732057063777327,0.9027648968150243,0.6710771916396371,176,0.623458142289093,0.71958184904624,0.5765228303643399,154,0.5473640674179778,0.6046641186384766,0.5975378787878788,176,0.5255681818181818,0.668560606060606,837,4123,6573,DESCRIPTIVE_ONLY,DESCRIPTIVE_ONLY,DESCRIPTIVE_ONLY,DESCRIPTIVE_ONLY,DESCRIPTIVE_ONLY
evaluation,5,0,ALL,ALS,0,,0,,,,0,,,,0,,,,0,,,0,0,0,NO_DATA,NO_DATA,NO_DATA,NO_DATA,NO_DATA
evaluation,5,0,ALL,FM,0,,0,,,,0,,,,0,,,,0,,,0,0,0,NO_DATA,NO_DATA,NO_DATA,NO_DATA,NO_DATA
evaluation,5,0,ALL,ALS_FM,0,,0,,,,0,,,,0,,,,0,,,0,0,0,NO_DATA,NO_DATA,NO_DATA,NO_DATA,NO_DATA
evaluation,5,0,ALL,RIDGE,0,,0,,,,0,,,,0,,,,0,,,0,0,0,NO_DATA,NO_DATA,NO_DATA,NO_DATA,NO_DATA
evaluation,5,0,ALL,GBT,0,,0,,,,0,,,,0,,,,0,,,0,0,0,NO_DATA,NO_DATA,NO_DATA,NO_DATA,NO_DATA
evaluation,5,0,0,ALS,0,,0,,,,0,,,,0,,,,0,,,0,0,0,NO_DATA,NO_DATA,NO_DATA,NO_DATA,NO_DATA
evaluation,5,0,0,FM,0,,0,,,,0,,,,0,,,,0,,,0,0,0,NO_DATA,NO_DATA,NO_DATA,NO_DATA,NO_DATA
evaluation,5,0,0,ALS_FM,0,,0,,,,0,,,,0,,,,0,,,0,0,0,NO_DATA,NO_DATA,NO_DATA,NO_DATA,NO_DATA
evaluation,5,0,0,RIDGE,0,,0,,,,0,,,,0,,,,0,,,0,0,0,NO_DATA,NO_DATA,NO_DATA,NO_DATA,NO_DATA
evaluation,5,0,0,GBT,0,,0,,,,0,,,,0,,,,0,,,0,0,0,NO_DATA,NO_DATA,NO_DATA,NO_DATA,NO_DATA
evaluation,5,0,1_9,ALS,0,,0,,,,0,,,,0,,,,0,,,0,0,0,NO_DATA,NO_DATA,NO_DATA,NO_DATA,NO_DATA
evaluation,5,0,1_9,FM,0,,0,,,,0,,,,0,,,,0,,,0,0,0,NO_DATA,NO_DATA,NO_DATA,NO_DATA,NO_DATA
evaluation,5,0,1_9,ALS_FM,0,,0,,,,0,,,,0,,,,0,,,0,0,0,NO_DATA,NO_DATA,NO_DATA,NO_DATA,NO_DATA
evaluation,5,0,1_9,RIDGE,0,,0,,,,0,,,,0,,,,0,,,0,0,0,NO_DATA,NO_DATA,NO_DATA,NO_DATA,NO_DATA
evaluation,5,0,1_9,GBT,0,,0,,,,0,,,,0,,,,0,,,0,0,0,NO_DATA,NO_DATA,NO_DATA,NO_DATA,NO_DATA
evaluation,5,0,10_49,ALS,0,,0,,,,0,,,,0,,,,0,,,0,0,0,NO_DATA,NO_DATA,NO_DATA,NO_DATA,NO_DATA
evaluation,5,0,10_49,FM,0,,0,,,,0,,,,0,,,,0,,,0,0,0,NO_DATA,NO_DATA,NO_DATA,NO_DATA,NO_DATA
evaluation,5,0,10_49,ALS_FM,0,,0,,,,0,,,,0,,,,0,,,0,0,0,NO_DATA,NO_DATA,NO_DATA,NO_DATA,NO_DATA
evaluation,5,0,10_49,RIDGE,0,,0,,,,0,,,,0,,,,0,,,0,0,0,NO_DATA,NO_DATA,NO_DATA,NO_DATA,NO_DATA
evaluation,5,0,10_49,GBT,0,,0,,,,0,,,,0,,,,0,,,0,0,0,NO_DATA,NO_DATA,NO_DATA,NO_DATA,NO_DATA
evaluation,5,0,50_PLUS,ALS,0,,0,,,,0,,,,0,,,,0,,,0,0,0,NO_DATA,NO_DATA,NO_DATA,NO_DATA,NO_DATA
evaluation,5,0,50_PLUS,FM,0,,0,,,,0,,,,0,,,,0,,,0,0,0,NO_DATA,NO_DATA,NO_DATA,NO_DATA,NO_DATA
evaluation,5,0,50_PLUS,ALS_FM,0,,0,,,,0,,,,0,,,,0,,,0,0,0,NO_DATA,NO_DATA,NO_DATA,NO_DATA,NO_DATA
evaluation,5,0,50_PLUS,RIDGE,0,,0,,,,0,,,,0,,,,0,,,0,0,0,NO_DATA,NO_DATA,NO_DATA,NO_DATA,NO_DATA
evaluation,5,0,50_PLUS,GBT,0,,0,,,,0,,,,0,,,,0,,,0,0,0,NO_DATA,NO_DATA,NO_DATA,NO_DATA,NO_DATA
evaluation,5,1_9,ALL,ALS,0,,0,,,,0,,,,0,,,,0,,,0,0,0,NO_DATA,NO_DATA,NO_DATA,NO_DATA,NO_DATA
evaluation,5,1_9,ALL,FM,0,,0,,,,0,,,,0,,,,0,,,0,0,0,NO_DATA,NO_DATA,NO_DATA,NO_DATA,NO_DATA
evaluation,5,1_9,ALL,ALS_FM,0,,0,,,,0,,,,0,,,,0,,,0,0,0,NO_DATA,NO_DATA,NO_DATA,NO_DATA,NO_DATA
evaluation,5,1_9,ALL,RIDGE,0,,0,,,,0,,,,0,,,,0,,,0,0,0,NO_DATA,NO_DATA,NO_DATA,NO_DATA,NO_DATA
evaluation,5,1_9,ALL,GBT,0,,0,,,,0,,,,0,,,,0,,,0,0,0,NO_DATA,NO_DATA,NO_DATA,NO_DATA,NO_DATA
evaluation,5,1_9,0,ALS,0,,0,,,,0,,,,0,,,,0,,,0,0,0,NO_DATA,NO_DATA,NO_DATA,NO_DATA,NO_DATA
evaluation,5,1_9,0,FM,0,,0,,,,0,,,,0,,,,0,,,0,0,0,NO_DATA,NO_DATA,NO_DATA,NO_DATA,NO_DATA
evaluation,5,1_9,0,ALS_FM,0,,0,,,,0,,,,0,,,,0,,,0,0,0,NO_DATA,NO_DATA,NO_DATA,NO_DATA,NO_DATA
evaluation,5,1_9,0,RIDGE,0,,0,,,,0,,,,0,,,,0,,,0,0,0,NO_DATA,NO_DATA,NO_DATA,NO_DATA,NO_DATA
evaluation,5,1_9,0,GBT,0,,0,,,,0,,,,0,,,,0,,,0,0,0,NO_DATA,NO_DATA,NO_DATA,NO_DATA,NO_DATA
evaluation,5,1_9,1_9,ALS,0,,0,,,,0,,,,0,,,,0,,,0,0,0,NO_DATA,NO_DATA,NO_DATA,NO_DATA,NO_DATA
evaluation,5,1_9,1_9,FM,0,,0,,,,0,,,,0,,,,0,,,0,0,0,NO_DATA,NO_DATA,NO_DATA,NO_DATA,NO_DATA
evaluation,5,1_9,1_9,ALS_FM,0,,0,,,,0,,,,0,,,,0,,,0,0,0,NO_DATA,NO_DATA,NO_DATA,NO_DATA,NO_DATA
evaluation,5,1_9,1_9,RIDGE,0,,0,,,,0,,,,0,,,,0,,,0,0,0,NO_DATA,NO_DATA,NO_DATA,NO_DATA,NO_DATA
evaluation,5,1_9,1_9,GBT,0,,0,,,,0,,,,0,,,,0,,,0,0,0,NO_DATA,NO_DATA,NO_DATA,NO_DATA,NO_DATA
evaluation,5,1_9,10_49,ALS,0,,0,,,,0,,,,0,,,,0,,,0,0,0,NO_DATA,NO_DATA,NO_DATA,NO_DATA,NO_DATA
evaluation,5,1_9,10_49,FM,0,,0,,,,0,,,,0,,,,0,,,0,0,0,NO_DATA,NO_DATA,NO_DATA,NO_DATA,NO_DATA
evaluation,5,1_9,10_49,ALS_FM,0,,0,,,,0,,,,0,,,,0,,,0,0,0,NO_DATA,NO_DATA,NO_DATA,NO_DATA,NO_DATA
evaluation,5,1_9,10_49,RIDGE,0,,0,,,,0,,,,0,,,,0,,,0,0,0,NO_DATA,NO_DATA,NO_DATA,NO_DATA,NO_DATA
evaluation,5,1_9,10_49,GBT,0,,0,,,,0,,,,0,,,,0,,,0,0,0,NO_DATA,NO_DATA,NO_DATA,NO_DATA,NO_DATA
evaluation,5,1_9,50_PLUS,ALS,0,,0,,,,0,,,,0,,,,0,,,0,0,0,NO_DATA,NO_DATA,NO_DATA,NO_DATA,NO_DATA
evaluation,5,1_9,50_PLUS,FM,0,,0,,,,0,,,,0,,,,0,,,0,0,0,NO_DATA,NO_DATA,NO_DATA,NO_DATA,NO_DATA
evaluation,5,1_9,50_PLUS,ALS_FM,0,,0,,,,0,,,,0,,,,0,,,0,0,0,NO_DATA,NO_DATA,NO_DATA,NO_DATA,NO_DATA
evaluation,5,1_9,50_PLUS,RIDGE,0,,0,,,,0,,,,0,,,,0,,,0,0,0,NO_DATA,NO_DATA,NO_DATA,NO_DATA,NO_DATA
evaluation,5,1_9,50_PLUS,GBT,0,,0,,,,0,,,,0,,,,0,,,0,0,0,NO_DATA,NO_DATA,NO_DATA,NO_DATA,NO_DATA
evaluation,5,10_29,ALL,ALS,0,,0,,,,0,,,,0,,,,0,,,0,0,0,NO_DATA,NO_DATA,NO_DATA,NO_DATA,NO_DATA
evaluation,5,10_29,ALL,FM,0,,0,,,,0,,,,0,,,,0,,,0,0,0,NO_DATA,NO_DATA,NO_DATA,NO_DATA,NO_DATA
evaluation,5,10_29,ALL,ALS_FM,0,,0,,,,0,,,,0,,,,0,,,0,0,0,NO_DATA,NO_DATA,NO_DATA,NO_DATA,NO_DATA
evaluation,5,10_29,ALL,RIDGE,0,,0,,,,0,,,,0,,,,0,,,0,0,0,NO_DATA,NO_DATA,NO_DATA,NO_DATA,NO_DATA
evaluation,5,10_29,ALL,GBT,0,,0,,,,0,,,,0,,,,0,,,0,0,0,NO_DATA,NO_DATA,NO_DATA,NO_DATA,NO_DATA
evaluation,5,10_29,0,ALS,0,,0,,,,0,,,,0,,,,0,,,0,0,0,NO_DATA,NO_DATA,NO_DATA,NO_DATA,NO_DATA
evaluation,5,10_29,0,FM,0,,0,,,,0,,,,0,,,,0,,,0,0,0,NO_DATA,NO_DATA,NO_DATA,NO_DATA,NO_DATA
evaluation,5,10_29,0,ALS_FM,0,,0,,,,0,,,,0,,,,0,,,0,0,0,NO_DATA,NO_DATA,NO_DATA,NO_DATA,NO_DATA
evaluation,5,10_29,0,RIDGE,0,,0,,,,0,,,,0,,,,0,,,0,0,0,NO_DATA,NO_DATA,NO_DATA,NO_DATA,NO_DATA
evaluation,5,10_29,0,GBT,0,,0,,,,0,,,,0,,,,0,,,0,0,0,NO_DATA,NO_DATA,NO_DATA,NO_DATA,NO_DATA
evaluation,5,10_29,1_9,ALS,0,,0,,,,0,,,,0,,,,0,,,0,0,0,NO_DATA,NO_DATA,NO_DATA,NO_DATA,NO_DATA
evaluation,5,10_29,1_9,FM,0,,0,,,,0,,,,0,,,,0,,,0,0,0,NO_DATA,NO_DATA,NO_DATA,NO_DATA,NO_DATA
evaluation,5,10_29,1_9,ALS_FM,0,,0,,,,0,,,,0,,,,0,,,0,0,0,NO_DATA,NO_DATA,NO_DATA,NO_DATA,NO_DATA
evaluation,5,10_29,1_9,RIDGE,0,,0,,,,0,,,,0,,,,0,,,0,0,0,NO_DATA,NO_DATA,NO_DATA,NO_DATA,NO_DATA
evaluation,5,10_29,1_9,GBT,0,,0,,,,0,,,,0,,,,0,,,0,0,0,NO_DATA,NO_DATA,NO_DATA,NO_DATA,NO_DATA
evaluation,5,10_29,10_49,ALS,0,,0,,,,0,,,,0,,,,0,,,0,0,0,NO_DATA,NO_DATA,NO_DATA,NO_DATA,NO_DATA
evaluation,5,10_29,10_49,FM,0,,0,,,,0,,,,0,,,,0,,,0,0,0,NO_DATA,NO_DATA,NO_DATA,NO_DATA,NO_DATA
evaluation,5,10_29,10_49,ALS_FM,0,,0,,,,0,,,,0,,,,0,,,0,0,0,NO_DATA,NO_DATA,NO_DATA,NO_DATA,NO_DATA
evaluation,5,10_29,10_49,RIDGE,0,,0,,,,0,,,,0,,,,0,,,0,0,0,NO_DATA,NO_DATA,NO_DATA,NO_DATA,NO_DATA
evaluation,5,10_29,10_49,GBT,0,,0,,,,0,,,,0,,,,0,,,0,0,0,NO_DATA,NO_DATA,NO_DATA,NO_DATA,NO_DATA
evaluation,5,10_29,50_PLUS,ALS,0,,0,,,,0,,,,0,,,,0,,,0,0,0,NO_DATA,NO_DATA,NO_DATA,NO_DATA,NO_DATA
evaluation,5,10_29,50_PLUS,FM,0,,0,,,,0,,,,0,,,,0,,,0,0,0,NO_DATA,NO_DATA,NO_DATA,NO_DATA,NO_DATA
evaluation,5,10_29,50_PLUS,ALS_FM,0,,0,,,,0,,,,0,,,,0,,,0,0,0,NO_DATA,NO_DATA,NO_DATA,NO_DATA,NO_DATA
evaluation,5,10_29,50_PLUS,RIDGE,0,,0,,,,0,,,,0,,,,0,,,0,0,0,NO_DATA,NO_DATA,NO_DATA,NO_DATA,NO_DATA
evaluation,5,10_29,50_PLUS,GBT,0,,0,,,,0,,,,0,,,,0,,,0,0,0,NO_DATA,NO_DATA,NO_DATA,NO_DATA,NO_DATA
evaluation,5,30_99,ALL,ALS,24,1.0263789873004059,24,,,0.8053078538732326,24,,,0.5767330525904065,24,,,0.6659615416774651,24,,,1699,2786,3824,UNDER_30_USERS,UNDER_30_USERS,UNDER_30_USERS,UNDER_30_USERS,UNDER_30_USERS
evaluation,5,30_99,ALL,FM,24,0.7438064710894118,24,,,0.6659425910074424,24,,,0.6177719356192156,24,,,0.6659615416774651,24,,,1699,2786,3824,UNDER_30_USERS,UNDER_30_USERS,UNDER_30_USERS,UNDER_30_USERS,UNDER_30_USERS
evaluation,5,30_99,ALL,ALS_FM,24,0.7564945358695482,24,,,0.682328847357851,24,,,0.6260342926128106,24,,,0.6659615416774651,24,,,1699,2786,3824,UNDER_30_USERS,UNDER_30_USERS,UNDER_30_USERS,UNDER_30_USERS,UNDER_30_USERS
evaluation,5,30_99,ALL,RIDGE,24,0.7808029463561491,24,,,0.7045436204229713,24,,,0.6144787955837129,24,,,0.6659615416774651,24,,,1699,2786,3824,UNDER_30_USERS,UNDER_30_USERS,UNDER_30_USERS,UNDER_30_USERS,UNDER_30_USERS
evaluation,5,30_99,ALL,GBT,24,0.7599183196287251,24,,,0.6791066781537681,24,,,0.6031043296415267,24,,,0.6659615416774651,24,,,1699,2786,3824,UNDER_30_USERS,UNDER_30_USERS,UNDER_30_USERS,UNDER_30_USERS,UNDER_30_USERS
evaluation,5,30_99,0,ALS,24,0.8366463905815312,24,,,0.7050035474904321,24,,,0.5,21,,,0.0,24,,,590,948,1384,UNDER_30_USERS,UNDER_30_USERS,UNDER_30_USERS,UNDER_30_USERS,UNDER_30_USERS
evaluation,5,30_99,0,FM,24,0.8554588958805268,24,,,0.7241780424984534,24,,,0.49756077960137257,21,,,0.0,24,,,590,948,1384,UNDER_30_USERS,UNDER_30_USERS,UNDER_30_USERS,UNDER_30_USERS,UNDER_30_USERS
evaluation,5,30_99,0,ALS_FM,24,0.8554588958805268,24,,,0.7241780424984534,24,,,0.49756077960137257,21,,,0.0,24,,,590,948,1384,UNDER_30_USERS,UNDER_30_USERS,UNDER_30_USERS,UNDER_30_USERS,UNDER_30_USERS
evaluation,5,30_99,0,RIDGE,24,0.83647304608649,24,,,0.7249197905351886,24,,,0.549126166572101,21,,,0.0,24,,,590,948,1384,UNDER_30_USERS,UNDER_30_USERS,UNDER_30_USERS,UNDER_30_USERS,UNDER_30_USERS
evaluation,5,30_99,0,GBT,24,0.8288178840921362,24,,,0.700763995417976,24,,,0.5377037786031578,21,,,0.0,24,,,590,948,1384,UNDER_30_USERS,UNDER_30_USERS,UNDER_30_USERS,UNDER_30_USERS,UNDER_30_USERS
evaluation,5,30_99,1_9,ALS,18,1.6968710748100468,18,,,1.0360813898618424,18,,,0.5448174097232306,17,,,1.0,18,,,323,364,435,UNDER_30_USERS,UNDER_30_USERS,UNDER_30_USERS,UNDER_30_USERS,UNDER_30_USERS
evaluation,5,30_99,1_9,FM,18,1.0417041167070609,18,,,0.7869462051469498,18,,,0.5988548765925505,17,,,1.0,18,,,323,364,435,UNDER_30_USERS,UNDER_30_USERS,UNDER_30_USERS,UNDER_30_USERS,UNDER_30_USERS
evaluation,5,30_99,1_9,ALS_FM,18,1.0305695319439896,18,,,0.7965374607300284,18,,,0.6009607208608025,17,,,1.0,18,,,323,364,435,UNDER_30_USERS,UNDER_30_USERS,UNDER_30_USERS,UNDER_30_USERS,UNDER_30_USERS
evaluation,5,30_99,1_9,RIDGE,18,1.101094329558462,18,,,0.8214514082718982,18,,,0.5858122431425973,17,,,1.0,18,,,323,364,435,UNDER_30_USERS,UNDER_30_USERS,UNDER_30_USERS,UNDER_30_USERS,UNDER_30_USERS
evaluation,5,30_99,1_9,GBT,18,1.1050872889691856,18,,,0.8120607784634547,18,,,0.49467690720877233,17,,,1.0,18,,,323,364,435,UNDER_30_USERS,UNDER_30_USERS,UNDER_30_USERS,UNDER_30_USERS,UNDER_30_USERS
evaluation,5,30_99,10_49,ALS,20,1.1081863748281107,20,,,0.8492676379881002,20,,,0.64086155529687,18,,,1.0,20,,,427,610,767,UNDER_30_USERS,UNDER_30_USERS,UNDER_30_USERS,UNDER_30_USERS,UNDER_30_USERS
evaluation,5,30_99,10_49,FM,20,0.7271997294351834,20,,,0.6665434810122866,20,,,0.6580630587186314,18,,,1.0,20,,,427,610,767,UNDER_30_USERS,UNDER_30_USERS,UNDER_30_USERS,UNDER_30_USERS,UNDER_30_USERS
evaluation,5,30_99,10_49,ALS_FM,20,0.7391162994965496,20,,,0.6804362854860975,20,,,0.6704167404234374,18,,,1.0,20,,,427,610,767,UNDER_30_USERS,UNDER_30_USERS,UNDER_30_USERS,UNDER_30_USERS,UNDER_30_USERS
evaluation,5,30_99,10_49,RIDGE,20,0.7327619162380972,20,,,0.6920793290064922,20,,,0.6554396155657101,18,,,1.0,20,,,427,610,767,UNDER_30_USERS,UNDER_30_USERS,UNDER_30_USERS,UNDER_30_USERS,UNDER_30_USERS
evaluation,5,30_99,10_49,GBT,20,0.6975138412267283,20,,,0.6562526610515362,20,,,0.6074627992899314,18,,,1.0,20,,,427,610,767,UNDER_30_USERS,UNDER_30_USERS,UNDER_30_USERS,UNDER_30_USERS,UNDER_30_USERS
evaluation,5,30_99,50_PLUS,ALS,24,1.0870285534605462,24,,,0.8566794119257443,24,,,0.6310324777091193,24,,,1.0,24,,,432,931,1238,UNDER_30_USERS,UNDER_30_USERS,UNDER_30_USERS,UNDER_30_USERS,UNDER_30_USERS
evaluation,5,30_99,50_PLUS,FM,24,0.655434405278308,24,,,0.6217689239778049,24,,,0.6641540335980499,24,,,1.0,24,,,432,931,1238,UNDER_30_USERS,UNDER_30_USERS,UNDER_30_USERS,UNDER_30_USERS,UNDER_30_USERS
evaluation,5,30_99,50_PLUS,ALS_FM,24,0.6844983353242879,24,,,0.6502693569567525,24,,,0.673261825299272,24,,,1.0,24,,,432,931,1238,UNDER_30_USERS,UNDER_30_USERS,UNDER_30_USERS,UNDER_30_USERS,UNDER_30_USERS
evaluation,5,30_99,50_PLUS,RIDGE,24,0.7356096245339171,24,,,0.6900546697407036,24,,,0.6213035446099385,24,,,1.0,24,,,432,931,1238,UNDER_30_USERS,UNDER_30_USERS,UNDER_30_USERS,UNDER_30_USERS,UNDER_30_USERS
evaluation,5,30_99,50_PLUS,GBT,24,0.7228686229819447,24,,,0.6653310395075923,24,,,0.6319798965901162,24,,,1.0,24,,,432,931,1238,UNDER_30_USERS,UNDER_30_USERS,UNDER_30_USERS,UNDER_30_USERS,UNDER_30_USERS
evaluation,5,100_299,ALL,ALS,89,1.3407961767841636,89,1.1095751820289002,1.635715076919147,0.884607228625282,89,0.8057299337439756,0.9651829433896888,0.5267845040798756,85,0.5045791610934287,0.5495697386838341,0.6177701692176685,89,0.5807892821008099,0.6537132025315026,4821,10366,17306,DESCRIPTIVE_ONLY,DESCRIPTIVE_ONLY,DESCRIPTIVE_ONLY,DESCRIPTIVE_ONLY,DESCRIPTIVE_ONLY
evaluation,5,100_299,ALL,FM,89,1.1432085607937872,89,0.9521829942979332,1.3674008208011368,0.8150407336048597,89,0.7471245374307196,0.8905316982901118,0.5426882997212895,85,0.5138215417358448,0.5702210358971525,0.6177701692176685,89,0.580158347894597,0.6540389942003331,4821,10366,17306,DESCRIPTIVE_ONLY,DESCRIPTIVE_ONLY,DESCRIPTIVE_ONLY,DESCRIPTIVE_ONLY,DESCRIPTIVE_ONLY
evaluation,5,100_299,ALL,ALS_FM,89,1.1207034564290368,89,0.9235576857651017,1.3401850894182818,0.8142163739640138,89,0.744094848711116,0.8901859977272084,0.5433497439370688,85,0.5155175418226619,0.5689139902465954,0.6177701692176685,89,0.5820041646856758,0.6542119505572894,4821,10366,17306,DESCRIPTIVE_ONLY,DESCRIPTIVE_ONLY,DESCRIPTIVE_ONLY,DESCRIPTIVE_ONLY,DESCRIPTIVE_ONLY
evaluation,5,100_299,ALL,RIDGE,89,1.192265329661497,89,0.9475671431891542,1.475069747632884,0.828935091646929,89,0.746166367750433,0.9206936198257815,0.5553590247710196,85,0.5250537525077318,0.5852055071717956,0.6177701692176685,89,0.580035793095042,0.6515228851634525,4821,10366,17306,DESCRIPTIVE_ONLY,DESCRIPTIVE_ONLY,DESCRIPTIVE_ONLY,DESCRIPTIVE_ONLY,DESCRIPTIVE_ONLY
evaluation,5,100_299,ALL,GBT,89,1.1181134806278243,89,0.8931262563408446,1.3664559620805337,0.790002268119545,89,0.7119607029458581,0.8742019447979249,0.5567487703367542,85,0.5341103869300722,0.5802009088206019,0.6177701692176685,89,0.5811760075358887,0.6539513479911435,4821,10366,17306,DESCRIPTIVE_ONLY,DESCRIPTIVE_ONLY,DESCRIPTIVE_ONLY,DESCRIPTIVE_ONLY,DESCRIPTIVE_ONLY
evaluation,5,100_299,0,ALS,86,0.9896326998152328,86,0.7782429737868247,1.234591218941239,0.741279341924708,86,0.6592153186249498,0.8316586737635966,0.5,78,0.5,0.5,0.0,86,0.0,0.0,2529,4414,7173,DESCRIPTIVE_ONLY,DESCRIPTIVE_ONLY,DESCRIPTIVE_ONLY,DESCRIPTIVE_ONLY,DESCRIPTIVE_ONLY
evaluation,5,100_299,0,FM,86,1.0929577253478602,86,0.9034037587832746,1.3056010564486835,0.8147700738134086,86,0.7375354611812005,0.8942019133567632,0.5643939923185232,78,0.5240761604984528,0.6065491782379444,0.0,86,0.0,0.0,2529,4414,7173,DESCRIPTIVE_ONLY,DESCRIPTIVE_ONLY,DESCRIPTIVE_ONLY,DESCRIPTIVE_ONLY,DESCRIPTIVE_ONLY
evaluation,5,100_299,0,ALS_FM,86,1.0929577253478602,86,0.9040195349964004,1.309856370836446,0.8147700738134086,86,0.7420131315762688,0.8941320629696188,0.5643939923185232,78,0.5246005363288163,0.6056984495108263,0.0,86,0.0,0.0,2529,4414,7173,DESCRIPTIVE_ONLY,DESCRIPTIVE_ONLY,DESCRIPTIVE_ONLY,DESCRIPTIVE_ONLY,DESCRIPTIVE_ONLY
evaluation,5,100_299,0,RIDGE,86,1.1137159650195987,86,0.8764582862534838,1.4058862916593606,0.8032539304867946,86,0.7161786894170673,0.8971909696221424,0.5474423512141683,78,0.5007325268869661,0.5930726677264938,0.0,86,0.0,0.0,2529,4414,7173,DESCRIPTIVE_ONLY,DESCRIPTIVE_ONLY,DESCRIPTIVE_ONLY,DESCRIPTIVE_ONLY,DESCRIPTIVE_ONLY
evaluation,5,100_299,0,GBT,86,1.0336681104280785,86,0.8236797529536243,1.2879628061531863,0.7644380873834704,86,0.6856724291331412,0.8480994198518674,0.5547172244018687,78,0.5096128061090304,0.5983536477554741,0.0,86,0.0,0.0,2529,4414,7173,DESCRIPTIVE_ONLY,DESCRIPTIVE_ONLY,DESCRIPTIVE_ONLY,DESCRIPTIVE_ONLY,DESCRIPTIVE_ONLY
evaluation,5,100_299,1_9,ALS,78,2.0311297940292943,78,1.6504717366509396,2.5328236000240234,1.15638191915139,78,1.0429029119821176,1.2768100927298456,0.5633886813379282,61,0.5120674704146863,0.6118669286409979,1.0,78,1.0,1.0,1275,1914,2844,DESCRIPTIVE_ONLY,DESCRIPTIVE_ONLY,DESCRIPTIVE_ONLY,DESCRIPTIVE_ONLY,DESCRIPTIVE_ONLY
evaluation,5,100_299,1_9,FM,78,1.0709081639225302,78,0.8295499800127433,1.3386064191275389,0.7842849626490944,78,0.6950194494398308,0.8815081097610244,0.5160000324250867,61,0.45612511702091046,0.5736488152274231,1.0,78,1.0,1.0,1275,1914,2844,DESCRIPTIVE_ONLY,DESCRIPTIVE_ONLY,DESCRIPTIVE_ONLY,DESCRIPTIVE_ONLY,DESCRIPTIVE_ONLY
evaluation,5,100_299,1_9,ALS_FM,78,1.076146973799888,78,0.8420926595582034,1.3651469461473686,0.8123777570627572,78,0.7290177315683277,0.9073323879947822,0.5284411148795031,61,0.46605796824083623,0.5908503074951861,1.0,78,1.0,1.0,1275,1914,2844,DESCRIPTIVE_ONLY,DESCRIPTIVE_ONLY,DESCRIPTIVE_ONLY,DESCRIPTIVE_ONLY,DESCRIPTIVE_ONLY
evaluation,5,100_299,1_9,RIDGE,78,1.0510792491370402,78,0.7719200225202417,1.4247780490846058,0.7612683835295246,78,0.6613500682739821,0.8713856700476105,0.5329225169188607,61,0.4752719050073655,0.592858884975343,1.0,78,1.0,1.0,1275,1914,2844,DESCRIPTIVE_ONLY,DESCRIPTIVE_ONLY,DESCRIPTIVE_ONLY,DESCRIPTIVE_ONLY,DESCRIPTIVE_ONLY
evaluation,5,100_299,1_9,GBT,78,0.9953336321281512,78,0.7311569611179743,1.3082572633955984,0.736537991829981,78,0.6420464622066928,0.8432127972406304,0.56473185368856,61,0.5046759136863344,0.622832761745507,1.0,78,1.0,1.0,1275,1914,2844,DESCRIPTIVE_ONLY,DESCRIPTIVE_ONLY,DESCRIPTIVE_ONLY,DESCRIPTIVE_ONLY,DESCRIPTIVE_ONLY
evaluation,5,100_299,10_49,ALS,78,1.514458725649547,78,1.1501140699984396,1.9841492451702025,0.950384464478401,78,0.8443898014779675,1.0706782344877372,0.6161960580731802,66,0.5708837269182684,0.6621336783889639,1.0,78,1.0,1.0,841,1944,2936,DESCRIPTIVE_ONLY,DESCRIPTIVE_ONLY,DESCRIPTIVE_ONLY,DESCRIPTIVE_ONLY,DESCRIPTIVE_ONLY
evaluation,5,100_299,10_49,FM,78,1.1697887446323276,78,0.8586044848438035,1.5244799809588465,0.8114554077365108,78,0.7064054140746667,0.9291839156966833,0.5703637514003193,66,0.51538639062251,0.6223236926186234,1.0,78,1.0,1.0,841,1944,2936,DESCRIPTIVE_ONLY,DESCRIPTIVE_ONLY,DESCRIPTIVE_ONLY,DESCRIPTIVE_ONLY,DESCRIPTIVE_ONLY
evaluation,5,100_299,10_49,ALS_FM,78,1.1226104218530326,78,0.8110202816408933,1.468328026555677,0.8032311852603802,78,0.6997660104566138,0.9245269667773389,0.5990466161535507,66,0.5476927607158542,0.6464862589502514,1.0,78,1.0,1.0,841,1944,2936,DESCRIPTIVE_ONLY,DESCRIPTIVE_ONLY,DESCRIPTIVE_ONLY,DESCRIPTIVE_ONLY,DESCRIPTIVE_ONLY
evaluation,5,100_299,10_49,RIDGE,78,1.2887344773373848,78,0.9558678932820291,1.682213045816324,0.8658056111848381,78,0.7528577261904639,0.9922228113919498,0.6165383559745037,66,0.5603711041962827,0.6675139219553181,1.0,78,1.0,1.0,841,1944,2936,DESCRIPTIVE_ONLY,DESCRIPTIVE_ONLY,DESCRIPTIVE_ONLY,DESCRIPTIVE_ONLY,DESCRIPTIVE_ONLY
evaluation,5,100_299,10_49,GBT,78,1.1510081487753525,78,0.8534460257023554,1.4926320426973783,0.7978111076076073,78,0.6894007491227089,0.9222465051352214,0.562810820636422,66,0.5136022070370221,0.6121857830165537,1.0,78,1.0,1.0,841,1944,2936,DESCRIPTIVE_ONLY,DESCRIPTIVE_ONLY,DESCRIPTIVE_ONLY,DESCRIPTIVE_ONLY,DESCRIPTIVE_ONLY
evaluation,5,100_299,50_PLUS,ALS,84,1.4938592681942584,84,1.1257483559809238,1.9541728505620308,0.9272749918799186,84,0.8243739865068525,1.042226926711871,0.5646445288237668,73,0.5201824276103818,0.6100211819560555,1.0,84,1.0,1.0,712,2786,4353,DESCRIPTIVE_ONLY,DESCRIPTIVE_ONLY,DESCRIPTIVE_ONLY,DESCRIPTIVE_ONLY,DESCRIPTIVE_ONLY
evaluation,5,100_299,50_PLUS,FM,84,1.1242638574071635,84,0.8843265881633953,1.3962927591832222,0.7848886793154309,84,0.6931466475649257,0.8774391767406319,0.5437914611110272,73,0.5004974558885247,0.5844775976573564,1.0,84,1.0,1.0,712,2786,4353,DESCRIPTIVE_ONLY,DESCRIPTIVE_ONLY,DESCRIPTIVE_ONLY,DESCRIPTIVE_ONLY,DESCRIPTIVE_ONLY
evaluation,5,100_299,50_PLUS,ALS_FM,84,1.1038335925112959,84,0.8442041378961107,1.4022861848249468,0.7836657923268985,84,0.6996675262249429,0.8799496822780871,0.5492115757130632,73,0.507415212772078,0.5938785712340264,1.0,84,1.0,1.0,712,2786,4353,DESCRIPTIVE_ONLY,DESCRIPTIVE_ONLY,DESCRIPTIVE_ONLY,DESCRIPTIVE_ONLY,DESCRIPTIVE_ONLY
evaluation,5,100_299,50_PLUS,RIDGE,84,1.1188994924244238,84,0.8691792128390065,1.3918524940723926,0.803453638222321,84,0.7150233644597562,0.898090364414419,0.5437366173592552,73,0.5010261201731034,0.5851400951723053,1.0,84,1.0,1.0,712,2786,4353,DESCRIPTIVE_ONLY,DESCRIPTIVE_ONLY,DESCRIPTIVE_ONLY,DESCRIPTIVE_ONLY,DESCRIPTIVE_ONLY
evaluation,5,100_299,50_PLUS,GBT,84,1.0864484426397516,84,0.8445998995460251,1.3606815623365596,0.7722954899375191,84,0.6888701081942411,0.8650674531739386,0.5598856806060761,73,0.5147953594934077,0.6040836395541723,1.0,84,1.0,1.0,712,2786,4353,DESCRIPTIVE_ONLY,DESCRIPTIVE_ONLY,DESCRIPTIVE_ONLY,DESCRIPTIVE_ONLY,DESCRIPTIVE_ONLY
evaluation,5,300_PLUS,ALL,ALS,187,1.1409259243170617,187,1.0218845412945172,1.2764827032031099,0.8229001317128702,187,0.7786149526313189,0.8717290719601607,0.5335822186090612,185,0.5189526115185119,0.5489485307815569,0.45209655324805165,187,0.4209466654316657,0.485774990343972,13220,35174,60965,DESCRIPTIVE_ONLY,DESCRIPTIVE_ONLY,DESCRIPTIVE_ONLY,DESCRIPTIVE_ONLY,DESCRIPTIVE_ONLY
evaluation,5,300_PLUS,ALL,FM,187,0.8975545651778494,187,0.8055365859135741,1.0106695831844354,0.7325925974761432,187,0.6975328390694048,0.7702804361568732,0.5693499471805463,185,0.5494927570456607,0.5879690454658276,0.45209655324805165,187,0.420103165027828,0.48301918366193447,13220,35174,60965,DESCRIPTIVE_ONLY,DESCRIPTIVE_ONLY,DESCRIPTIVE_ONLY,DESCRIPTIVE_ONLY,DESCRIPTIVE_ONLY
evaluation,5,300_PLUS,ALL,ALS_FM,187,0.8824621288529467,187,0.7925111433615571,0.9860193114269459,0.7299840596262149,187,0.6947775337964743,0.7683803447427109,0.577058676298778,185,0.5567308267439643,0.595178301151485,0.45209655324805165,187,0.420452021131056,0.48484373048684626,13220,35174,60965,DESCRIPTIVE_ONLY,DESCRIPTIVE_ONLY,DESCRIPTIVE_ONLY,DESCRIPTIVE_ONLY,DESCRIPTIVE_ONLY
evaluation,5,300_PLUS,ALL,RIDGE,187,0.9601586163365274,187,0.8469396457508469,1.0984935136569947,0.7510978238566334,187,0.7063654965310131,0.8010727652933115,0.5770354514797731,185,0.5555898126465773,0.5963267843228485,0.45209655324805165,187,0.4209129265599189,0.4845530574969761,13220,35174,60965,DESCRIPTIVE_ONLY,DESCRIPTIVE_ONLY,DESCRIPTIVE_ONLY,DESCRIPTIVE_ONLY,DESCRIPTIVE_ONLY
evaluation,5,300_PLUS,ALL,GBT,187,0.8759241896622115,187,0.7656555978870162,0.9991212664067533,0.709046858578547,187,0.6703831456291011,0.7493439433309166,0.5701823583945672,185,0.5536202623170999,0.587415562740403,0.45209655324805165,187,0.42048268999054367,0.4857466048227563,13220,35174,60965,DESCRIPTIVE_ONLY,DESCRIPTIVE_ONLY,DESCRIPTIVE_ONLY,DESCRIPTIVE_ONLY,DESCRIPTIVE_ONLY
evaluation,5,300_PLUS,0,ALS,184,0.8676852307172114,184,0.7613471678127043,1.002295964080686,0.7097865555727721,184,0.6678617756837045,0.7559902201130945,0.5,178,0.5,0.5,0.0,184,0.0,0.0,9391,21500,36844,DESCRIPTIVE_ONLY,DESCRIPTIVE_ONLY,DESCRIPTIVE_ONLY,DESCRIPTIVE_ONLY,DESCRIPTIVE_ONLY
evaluation,5,300_PLUS,0,FM,184,0.9603479220274737,184,0.8511385387280374,1.0849589017819528,0.7629410136991727,184,0.7238482373881827,0.8082615271594029,0.5666840604471506,178,0.5445222912022776,0.5886675587163204,0.0,184,0.0,0.0,9391,21500,36844,DESCRIPTIVE_ONLY,DESCRIPTIVE_ONLY,DESCRIPTIVE_ONLY,DESCRIPTIVE_ONLY,DESCRIPTIVE_ONLY
evaluation,5,300_PLUS,0,ALS_FM,184,0.9603479220274737,184,0.8484115296226239,1.0912023103409538,0.7629410136991727,184,0.7229552257277129,0.8066025883901502,0.5666840604471506,178,0.5448169368951481,0.5885497153620696,0.0,184,0.0,0.0,9391,21500,36844,DESCRIPTIVE_ONLY,DESCRIPTIVE_ONLY,DESCRIPTIVE_ONLY,DESCRIPTIVE_ONLY,DESCRIPTIVE_ONLY
evaluation,5,300_PLUS,0,RIDGE,184,0.9825792180802629,184,0.856211369057961,1.1265224147888961,0.7622139219208072,184,0.7186177246525702,0.8137887252810613,0.5777193231366836,178,0.5586404813216929,0.5964852900555555,0.0,184,0.0,0.0,9391,21500,36844,DESCRIPTIVE_ONLY,DESCRIPTIVE_ONLY,DESCRIPTIVE_ONLY,DESCRIPTIVE_ONLY,DESCRIPTIVE_ONLY
evaluation,5,300_PLUS,0,GBT,184,0.8986621366535369,184,0.7793840495862387,1.0351412646142166,0.7211420733042637,184,0.6784517390363415,0.7700935594214746,0.5694455622901018,178,0.550281752220708,0.589169991497977,0.0,184,0.0,0.0,9391,21500,36844,DESCRIPTIVE_ONLY,DESCRIPTIVE_ONLY,DESCRIPTIVE_ONLY,DESCRIPTIVE_ONLY,DESCRIPTIVE_ONLY
evaluation,5,300_PLUS,1_9,ALS,168,1.679596127418249,168,1.5057556275682358,1.8680561170699745,1.038984871170165,168,0.9752967067801033,1.1000679779780567,0.5460007090880293,150,0.5149434237567312,0.5746113821830411,0.9444444444444444,168,0.9097222222222223,0.9732142857142857,3126,7023,10143,DESCRIPTIVE_ONLY,DESCRIPTIVE_ONLY,DESCRIPTIVE_ONLY,DESCRIPTIVE_ONLY,DESCRIPTIVE_ONLY
evaluation,5,300_PLUS,1_9,FM,168,0.8831193949487149,168,0.7821263079312223,0.994364578220954,0.7292876823179663,168,0.6836501351841423,0.7783584109772932,0.5483698081467814,150,0.5192279903483241,0.5756714312006795,0.9444444444444444,168,0.9117063492063492,0.9742063492063492,3126,7023,10143,DESCRIPTIVE_ONLY,DESCRIPTIVE_ONLY,DESCRIPTIVE_ONLY,DESCRIPTIVE_ONLY,DESCRIPTIVE_ONLY
evaluation,5,300_PLUS,1_9,ALS_FM,168,0.8378077024732521,168,0.7454922077393296,0.9349082672544496,0.7208254557940658,168,0.6798904368995305,0.7655998492726755,0.5711615070360269,150,0.5417152171845776,0.5986100577377907,0.9444444444444444,168,0.9117063492063493,0.9732142857142857,3126,7023,10143,DESCRIPTIVE_ONLY,DESCRIPTIVE_ONLY,DESCRIPTIVE_ONLY,DESCRIPTIVE_ONLY,DESCRIPTIVE_ONLY
evaluation,5,300_PLUS,1_9,RIDGE,168,0.9639307360598383,168,0.8151800033639616,1.1383023483935988,0.7424753367502195,168,0.6870860013420447,0.801706190328839,0.5912945095893071,150,0.5636050514557338,0.6203226591542566,0.9444444444444444,168,0.9087301587301588,0.9742063492063493,3126,7023,10143,DESCRIPTIVE_ONLY,DESCRIPTIVE_ONLY,DESCRIPTIVE_ONLY,DESCRIPTIVE_ONLY,DESCRIPTIVE_ONLY
evaluation,5,300_PLUS,1_9,GBT,168,0.8597256297539813,168,0.7349481969504241,1.014585455097723,0.6963839906690618,168,0.6479942169187257,0.7483971334412033,0.5708717311330789,150,0.5417860577780244,0.6005487162173357,0.9444444444444444,168,0.9116815476190476,0.9742063492063493,3126,7023,10143,DESCRIPTIVE_ONLY,DESCRIPTIVE_ONLY,DESCRIPTIVE_ONLY,DESCRIPTIVE_ONLY,DESCRIPTIVE_ONLY
evaluation,5,300_PLUS,10_49,ALS,173,1.2120170486291622,173,1.0563042137751546,1.3893292509958883,0.8569057322252356,173,0.7977863990568181,0.9218676624241133,0.6282015411880394,160,0.5974477998908254,0.6593069170025643,0.9441233140655105,173,0.9094412331406552,0.9720616570327553,1390,4841,7405,DESCRIPTIVE_ONLY,DESCRIPTIVE_ONLY,DESCRIPTIVE_ONLY,DESCRIPTIVE_ONLY,DESCRIPTIVE_ONLY
evaluation,5,300_PLUS,10_49,FM,173,0.8165709033552269,173,0.7186518475226358,0.9346136829796803,0.6867149271198254,173,0.6421316699765004,0.7322183028671411,0.6096539574571733,160,0.5813028300764367,0.6381923082279929,0.9441233140655105,173,0.9113680154142583,0.9720857418111752,1390,4841,7405,DESCRIPTIVE_ONLY,DESCRIPTIVE_ONLY,DESCRIPTIVE_ONLY,DESCRIPTIVE_ONLY,DESCRIPTIVE_ONLY
evaluation,5,300_PLUS,10_49,ALS_FM,173,0.7570553006139582,173,0.6689459097858009,0.8599024532044632,0.6619386899545394,173,0.6193429037750341,0.7053098631724215,0.6333592345407025,160,0.6019600696378229,0.664043155427267,0.9441233140655105,173,0.9123314065510598,0.9720616570327553,1390,4841,7405,DESCRIPTIVE_ONLY,DESCRIPTIVE_ONLY,DESCRIPTIVE_ONLY,DESCRIPTIVE_ONLY,DESCRIPTIVE_ONLY
evaluation,5,300_PLUS,10_49,RIDGE,173,0.9251949919712128,173,0.8069854438314942,1.0658124323514586,0.7382067553106325,173,0.6896040627949938,0.7904033399877397,0.5928664576093263,160,0.5592451592517,0.6247441378246233,0.9441233140655105,173,0.9123314065510596,0.9730250481695567,1390,4841,7405,DESCRIPTIVE_ONLY,DESCRIPTIVE_ONLY,DESCRIPTIVE_ONLY,DESCRIPTIVE_ONLY,DESCRIPTIVE_ONLY
evaluation,5,300_PLUS,10_49,GBT,173,0.806051720193633,173,0.7081932661376824,0.924955861723387,0.6862571904528726,173,0.6436799026436606,0.7330839430419519,0.596436596509304,160,0.568414992454522,0.6235686577110243,0.9441233140655105,173,0.9113439306358381,0.9739884393063584,1390,4841,7405,DESCRIPTIVE_ONLY,DESCRIPTIVE_ONLY,DESCRIPTIVE_ONLY,DESCRIPTIVE_ONLY,DESCRIPTIVE_ONLY
evaluation,5,300_PLUS,50_PLUS,ALS,176,1.2993177351073224,176,1.1368826190026688,1.4756537369257394,0.9109526886715222,176,0.8467825133310037,0.9833585897148468,0.5642608095310662,154,0.5321475688340802,0.5963810808044032,0.9450757575757575,176,0.9119318181818182,0.9725378787878789,837,4123,6573,DESCRIPTIVE_ONLY,DESCRIPTIVE_ONLY,DESCRIPTIVE_ONLY,DESCRIPTIVE_ONLY,DESCRIPTIVE_ONLY
evaluation,5,300_PLUS,50_PLUS,FM,176,0.7727319447158809,176,0.6782206334756661,0.869345986189038,0.6783868486896861,176,0.6326499194285657,0.7245565087439436,0.5933421684949348,154,0.5624683217934509,0.6236708423733336,0.9450757575757575,176,0.9119318181818182,0.9734848484848485,837,4123,6573,DESCRIPTIVE_ONLY,DESCRIPTIVE_ONLY,DESCRIPTIVE_ONLY,DESCRIPTIVE_ONLY,DESCRIPTIVE_ONLY
evaluation,5,300_PLUS,50_PLUS,ALS_FM,176,0.7566614058190129,176,0.6730041864989809,0.8487849931186712,0.6814853206447027,176,0.6377333925305515,0.7290902966729238,0.6062683774156788,154,0.5774076820663576,0.6354681173876321,0.9450757575757575,176,0.9119318181818182,0.9734848484848484,837,4123,6573,DESCRIPTIVE_ONLY,DESCRIPTIVE_ONLY,DESCRIPTIVE_ONLY,DESCRIPTIVE_ONLY,DESCRIPTIVE_ONLY
evaluation,5,300_PLUS,50_PLUS,RIDGE,176,0.8164249948001128,176,0.7032561816073802,0.9380139509849582,0.6980119958296492,176,0.6491245734193271,0.7495836232305934,0.5597935830399077,154,0.5253296626895955,0.5914987522204014,0.9450757575757575,176,0.9138020833333332,0.9725378787878788,837,4123,6573,DESCRIPTIVE_ONLY,DESCRIPTIVE_ONLY,DESCRIPTIVE_ONLY,DESCRIPTIVE_ONLY,DESCRIPTIVE_ONLY
evaluation,5,300_PLUS,50_PLUS,GBT,176,0.7470498855861792,176,0.6504251673276774,0.8550241572172583,0.6595858577183886,176,0.6161694594866481,0.7077680098981082,0.5570651242849092,154,0.5261611711660404,0.5867688887392649,0.9450757575757575,176,0.912878787878788,0.9725378787878789,837,4123,6573,DESCRIPTIVE_ONLY,DESCRIPTIVE_ONLY,DESCRIPTIVE_ONLY,DESCRIPTIVE_ONLY,DESCRIPTIVE_ONLY
evaluation,10,0,ALL,ALS,0,,0,,,,0,,,,0,,,,0,,,0,0,0,NO_DATA,NO_DATA,NO_DATA,NO_DATA,NO_DATA
evaluation,10,0,ALL,FM,0,,0,,,,0,,,,0,,,,0,,,0,0,0,NO_DATA,NO_DATA,NO_DATA,NO_DATA,NO_DATA
evaluation,10,0,ALL,ALS_FM,0,,0,,,,0,,,,0,,,,0,,,0,0,0,NO_DATA,NO_DATA,NO_DATA,NO_DATA,NO_DATA
evaluation,10,0,ALL,RIDGE,0,,0,,,,0,,,,0,,,,0,,,0,0,0,NO_DATA,NO_DATA,NO_DATA,NO_DATA,NO_DATA
evaluation,10,0,ALL,GBT,0,,0,,,,0,,,,0,,,,0,,,0,0,0,NO_DATA,NO_DATA,NO_DATA,NO_DATA,NO_DATA
evaluation,10,0,0,ALS,0,,0,,,,0,,,,0,,,,0,,,0,0,0,NO_DATA,NO_DATA,NO_DATA,NO_DATA,NO_DATA
evaluation,10,0,0,FM,0,,0,,,,0,,,,0,,,,0,,,0,0,0,NO_DATA,NO_DATA,NO_DATA,NO_DATA,NO_DATA
evaluation,10,0,0,ALS_FM,0,,0,,,,0,,,,0,,,,0,,,0,0,0,NO_DATA,NO_DATA,NO_DATA,NO_DATA,NO_DATA
evaluation,10,0,0,RIDGE,0,,0,,,,0,,,,0,,,,0,,,0,0,0,NO_DATA,NO_DATA,NO_DATA,NO_DATA,NO_DATA
evaluation,10,0,0,GBT,0,,0,,,,0,,,,0,,,,0,,,0,0,0,NO_DATA,NO_DATA,NO_DATA,NO_DATA,NO_DATA
evaluation,10,0,1_9,ALS,0,,0,,,,0,,,,0,,,,0,,,0,0,0,NO_DATA,NO_DATA,NO_DATA,NO_DATA,NO_DATA
evaluation,10,0,1_9,FM,0,,0,,,,0,,,,0,,,,0,,,0,0,0,NO_DATA,NO_DATA,NO_DATA,NO_DATA,NO_DATA
evaluation,10,0,1_9,ALS_FM,0,,0,,,,0,,,,0,,,,0,,,0,0,0,NO_DATA,NO_DATA,NO_DATA,NO_DATA,NO_DATA
evaluation,10,0,1_9,RIDGE,0,,0,,,,0,,,,0,,,,0,,,0,0,0,NO_DATA,NO_DATA,NO_DATA,NO_DATA,NO_DATA
evaluation,10,0,1_9,GBT,0,,0,,,,0,,,,0,,,,0,,,0,0,0,NO_DATA,NO_DATA,NO_DATA,NO_DATA,NO_DATA
evaluation,10,0,10_49,ALS,0,,0,,,,0,,,,0,,,,0,,,0,0,0,NO_DATA,NO_DATA,NO_DATA,NO_DATA,NO_DATA
evaluation,10,0,10_49,FM,0,,0,,,,0,,,,0,,,,0,,,0,0,0,NO_DATA,NO_DATA,NO_DATA,NO_DATA,NO_DATA
evaluation,10,0,10_49,ALS_FM,0,,0,,,,0,,,,0,,,,0,,,0,0,0,NO_DATA,NO_DATA,NO_DATA,NO_DATA,NO_DATA
evaluation,10,0,10_49,RIDGE,0,,0,,,,0,,,,0,,,,0,,,0,0,0,NO_DATA,NO_DATA,NO_DATA,NO_DATA,NO_DATA
evaluation,10,0,10_49,GBT,0,,0,,,,0,,,,0,,,,0,,,0,0,0,NO_DATA,NO_DATA,NO_DATA,NO_DATA,NO_DATA
evaluation,10,0,50_PLUS,ALS,0,,0,,,,0,,,,0,,,,0,,,0,0,0,NO_DATA,NO_DATA,NO_DATA,NO_DATA,NO_DATA
evaluation,10,0,50_PLUS,FM,0,,0,,,,0,,,,0,,,,0,,,0,0,0,NO_DATA,NO_DATA,NO_DATA,NO_DATA,NO_DATA
evaluation,10,0,50_PLUS,ALS_FM,0,,0,,,,0,,,,0,,,,0,,,0,0,0,NO_DATA,NO_DATA,NO_DATA,NO_DATA,NO_DATA
evaluation,10,0,50_PLUS,RIDGE,0,,0,,,,0,,,,0,,,,0,,,0,0,0,NO_DATA,NO_DATA,NO_DATA,NO_DATA,NO_DATA
evaluation,10,0,50_PLUS,GBT,0,,0,,,,0,,,,0,,,,0,,,0,0,0,NO_DATA,NO_DATA,NO_DATA,NO_DATA,NO_DATA
evaluation,10,1_9,ALL,ALS,0,,0,,,,0,,,,0,,,,0,,,0,0,0,NO_DATA,NO_DATA,NO_DATA,NO_DATA,NO_DATA
evaluation,10,1_9,ALL,FM,0,,0,,,,0,,,,0,,,,0,,,0,0,0,NO_DATA,NO_DATA,NO_DATA,NO_DATA,NO_DATA
evaluation,10,1_9,ALL,ALS_FM,0,,0,,,,0,,,,0,,,,0,,,0,0,0,NO_DATA,NO_DATA,NO_DATA,NO_DATA,NO_DATA
evaluation,10,1_9,ALL,RIDGE,0,,0,,,,0,,,,0,,,,0,,,0,0,0,NO_DATA,NO_DATA,NO_DATA,NO_DATA,NO_DATA
evaluation,10,1_9,ALL,GBT,0,,0,,,,0,,,,0,,,,0,,,0,0,0,NO_DATA,NO_DATA,NO_DATA,NO_DATA,NO_DATA
evaluation,10,1_9,0,ALS,0,,0,,,,0,,,,0,,,,0,,,0,0,0,NO_DATA,NO_DATA,NO_DATA,NO_DATA,NO_DATA
evaluation,10,1_9,0,FM,0,,0,,,,0,,,,0,,,,0,,,0,0,0,NO_DATA,NO_DATA,NO_DATA,NO_DATA,NO_DATA
evaluation,10,1_9,0,ALS_FM,0,,0,,,,0,,,,0,,,,0,,,0,0,0,NO_DATA,NO_DATA,NO_DATA,NO_DATA,NO_DATA
evaluation,10,1_9,0,RIDGE,0,,0,,,,0,,,,0,,,,0,,,0,0,0,NO_DATA,NO_DATA,NO_DATA,NO_DATA,NO_DATA
evaluation,10,1_9,0,GBT,0,,0,,,,0,,,,0,,,,0,,,0,0,0,NO_DATA,NO_DATA,NO_DATA,NO_DATA,NO_DATA
evaluation,10,1_9,1_9,ALS,0,,0,,,,0,,,,0,,,,0,,,0,0,0,NO_DATA,NO_DATA,NO_DATA,NO_DATA,NO_DATA
evaluation,10,1_9,1_9,FM,0,,0,,,,0,,,,0,,,,0,,,0,0,0,NO_DATA,NO_DATA,NO_DATA,NO_DATA,NO_DATA
evaluation,10,1_9,1_9,ALS_FM,0,,0,,,,0,,,,0,,,,0,,,0,0,0,NO_DATA,NO_DATA,NO_DATA,NO_DATA,NO_DATA
evaluation,10,1_9,1_9,RIDGE,0,,0,,,,0,,,,0,,,,0,,,0,0,0,NO_DATA,NO_DATA,NO_DATA,NO_DATA,NO_DATA
evaluation,10,1_9,1_9,GBT,0,,0,,,,0,,,,0,,,,0,,,0,0,0,NO_DATA,NO_DATA,NO_DATA,NO_DATA,NO_DATA
evaluation,10,1_9,10_49,ALS,0,,0,,,,0,,,,0,,,,0,,,0,0,0,NO_DATA,NO_DATA,NO_DATA,NO_DATA,NO_DATA
evaluation,10,1_9,10_49,FM,0,,0,,,,0,,,,0,,,,0,,,0,0,0,NO_DATA,NO_DATA,NO_DATA,NO_DATA,NO_DATA
evaluation,10,1_9,10_49,ALS_FM,0,,0,,,,0,,,,0,,,,0,,,0,0,0,NO_DATA,NO_DATA,NO_DATA,NO_DATA,NO_DATA
evaluation,10,1_9,10_49,RIDGE,0,,0,,,,0,,,,0,,,,0,,,0,0,0,NO_DATA,NO_DATA,NO_DATA,NO_DATA,NO_DATA
evaluation,10,1_9,10_49,GBT,0,,0,,,,0,,,,0,,,,0,,,0,0,0,NO_DATA,NO_DATA,NO_DATA,NO_DATA,NO_DATA
evaluation,10,1_9,50_PLUS,ALS,0,,0,,,,0,,,,0,,,,0,,,0,0,0,NO_DATA,NO_DATA,NO_DATA,NO_DATA,NO_DATA
evaluation,10,1_9,50_PLUS,FM,0,,0,,,,0,,,,0,,,,0,,,0,0,0,NO_DATA,NO_DATA,NO_DATA,NO_DATA,NO_DATA
evaluation,10,1_9,50_PLUS,ALS_FM,0,,0,,,,0,,,,0,,,,0,,,0,0,0,NO_DATA,NO_DATA,NO_DATA,NO_DATA,NO_DATA
evaluation,10,1_9,50_PLUS,RIDGE,0,,0,,,,0,,,,0,,,,0,,,0,0,0,NO_DATA,NO_DATA,NO_DATA,NO_DATA,NO_DATA
evaluation,10,1_9,50_PLUS,GBT,0,,0,,,,0,,,,0,,,,0,,,0,0,0,NO_DATA,NO_DATA,NO_DATA,NO_DATA,NO_DATA
evaluation,10,10_29,ALL,ALS,0,,0,,,,0,,,,0,,,,0,,,0,0,0,NO_DATA,NO_DATA,NO_DATA,NO_DATA,NO_DATA
evaluation,10,10_29,ALL,FM,0,,0,,,,0,,,,0,,,,0,,,0,0,0,NO_DATA,NO_DATA,NO_DATA,NO_DATA,NO_DATA
evaluation,10,10_29,ALL,ALS_FM,0,,0,,,,0,,,,0,,,,0,,,0,0,0,NO_DATA,NO_DATA,NO_DATA,NO_DATA,NO_DATA
evaluation,10,10_29,ALL,RIDGE,0,,0,,,,0,,,,0,,,,0,,,0,0,0,NO_DATA,NO_DATA,NO_DATA,NO_DATA,NO_DATA
evaluation,10,10_29,ALL,GBT,0,,0,,,,0,,,,0,,,,0,,,0,0,0,NO_DATA,NO_DATA,NO_DATA,NO_DATA,NO_DATA
evaluation,10,10_29,0,ALS,0,,0,,,,0,,,,0,,,,0,,,0,0,0,NO_DATA,NO_DATA,NO_DATA,NO_DATA,NO_DATA
evaluation,10,10_29,0,FM,0,,0,,,,0,,,,0,,,,0,,,0,0,0,NO_DATA,NO_DATA,NO_DATA,NO_DATA,NO_DATA
evaluation,10,10_29,0,ALS_FM,0,,0,,,,0,,,,0,,,,0,,,0,0,0,NO_DATA,NO_DATA,NO_DATA,NO_DATA,NO_DATA
evaluation,10,10_29,0,RIDGE,0,,0,,,,0,,,,0,,,,0,,,0,0,0,NO_DATA,NO_DATA,NO_DATA,NO_DATA,NO_DATA
evaluation,10,10_29,0,GBT,0,,0,,,,0,,,,0,,,,0,,,0,0,0,NO_DATA,NO_DATA,NO_DATA,NO_DATA,NO_DATA
evaluation,10,10_29,1_9,ALS,0,,0,,,,0,,,,0,,,,0,,,0,0,0,NO_DATA,NO_DATA,NO_DATA,NO_DATA,NO_DATA
evaluation,10,10_29,1_9,FM,0,,0,,,,0,,,,0,,,,0,,,0,0,0,NO_DATA,NO_DATA,NO_DATA,NO_DATA,NO_DATA
evaluation,10,10_29,1_9,ALS_FM,0,,0,,,,0,,,,0,,,,0,,,0,0,0,NO_DATA,NO_DATA,NO_DATA,NO_DATA,NO_DATA
evaluation,10,10_29,1_9,RIDGE,0,,0,,,,0,,,,0,,,,0,,,0,0,0,NO_DATA,NO_DATA,NO_DATA,NO_DATA,NO_DATA
evaluation,10,10_29,1_9,GBT,0,,0,,,,0,,,,0,,,,0,,,0,0,0,NO_DATA,NO_DATA,NO_DATA,NO_DATA,NO_DATA
evaluation,10,10_29,10_49,ALS,0,,0,,,,0,,,,0,,,,0,,,0,0,0,NO_DATA,NO_DATA,NO_DATA,NO_DATA,NO_DATA
evaluation,10,10_29,10_49,FM,0,,0,,,,0,,,,0,,,,0,,,0,0,0,NO_DATA,NO_DATA,NO_DATA,NO_DATA,NO_DATA
evaluation,10,10_29,10_49,ALS_FM,0,,0,,,,0,,,,0,,,,0,,,0,0,0,NO_DATA,NO_DATA,NO_DATA,NO_DATA,NO_DATA
evaluation,10,10_29,10_49,RIDGE,0,,0,,,,0,,,,0,,,,0,,,0,0,0,NO_DATA,NO_DATA,NO_DATA,NO_DATA,NO_DATA
evaluation,10,10_29,10_49,GBT,0,,0,,,,0,,,,0,,,,0,,,0,0,0,NO_DATA,NO_DATA,NO_DATA,NO_DATA,NO_DATA
evaluation,10,10_29,50_PLUS,ALS,0,,0,,,,0,,,,0,,,,0,,,0,0,0,NO_DATA,NO_DATA,NO_DATA,NO_DATA,NO_DATA
evaluation,10,10_29,50_PLUS,FM,0,,0,,,,0,,,,0,,,,0,,,0,0,0,NO_DATA,NO_DATA,NO_DATA,NO_DATA,NO_DATA
evaluation,10,10_29,50_PLUS,ALS_FM,0,,0,,,,0,,,,0,,,,0,,,0,0,0,NO_DATA,NO_DATA,NO_DATA,NO_DATA,NO_DATA
evaluation,10,10_29,50_PLUS,RIDGE,0,,0,,,,0,,,,0,,,,0,,,0,0,0,NO_DATA,NO_DATA,NO_DATA,NO_DATA,NO_DATA
evaluation,10,10_29,50_PLUS,GBT,0,,0,,,,0,,,,0,,,,0,,,0,0,0,NO_DATA,NO_DATA,NO_DATA,NO_DATA,NO_DATA
evaluation,10,30_99,ALL,ALS,24,0.8349842117250592,24,,,0.7001326145657067,24,,,0.5838525963714987,24,,,0.6659615416774651,24,,,1699,2786,3824,UNDER_30_USERS,UNDER_30_USERS,UNDER_30_USERS,UNDER_30_USERS,UNDER_30_USERS
evaluation,10,30_99,ALL,FM,24,0.7204389148233487,24,,,0.6521070509200843,24,,,0.617039913144154,24,,,0.6659615416774651,24,,,1699,2786,3824,UNDER_30_USERS,UNDER_30_USERS,UNDER_30_USERS,UNDER_30_USERS,UNDER_30_USERS
evaluation,10,30_99,ALL,ALS_FM,24,0.7152698297525241,24,,,0.655222545587039,24,,,0.6279345250534747,24,,,0.6659615416774651,24,,,1699,2786,3824,UNDER_30_USERS,UNDER_30_USERS,UNDER_30_USERS,UNDER_30_USERS,UNDER_30_USERS
evaluation,10,30_99,ALL,RIDGE,24,0.784625433882009,24,,,0.7063538019573858,24,,,0.6138365288051317,24,,,0.6659615416774651,24,,,1699,2786,3824,UNDER_30_USERS,UNDER_30_USERS,UNDER_30_USERS,UNDER_30_USERS,UNDER_30_USERS
evaluation,10,30_99,ALL,GBT,24,0.7350354071730395,24,,,0.6632757590518704,24,,,0.6209071717819924,24,,,0.6659615416774651,24,,,1699,2786,3824,UNDER_30_USERS,UNDER_30_USERS,UNDER_30_USERS,UNDER_30_USERS,UNDER_30_USERS
evaluation,10,30_99,0,ALS,24,0.8338907629115028,24,,,0.683472894207453,24,,,0.5,21,,,0.0,24,,,590,948,1384,UNDER_30_USERS,UNDER_30_USERS,UNDER_30_USERS,UNDER_30_USERS,UNDER_30_USERS
evaluation,10,30_99,0,FM,24,0.8271400858176158,24,,,0.713709778356845,24,,,0.5091024233547596,21,,,0.0,24,,,590,948,1384,UNDER_30_USERS,UNDER_30_USERS,UNDER_30_USERS,UNDER_30_USERS,UNDER_30_USERS
evaluation,10,30_99,0,ALS_FM,24,0.8271400858176158,24,,,0.713709778356845,24,,,0.5091024233547596,21,,,0.0,24,,,590,948,1384,UNDER_30_USERS,UNDER_30_USERS,UNDER_30_USERS,UNDER_30_USERS,UNDER_30_USERS
evaluation,10,30_99,0,RIDGE,24,0.840488320209294,24,,,0.7274675285964832,24,,,0.5537820671738652,21,,,0.0,24,,,590,948,1384,UNDER_30_USERS,UNDER_30_USERS,UNDER_30_USERS,UNDER_30_USERS,UNDER_30_USERS
evaluation,10,30_99,0,GBT,24,0.7881810319632588,24,,,0.6781173098386151,24,,,0.553994958755346,21,,,0.0,24,,,590,948,1384,UNDER_30_USERS,UNDER_30_USERS,UNDER_30_USERS,UNDER_30_USERS,UNDER_30_USERS
evaluation,10,30_99,1_9,ALS,18,1.4757414457792877,18,,,0.9214433490584779,18,,,0.5579625430267804,17,,,1.0,18,,,323,364,435,UNDER_30_USERS,UNDER_30_USERS,UNDER_30_USERS,UNDER_30_USERS,UNDER_30_USERS
evaluation,10,30_99,1_9,FM,18,1.0100391878989092,18,,,0.7777388898515424,18,,,0.6077591577999629,17,,,1.0,18,,,323,364,435,UNDER_30_USERS,UNDER_30_USERS,UNDER_30_USERS,UNDER_30_USERS,UNDER_30_USERS
evaluation,10,30_99,1_9,ALS_FM,18,0.999821199610041,18,,,0.781401266954471,18,,,0.6031447111882806,17,,,1.0,18,,,323,364,435,UNDER_30_USERS,UNDER_30_USERS,UNDER_30_USERS,UNDER_30_USERS,UNDER_30_USERS
evaluation,10,30_99,1_9,RIDGE,18,1.1084917116544715,18,,,0.8248826516793671,18,,,0.5876257503538875,17,,,1.0,18,,,323,364,435,UNDER_30_USERS,UNDER_30_USERS,UNDER_30_USERS,UNDER_30_USERS,UNDER_30_USERS
evaluation,10,30_99,1_9,GBT,18,1.0749275923684043,18,,,0.8007923192964506,18,,,0.48833313412254353,17,,,1.0,18,,,323,364,435,UNDER_30_USERS,UNDER_30_USERS,UNDER_30_USERS,UNDER_30_USERS,UNDER_30_USERS
evaluation,10,30_99,10_49,ALS,20,0.8116863916865761,20,,,0.7179154755574253,20,,,0.6221772708100354,18,,,1.0,20,,,427,610,767,UNDER_30_USERS,UNDER_30_USERS,UNDER_30_USERS,UNDER_30_USERS,UNDER_30_USERS
evaluation,10,30_99,10_49,FM,20,0.6940869050486498,20,,,0.6525440510501338,20,,,0.6550971448837343,18,,,1.0,20,,,427,610,767,UNDER_30_USERS,UNDER_30_USERS,UNDER_30_USERS,UNDER_30_USERS,UNDER_30_USERS
evaluation,10,30_99,10_49,ALS_FM,20,0.6801528386027831,20,,,0.6524159736932048,20,,,0.6392783067564631,18,,,1.0,20,,,427,610,767,UNDER_30_USERS,UNDER_30_USERS,UNDER_30_USERS,UNDER_30_USERS,UNDER_30_USERS
evaluation,10,30_99,10_49,RIDGE,20,0.7365033949260887,20,,,0.6940331036872985,20,,,0.6630495875426266,18,,,1.0,20,,,427,610,767,UNDER_30_USERS,UNDER_30_USERS,UNDER_30_USERS,UNDER_30_USERS,UNDER_30_USERS
evaluation,10,30_99,10_49,GBT,20,0.6848703057157699,20,,,0.6528154638237382,20,,,0.6354938278370313,18,,,1.0,20,,,427,610,767,UNDER_30_USERS,UNDER_30_USERS,UNDER_30_USERS,UNDER_30_USERS,UNDER_30_USERS
evaluation,10,30_99,50_PLUS,ALS,24,0.8025977053471922,24,,,0.6942586575556539,24,,,0.6253701645034834,24,,,1.0,24,,,432,931,1238,UNDER_30_USERS,UNDER_30_USERS,UNDER_30_USERS,UNDER_30_USERS,UNDER_30_USERS
evaluation,10,30_99,50_PLUS,FM,24,0.6527309982132313,24,,,0.6134840305939053,24,,,0.6551154775830162,24,,,1.0,24,,,432,931,1238,UNDER_30_USERS,UNDER_30_USERS,UNDER_30_USERS,UNDER_30_USERS,UNDER_30_USERS
evaluation,10,30_99,50_PLUS,ALS_FM,24,0.6501495086085792,24,,,0.6168521542236222,24,,,0.6742067075297706,24,,,1.0,24,,,432,931,1238,UNDER_30_USERS,UNDER_30_USERS,UNDER_30_USERS,UNDER_30_USERS,UNDER_30_USERS
evaluation,10,30_99,50_PLUS,RIDGE,24,0.7404926155330346,24,,,0.6917749427175591,24,,,0.6273323405952843,24,,,1.0,24,,,432,931,1238,UNDER_30_USERS,UNDER_30_USERS,UNDER_30_USERS,UNDER_30_USERS,UNDER_30_USERS
evaluation,10,30_99,50_PLUS,GBT,24,0.7237013615544988,24,,,0.660398284113784,24,,,0.6456899782415402,24,,,1.0,24,,,432,931,1238,UNDER_30_USERS,UNDER_30_USERS,UNDER_30_USERS,UNDER_30_USERS,UNDER_30_USERS
evaluation,10,100_299,ALL,ALS,89,1.1893523162086435,89,0.9573648174473005,1.4980624279696237,0.817823537602079,89,0.745022212178036,0.8978405316767246,0.5284270833399655,85,0.5055164334499885,0.5493757845499252,0.6177701692176685,89,0.5772571576443288,0.6539723938190958,4821,10366,17306,DESCRIPTIVE_ONLY,DESCRIPTIVE_ONLY,DESCRIPTIVE_ONLY,DESCRIPTIVE_ONLY,DESCRIPTIVE_ONLY
evaluation,10,100_299,ALL,FM,89,1.1378201960783567,89,0.940072301321751,1.3839333829031037,0.8161101435811021,89,0.7422857784122241,0.8982398874175092,0.5341811176094382,85,0.5078333246697261,0.5589117518861744,0.6177701692176685,89,0.5827730430230605,0.6529207581924321,4821,10366,17306,DESCRIPTIVE_ONLY,DESCRIPTIVE_ONLY,DESCRIPTIVE_ONLY,DESCRIPTIVE_ONLY,DESCRIPTIVE_ONLY
evaluation,10,100_299,ALL,ALS_FM,89,1.1035805407489878,89,0.9085011692992413,1.3431752286135716,0.8077902291773582,89,0.7363190313824798,0.8870849700668668,0.5437309319430403,85,0.5188661223492349,0.5686354963049285,0.6177701692176685,89,0.5812255131785656,0.6531302673080417,4821,10366,17306,DESCRIPTIVE_ONLY,DESCRIPTIVE_ONLY,DESCRIPTIVE_ONLY,DESCRIPTIVE_ONLY,DESCRIPTIVE_ONLY
evaluation,10,100_299,ALL,RIDGE,89,1.1902847605674864,89,0.9401823492902868,1.4673843482838427,0.828567808903384,89,0.7451338771417025,0.9164742783130789,0.5513332175011624,85,0.5227284257805198,0.5807673580258489,0.6177701692176685,89,0.5811144544768081,0.6533866838500606,4821,10366,17306,DESCRIPTIVE_ONLY,DESCRIPTIVE_ONLY,DESCRIPTIVE_ONLY,DESCRIPTIVE_ONLY,DESCRIPTIVE_ONLY
evaluation,10,100_299,ALL,GBT,89,1.1180490790253654,89,0.890712057117502,1.3789387714103811,0.7902453986412041,89,0.7131373521437767,0.8788636087310279,0.5440918257238746,85,0.5192863874421945,0.5684525347132502,0.6177701692176685,89,0.5815468847869537,0.6538396664808694,4821,10366,17306,DESCRIPTIVE_ONLY,DESCRIPTIVE_ONLY,DESCRIPTIVE_ONLY,DESCRIPTIVE_ONLY,DESCRIPTIVE_ONLY
evaluation,10,100_299,0,ALS,86,0.9988294626911289,86,0.7771884087559835,1.2691579889128846,0.7405642202089281,86,0.6630369878906865,0.8298174776568502,0.5,78,0.5,0.5,0.0,86,0.0,0.0,2529,4414,7173,DESCRIPTIVE_ONLY,DESCRIPTIVE_ONLY,DESCRIPTIVE_ONLY,DESCRIPTIVE_ONLY,DESCRIPTIVE_ONLY
evaluation,10,100_299,0,FM,86,1.096828151610943,86,0.9015668672076681,1.3157881122257176,0.816967786646712,86,0.7441234297355586,0.9004524149866375,0.5615355644566942,78,0.5204447317093556,0.6031352648391353,0.0,86,0.0,0.0,2529,4414,7173,DESCRIPTIVE_ONLY,DESCRIPTIVE_ONLY,DESCRIPTIVE_ONLY,DESCRIPTIVE_ONLY,DESCRIPTIVE_ONLY
evaluation,10,100_299,0,ALS_FM,86,1.096828151610943,86,0.9072509459453287,1.319326947789879,0.816967786646712,86,0.7448256858170529,0.8989172297834841,0.5615355644566942,78,0.519028333220205,0.6040408452064018,0.0,86,0.0,0.0,2529,4414,7173,DESCRIPTIVE_ONLY,DESCRIPTIVE_ONLY,DESCRIPTIVE_ONLY,DESCRIPTIVE_ONLY,DESCRIPTIVE_ONLY
evaluation,10,100_299,0,RIDGE,86,1.1123164425511283,86,0.8788462400080637,1.3940780701642084,0.8029680817474666,86,0.7205537976298036,0.8958352833148066,0.5424456415869349,78,0.4964116167231937,0.5887972949180321,0.0,86,0.0,0.0,2529,4414,7173,DESCRIPTIVE_ONLY,DESCRIPTIVE_ONLY,DESCRIPTIVE_ONLY,DESCRIPTIVE_ONLY,DESCRIPTIVE_ONLY
evaluation,10,100_299,0,GBT,86,1.036858400987091,86,0.8196762918361213,1.277979571312265,0.7673514136388957,86,0.6862240089999707,0.8567293847878004,0.5382083123560191,78,0.49244408937001605,0.5831593542151828,0.0,86,0.0,0.0,2529,4414,7173,DESCRIPTIVE_ONLY,DESCRIPTIVE_ONLY,DESCRIPTIVE_ONLY,DESCRIPTIVE_ONLY,DESCRIPTIVE_ONLY
evaluation,10,100_299,1_9,ALS,78,1.6510672097598227,78,1.3020829428274392,2.1528433148178685,1.008685158462452,78,0.9050185793516549,1.124231292898526,0.553579646855099,61,0.5032503756879556,0.600611018465104,1.0,78,1.0,1.0,1275,1914,2844,DESCRIPTIVE_ONLY,DESCRIPTIVE_ONLY,DESCRIPTIVE_ONLY,DESCRIPTIVE_ONLY,DESCRIPTIVE_ONLY
evaluation,10,100_299,1_9,FM,78,1.0624011254968246,78,0.8288272219478098,1.3482739253408607,0.7771565600719615,78,0.6813184552294664,0.8745260659473031,0.5122357993142311,61,0.4536546419895543,0.5658820533479499,1.0,78,1.0,1.0,1275,1914,2844,DESCRIPTIVE_ONLY,DESCRIPTIVE_ONLY,DESCRIPTIVE_ONLY,DESCRIPTIVE_ONLY,DESCRIPTIVE_ONLY
evaluation,10,100_299,1_9,ALS_FM,78,1.0394818020600731,78,0.8169381599147115,1.3065986467145734,0.7912012491401276,78,0.7009935030752348,0.8816306728432195,0.5045061510852785,61,0.4435667021850182,0.5647202711611456,1.0,78,1.0,1.0,1275,1914,2844,DESCRIPTIVE_ONLY,DESCRIPTIVE_ONLY,DESCRIPTIVE_ONLY,DESCRIPTIVE_ONLY,DESCRIPTIVE_ONLY
evaluation,10,100_299,1_9,RIDGE,78,1.0523438162461936,78,0.776970455936943,1.4221503777951152,0.761549162517095,78,0.6611979399628705,0.8731120054369651,0.5352007283828709,61,0.4757949512030024,0.5967588290525305,1.0,78,1.0,1.0,1275,1914,2844,DESCRIPTIVE_ONLY,DESCRIPTIVE_ONLY,DESCRIPTIVE_ONLY,DESCRIPTIVE_ONLY,DESCRIPTIVE_ONLY
evaluation,10,100_299,1_9,GBT,78,1.003746769219126,78,0.7274582497831295,1.3206029709923413,0.7355499754564956,78,0.635401182630647,0.8512125780579672,0.5631668485572779,61,0.5036650211686174,0.6249908317145876,1.0,78,1.0,1.0,1275,1914,2844,DESCRIPTIVE_ONLY,DESCRIPTIVE_ONLY,DESCRIPTIVE_ONLY,DESCRIPTIVE_ONLY,DESCRIPTIVE_ONLY
evaluation,10,100_299,10_49,ALS,78,1.2628531112789636,78,0.9266444885669102,1.7325883363749313,0.8576398539554646,78,0.7588575243288116,0.9712248301784063,0.5917224894672691,66,0.5443100881590062,0.6380212052119987,1.0,78,1.0,1.0,841,1944,2936,DESCRIPTIVE_ONLY,DESCRIPTIVE_ONLY,DESCRIPTIVE_ONLY,DESCRIPTIVE_ONLY,DESCRIPTIVE_ONLY
evaluation,10,100_299,10_49,FM,78,1.1934011029553497,78,0.8787147706827065,1.5548164198741992,0.825517118349868,78,0.7207069063529971,0.9419966416888798,0.5668794997069149,66,0.5143383947300022,0.6210689804522959,1.0,78,1.0,1.0,841,1944,2936,DESCRIPTIVE_ONLY,DESCRIPTIVE_ONLY,DESCRIPTIVE_ONLY,DESCRIPTIVE_ONLY,DESCRIPTIVE_ONLY
evaluation,10,100_299,10_49,ALS_FM,78,1.1190812222168334,78,0.8207055546690868,1.4746118675758568,0.8034860579108688,78,0.7011069798051445,0.9171703181031472,0.5905514703911579,66,0.5378932970320791,0.639375444254566,1.0,78,1.0,1.0,841,1944,2936,DESCRIPTIVE_ONLY,DESCRIPTIVE_ONLY,DESCRIPTIVE_ONLY,DESCRIPTIVE_ONLY,DESCRIPTIVE_ONLY
evaluation,10,100_299,10_49,RIDGE,78,1.2872707535673413,78,0.9563865289054841,1.6904020147966947,0.8651645411636505,78,0.7541962779802421,0.9804202479469605,0.61224327499547,66,0.5574486113565172,0.6658518532608836,1.0,78,1.0,1.0,841,1944,2936,DESCRIPTIVE_ONLY,DESCRIPTIVE_ONLY,DESCRIPTIVE_ONLY,DESCRIPTIVE_ONLY,DESCRIPTIVE_ONLY
evaluation,10,100_299,10_49,GBT,78,1.1631694491898186,78,0.8553827263685034,1.5206429466142763,0.8049581372919276,78,0.6937275483861367,0.9214039383155194,0.5466025594614093,66,0.4954086581297485,0.5955234036938297,1.0,78,1.0,1.0,841,1944,2936,DESCRIPTIVE_ONLY,DESCRIPTIVE_ONLY,DESCRIPTIVE_ONLY,DESCRIPTIVE_ONLY,DESCRIPTIVE_ONLY
evaluation,10,100_299,50_PLUS,ALS,84,1.2530994786880993,84,0.9017798959898004,1.7381023325955125,0.8147455427017263,84,0.7072632860969762,0.9328769483003932,0.5765806485515237,73,0.5319986852229469,0.6184990256286832,1.0,84,1.0,1.0,712,2786,4353,DESCRIPTIVE_ONLY,DESCRIPTIVE_ONLY,DESCRIPTIVE_ONLY,DESCRIPTIVE_ONLY,DESCRIPTIVE_ONLY
evaluation,10,100_299,50_PLUS,FM,84,1.0938260275778076,84,0.8583419040344522,1.3720099005341162,0.782607504708385,84,0.694919897831412,0.8715660016571658,0.5419239690709143,73,0.49814625850618643,0.5849020044662654,1.0,84,1.0,1.0,712,2786,4353,DESCRIPTIVE_ONLY,DESCRIPTIVE_ONLY,DESCRIPTIVE_ONLY,DESCRIPTIVE_ONLY,DESCRIPTIVE_ONLY
evaluation,10,100_299,50_PLUS,ALS_FM,84,1.058864139058004,84,0.8177242621662295,1.342399889167349,0.7689458309508735,84,0.6790896033585276,0.8580956020761386,0.5522030369975707,73,0.5033080818364822,0.5946182556701191,1.0,84,1.0,1.0,712,2786,4353,DESCRIPTIVE_ONLY,DESCRIPTIVE_ONLY,DESCRIPTIVE_ONLY,DESCRIPTIVE_ONLY,DESCRIPTIVE_ONLY
evaluation,10,100_299,50_PLUS,RIDGE,84,1.1149957063344564,84,0.8856168021110628,1.381890536230636,0.80279823650108,84,0.7107166962683436,0.8922318904134044,0.5435185821451022,73,0.4979069673945378,0.5872063976968698,1.0,84,1.0,1.0,712,2786,4353,DESCRIPTIVE_ONLY,DESCRIPTIVE_ONLY,DESCRIPTIVE_ONLY,DESCRIPTIVE_ONLY,DESCRIPTIVE_ONLY
evaluation,10,100_299,50_PLUS,GBT,84,1.0787934803577102,84,0.8311262193187372,1.3467792250274138,0.7717297615596449,84,0.6837289449495498,0.8637270206476872,0.5754690198209318,73,0.5338910174741701,0.614573918994646,1.0,84,1.0,1.0,712,2786,4353,DESCRIPTIVE_ONLY,DESCRIPTIVE_ONLY,DESCRIPTIVE_ONLY,DESCRIPTIVE_ONLY,DESCRIPTIVE_ONLY
evaluation,10,300_PLUS,ALL,ALS,187,1.0052337490840388,187,0.9001307868201968,1.1237334134604091,0.7713428940093527,187,0.7318092198824258,0.8157050238399522,0.5362385940502036,185,0.5215406476749572,0.5508633307154955,0.466659169154636,187,0.436891897424621,0.49820041696790107,13220,35174,60965,DESCRIPTIVE_ONLY,DESCRIPTIVE_ONLY,DESCRIPTIVE_ONLY,DESCRIPTIVE_ONLY,DESCRIPTIVE_ONLY
evaluation,10,300_PLUS,ALL,FM,187,0.8637534220897707,187,0.7761998600938729,0.9699984245782958,0.7176363068609911,187,0.6814224763686354,0.7537400264246031,0.5736251048681876,185,0.5540645651985686,0.5934658107698988,0.466659169154636,187,0.4370366097151419,0.4956953238410874,13220,35174,60965,DESCRIPTIVE_ONLY,DESCRIPTIVE_ONLY,DESCRIPTIVE_ONLY,DESCRIPTIVE_ONLY,DESCRIPTIVE_ONLY
evaluation,10,300_PLUS,ALL,ALS_FM,187,0.8403101789489333,187,0.7498040988896978,0.9438637141134912,0.7110741051528511,187,0.6778537052271308,0.7489283299052348,0.5759817859501174,185,0.5542493228225827,0.5956566210869827,0.466659169154636,187,0.43719031602424124,0.4958071965527979,13220,35174,60965,DESCRIPTIVE_ONLY,DESCRIPTIVE_ONLY,DESCRIPTIVE_ONLY,DESCRIPTIVE_ONLY,DESCRIPTIVE_ONLY
evaluation,10,300_PLUS,ALL,RIDGE,187,0.9612720951441438,187,0.8384546046786496,1.1025336906831358,0.7517446658450899,187,0.7089861261303154,0.7980801172890556,0.5786462637876452,185,0.5596877681613556,0.59704109383502,0.466659169154636,187,0.436388641955976,0.4970932054664085,13220,35174,60965,DESCRIPTIVE_ONLY,DESCRIPTIVE_ONLY,DESCRIPTIVE_ONLY,DESCRIPTIVE_ONLY,DESCRIPTIVE_ONLY
evaluation,10,300_PLUS,ALL,GBT,187,0.8517710607121465,187,0.7439927063266739,0.9783897479937249,0.6979951379743725,187,0.6586560015261845,0.7408723515433424,0.5726402740077965,185,0.5553744948371409,0.5894510467669835,0.466659169154636,187,0.4373356728182593,0.4968681577403797,13220,35174,60965,DESCRIPTIVE_ONLY,DESCRIPTIVE_ONLY,DESCRIPTIVE_ONLY,DESCRIPTIVE_ONLY,DESCRIPTIVE_ONLY
evaluation,10,300_PLUS,0,ALS,184,0.8540440470531866,184,0.7351788558648703,0.9954408468458321,0.7055743482474028,184,0.6614617658405464,0.7533196930314211,0.5,178,0.5,0.5,0.0,184,0.0,0.0,9391,21500,36844,DESCRIPTIVE_ONLY,DESCRIPTIVE_ONLY,DESCRIPTIVE_ONLY,DESCRIPTIVE_ONLY,DESCRIPTIVE_ONLY
evaluation,10,300_PLUS,0,FM,184,0.9279581999780876,184,0.8197158387105243,1.0469586919786682,0.7515495996438305,184,0.710781724371968,0.7958706970314658,0.5649564596600034,178,0.5437532872870542,0.5869017225502906,0.0,184,0.0,0.0,9391,21500,36844,DESCRIPTIVE_ONLY,DESCRIPTIVE_ONLY,DESCRIPTIVE_ONLY,DESCRIPTIVE_ONLY,DESCRIPTIVE_ONLY
evaluation,10,300_PLUS,0,ALS_FM,184,0.9279581999780876,184,0.8300165203249011,1.0547717701344952,0.7515495996438305,184,0.7103511922873641,0.795977897512838,0.5649564596600034,178,0.5429547933281264,0.5865339437450924,0.0,184,0.0,0.0,9391,21500,36844,DESCRIPTIVE_ONLY,DESCRIPTIVE_ONLY,DESCRIPTIVE_ONLY,DESCRIPTIVE_ONLY,DESCRIPTIVE_ONLY
evaluation,10,300_PLUS,0,RIDGE,184,0.9837240557627381,184,0.858234473697396,1.132387404448533,0.7627461765676516,184,0.7171824796048862,0.8111545268398378,0.5745286097296787,178,0.5545260553774948,0.5938123631922515,0.0,184,0.0,0.0,9391,21500,36844,DESCRIPTIVE_ONLY,DESCRIPTIVE_ONLY,DESCRIPTIVE_ONLY,DESCRIPTIVE_ONLY,DESCRIPTIVE_ONLY
evaluation,10,300_PLUS,0,GBT,184,0.8836967158372946,184,0.7613303091612575,1.030911252109379,0.7141557526178609,184,0.6700836565280178,0.7640991589723389,0.5704603386139063,178,0.5525174581751782,0.5886960730432118,0.0,184,0.0,0.0,9391,21500,36844,DESCRIPTIVE_ONLY,DESCRIPTIVE_ONLY,DESCRIPTIVE_ONLY,DESCRIPTIVE_ONLY,DESCRIPTIVE_ONLY
evaluation,10,300_PLUS,1_9,ALS,168,1.440331044476418,168,1.2987170174668063,1.5907482575438743,0.9513811036868647,168,0.9012096228871127,1.0002277018666317,0.5478175678167833,150,0.5169437302174273,0.5777769993011146,0.9880952380952381,168,0.9702380952380952,1.0,3126,7023,10143,DESCRIPTIVE_ONLY,DESCRIPTIVE_ONLY,DESCRIPTIVE_ONLY,DESCRIPTIVE_ONLY,DESCRIPTIVE_ONLY
evaluation,10,300_PLUS,1_9,FM,168,0.857987847468708,168,0.7625000736437124,0.9721062292262425,0.7161478651686989,168,0.6733867933292438,0.7646747790865523,0.5477649591337681,150,0.5167708888256309,0.5756011111087316,0.9880952380952381,168,0.9732142857142857,1.0,3126,7023,10143,DESCRIPTIVE_ONLY,DESCRIPTIVE_ONLY,DESCRIPTIVE_ONLY,DESCRIPTIVE_ONLY,DESCRIPTIVE_ONLY
evaluation,10,300_PLUS,1_9,ALS_FM,168,0.804082348645174,168,0.7085513977174962,0.9086752723158122,0.7042661062468676,168,0.6610147600207175,0.7483909355423674,0.5722292102047141,150,0.5442492974260322,0.5999217944171951,0.9880952380952381,168,0.9702380952380952,1.0,3126,7023,10143,DESCRIPTIVE_ONLY,DESCRIPTIVE_ONLY,DESCRIPTIVE_ONLY,DESCRIPTIVE_ONLY,DESCRIPTIVE_ONLY
evaluation,10,300_PLUS,1_9,RIDGE,168,0.9660178092341958,168,0.814928231302999,1.1464674756824222,0.7435462829188695,168,0.6849633607593144,0.8027394079148644,0.591608017322606,150,0.5610732116107602,0.6195217780159469,0.9880952380952381,168,0.9732142857142857,1.0,3126,7023,10143,DESCRIPTIVE_ONLY,DESCRIPTIVE_ONLY,DESCRIPTIVE_ONLY,DESCRIPTIVE_ONLY,DESCRIPTIVE_ONLY
evaluation,10,300_PLUS,1_9,GBT,168,0.8255790977585742,168,0.7058313095404875,0.9704815138083317,0.6794966307963308,168,0.6326684832700321,0.7322985859545464,0.5696481977723804,150,0.5409076288519653,0.5975267721887261,0.9880952380952381,168,0.9702380952380952,1.0,3126,7023,10143,DESCRIPTIVE_ONLY,DESCRIPTIVE_ONLY,DESCRIPTIVE_ONLY,DESCRIPTIVE_ONLY,DESCRIPTIVE_ONLY
evaluation,10,300_PLUS,10_49,ALS,173,0.9635947099051028,173,0.8409240768230892,1.109850853183327,0.7560144876107288,173,0.7060011559785268,0.8078140415795776,0.6254879796668322,160,0.59797052608544,0.6525876018271018,0.9865125240847784,173,0.970134874759152,0.9980732177263969,1390,4841,7405,DESCRIPTIVE_ONLY,DESCRIPTIVE_ONLY,DESCRIPTIVE_ONLY,DESCRIPTIVE_ONLY,DESCRIPTIVE_ONLY
evaluation,10,300_PLUS,10_49,FM,173,0.7877540862381975,173,0.6882137053350137,0.9014590221030955,0.6721754485531106,173,0.6289730135972069,0.7153568335685081,0.6111916248730878,160,0.5831734432784281,0.6392580101953732,0.9865125240847784,173,0.9710741811175336,0.9980732177263969,1390,4841,7405,DESCRIPTIVE_ONLY,DESCRIPTIVE_ONLY,DESCRIPTIVE_ONLY,DESCRIPTIVE_ONLY,DESCRIPTIVE_ONLY
evaluation,10,300_PLUS,10_49,ALS_FM,173,0.7164448225412123,173,0.6290076555216031,0.8180111449297658,0.6419881790713043,173,0.6016921107399335,0.6876555783844481,0.6276907135716014,160,0.5969317870742707,0.6573232779700855,0.9865125240847784,173,0.9720616570327553,0.998073217726397,1390,4841,7405,DESCRIPTIVE_ONLY,DESCRIPTIVE_ONLY,DESCRIPTIVE_ONLY,DESCRIPTIVE_ONLY,DESCRIPTIVE_ONLY
evaluation,10,300_PLUS,10_49,RIDGE,173,0.9264674939971524,173,0.7989662410306309,1.0667446698627006,0.7389159340641388,173,0.6894875443397604,0.7898274580793403,0.5997891302965149,160,0.567633823706214,0.6314686338636232,0.9865125240847784,173,0.9691714836223508,0.9980732177263969,1390,4841,7405,DESCRIPTIVE_ONLY,DESCRIPTIVE_ONLY,DESCRIPTIVE_ONLY,DESCRIPTIVE_ONLY,DESCRIPTIVE_ONLY
evaluation,10,300_PLUS,10_49,GBT,173,0.7885599411155928,173,0.6851664763692299,0.913624202514771,0.674425395967056,173,0.6296976805872626,0.7193672700115694,0.5904202835462291,160,0.5603760691852216,0.620294944729439,0.9865125240847784,173,0.9701348747591523,0.998073217726397,1390,4841,7405,DESCRIPTIVE_ONLY,DESCRIPTIVE_ONLY,DESCRIPTIVE_ONLY,DESCRIPTIVE_ONLY,DESCRIPTIVE_ONLY
evaluation,10,300_PLUS,50_PLUS,ALS,176,1.0002951032374983,176,0.8890542447543913,1.1246639205069482,0.7952980721152276,176,0.7458874668331316,0.8450333236117994,0.6033359803633499,154,0.5716502726486533,0.6344035260566655,0.9867424242424242,176,0.9715672348484848,0.9981060606060606,837,4123,6573,DESCRIPTIVE_ONLY,DESCRIPTIVE_ONLY,DESCRIPTIVE_ONLY,DESCRIPTIVE_ONLY,DESCRIPTIVE_ONLY
evaluation,10,300_PLUS,50_PLUS,FM,176,0.7308346842937684,176,0.6428795267683505,0.8279904780652826,0.6552802752721203,176,0.6135513923403072,0.7006612286538291,0.5924900222571713,154,0.5580996438821351,0.6228158562421371,0.9867424242424242,176,0.9706439393939394,0.9981060606060606,837,4123,6573,DESCRIPTIVE_ONLY,DESCRIPTIVE_ONLY,DESCRIPTIVE_ONLY,DESCRIPTIVE_ONLY,DESCRIPTIVE_ONLY
evaluation,10,300_PLUS,50_PLUS,ALS_FM,176,0.6951892528910739,176,0.6151699942428644,0.7819594234104275,0.6466273531636467,176,0.6057378779390845,0.6889328840908702,0.6132458549955886,154,0.5822430807584124,0.6444336736165063,0.9867424242424242,176,0.9715909090909091,0.9981060606060606,837,4123,6573,DESCRIPTIVE_ONLY,DESCRIPTIVE_ONLY,DESCRIPTIVE_ONLY,DESCRIPTIVE_ONLY,DESCRIPTIVE_ONLY
evaluation,10,300_PLUS,50_PLUS,RIDGE,176,0.8154239989162342,176,0.7020797688122814,0.9452459326306524,0.697623376564673,176,0.6489196851213055,0.7504991612391498,0.5616405487071789,154,0.5314166665357076,0.5913278380303091,0.9867424242424242,176,0.9715909090909091,0.9981060606060607,837,4123,6573,DESCRIPTIVE_ONLY,DESCRIPTIVE_ONLY,DESCRIPTIVE_ONLY,DESCRIPTIVE_ONLY,DESCRIPTIVE_ONLY
evaluation,10,300_PLUS,50_PLUS,GBT,176,0.7228026739772245,176,0.6309174982891695,0.8210080073345445,0.6494670040653177,176,0.6054849013831701,0.6941282889490916,0.5560671090138739,154,0.5223227118382179,0.5879406686054727,0.9867424242424242,176,0.9696969696969696,0.9981060606060606,837,4123,6573,DESCRIPTIVE_ONLY,DESCRIPTIVE_ONLY,DESCRIPTIVE_ONLY,DESCRIPTIVE_ONLY,DESCRIPTIVE_ONLY
evaluation,30,0,ALL,ALS,0,,0,,,,0,,,,0,,,,0,,,0,0,0,NO_DATA,NO_DATA,NO_DATA,NO_DATA,NO_DATA
evaluation,30,0,ALL,FM,0,,0,,,,0,,,,0,,,,0,,,0,0,0,NO_DATA,NO_DATA,NO_DATA,NO_DATA,NO_DATA
evaluation,30,0,ALL,ALS_FM,0,,0,,,,0,,,,0,,,,0,,,0,0,0,NO_DATA,NO_DATA,NO_DATA,NO_DATA,NO_DATA
evaluation,30,0,ALL,RIDGE,0,,0,,,,0,,,,0,,,,0,,,0,0,0,NO_DATA,NO_DATA,NO_DATA,NO_DATA,NO_DATA
evaluation,30,0,ALL,GBT,0,,0,,,,0,,,,0,,,,0,,,0,0,0,NO_DATA,NO_DATA,NO_DATA,NO_DATA,NO_DATA
evaluation,30,0,0,ALS,0,,0,,,,0,,,,0,,,,0,,,0,0,0,NO_DATA,NO_DATA,NO_DATA,NO_DATA,NO_DATA
evaluation,30,0,0,FM,0,,0,,,,0,,,,0,,,,0,,,0,0,0,NO_DATA,NO_DATA,NO_DATA,NO_DATA,NO_DATA
evaluation,30,0,0,ALS_FM,0,,0,,,,0,,,,0,,,,0,,,0,0,0,NO_DATA,NO_DATA,NO_DATA,NO_DATA,NO_DATA
evaluation,30,0,0,RIDGE,0,,0,,,,0,,,,0,,,,0,,,0,0,0,NO_DATA,NO_DATA,NO_DATA,NO_DATA,NO_DATA
evaluation,30,0,0,GBT,0,,0,,,,0,,,,0,,,,0,,,0,0,0,NO_DATA,NO_DATA,NO_DATA,NO_DATA,NO_DATA
evaluation,30,0,1_9,ALS,0,,0,,,,0,,,,0,,,,0,,,0,0,0,NO_DATA,NO_DATA,NO_DATA,NO_DATA,NO_DATA
evaluation,30,0,1_9,FM,0,,0,,,,0,,,,0,,,,0,,,0,0,0,NO_DATA,NO_DATA,NO_DATA,NO_DATA,NO_DATA
evaluation,30,0,1_9,ALS_FM,0,,0,,,,0,,,,0,,,,0,,,0,0,0,NO_DATA,NO_DATA,NO_DATA,NO_DATA,NO_DATA
evaluation,30,0,1_9,RIDGE,0,,0,,,,0,,,,0,,,,0,,,0,0,0,NO_DATA,NO_DATA,NO_DATA,NO_DATA,NO_DATA
evaluation,30,0,1_9,GBT,0,,0,,,,0,,,,0,,,,0,,,0,0,0,NO_DATA,NO_DATA,NO_DATA,NO_DATA,NO_DATA
evaluation,30,0,10_49,ALS,0,,0,,,,0,,,,0,,,,0,,,0,0,0,NO_DATA,NO_DATA,NO_DATA,NO_DATA,NO_DATA
evaluation,30,0,10_49,FM,0,,0,,,,0,,,,0,,,,0,,,0,0,0,NO_DATA,NO_DATA,NO_DATA,NO_DATA,NO_DATA
evaluation,30,0,10_49,ALS_FM,0,,0,,,,0,,,,0,,,,0,,,0,0,0,NO_DATA,NO_DATA,NO_DATA,NO_DATA,NO_DATA
evaluation,30,0,10_49,RIDGE,0,,0,,,,0,,,,0,,,,0,,,0,0,0,NO_DATA,NO_DATA,NO_DATA,NO_DATA,NO_DATA
evaluation,30,0,10_49,GBT,0,,0,,,,0,,,,0,,,,0,,,0,0,0,NO_DATA,NO_DATA,NO_DATA,NO_DATA,NO_DATA
evaluation,30,0,50_PLUS,ALS,0,,0,,,,0,,,,0,,,,0,,,0,0,0,NO_DATA,NO_DATA,NO_DATA,NO_DATA,NO_DATA
evaluation,30,0,50_PLUS,FM,0,,0,,,,0,,,,0,,,,0,,,0,0,0,NO_DATA,NO_DATA,NO_DATA,NO_DATA,NO_DATA
evaluation,30,0,50_PLUS,ALS_FM,0,,0,,,,0,,,,0,,,,0,,,0,0,0,NO_DATA,NO_DATA,NO_DATA,NO_DATA,NO_DATA
evaluation,30,0,50_PLUS,RIDGE,0,,0,,,,0,,,,0,,,,0,,,0,0,0,NO_DATA,NO_DATA,NO_DATA,NO_DATA,NO_DATA
evaluation,30,0,50_PLUS,GBT,0,,0,,,,0,,,,0,,,,0,,,0,0,0,NO_DATA,NO_DATA,NO_DATA,NO_DATA,NO_DATA
evaluation,30,1_9,ALL,ALS,0,,0,,,,0,,,,0,,,,0,,,0,0,0,NO_DATA,NO_DATA,NO_DATA,NO_DATA,NO_DATA
evaluation,30,1_9,ALL,FM,0,,0,,,,0,,,,0,,,,0,,,0,0,0,NO_DATA,NO_DATA,NO_DATA,NO_DATA,NO_DATA
evaluation,30,1_9,ALL,ALS_FM,0,,0,,,,0,,,,0,,,,0,,,0,0,0,NO_DATA,NO_DATA,NO_DATA,NO_DATA,NO_DATA
evaluation,30,1_9,ALL,RIDGE,0,,0,,,,0,,,,0,,,,0,,,0,0,0,NO_DATA,NO_DATA,NO_DATA,NO_DATA,NO_DATA
evaluation,30,1_9,ALL,GBT,0,,0,,,,0,,,,0,,,,0,,,0,0,0,NO_DATA,NO_DATA,NO_DATA,NO_DATA,NO_DATA
evaluation,30,1_9,0,ALS,0,,0,,,,0,,,,0,,,,0,,,0,0,0,NO_DATA,NO_DATA,NO_DATA,NO_DATA,NO_DATA
evaluation,30,1_9,0,FM,0,,0,,,,0,,,,0,,,,0,,,0,0,0,NO_DATA,NO_DATA,NO_DATA,NO_DATA,NO_DATA
evaluation,30,1_9,0,ALS_FM,0,,0,,,,0,,,,0,,,,0,,,0,0,0,NO_DATA,NO_DATA,NO_DATA,NO_DATA,NO_DATA
evaluation,30,1_9,0,RIDGE,0,,0,,,,0,,,,0,,,,0,,,0,0,0,NO_DATA,NO_DATA,NO_DATA,NO_DATA,NO_DATA
evaluation,30,1_9,0,GBT,0,,0,,,,0,,,,0,,,,0,,,0,0,0,NO_DATA,NO_DATA,NO_DATA,NO_DATA,NO_DATA
evaluation,30,1_9,1_9,ALS,0,,0,,,,0,,,,0,,,,0,,,0,0,0,NO_DATA,NO_DATA,NO_DATA,NO_DATA,NO_DATA
evaluation,30,1_9,1_9,FM,0,,0,,,,0,,,,0,,,,0,,,0,0,0,NO_DATA,NO_DATA,NO_DATA,NO_DATA,NO_DATA
evaluation,30,1_9,1_9,ALS_FM,0,,0,,,,0,,,,0,,,,0,,,0,0,0,NO_DATA,NO_DATA,NO_DATA,NO_DATA,NO_DATA
evaluation,30,1_9,1_9,RIDGE,0,,0,,,,0,,,,0,,,,0,,,0,0,0,NO_DATA,NO_DATA,NO_DATA,NO_DATA,NO_DATA
evaluation,30,1_9,1_9,GBT,0,,0,,,,0,,,,0,,,,0,,,0,0,0,NO_DATA,NO_DATA,NO_DATA,NO_DATA,NO_DATA
evaluation,30,1_9,10_49,ALS,0,,0,,,,0,,,,0,,,,0,,,0,0,0,NO_DATA,NO_DATA,NO_DATA,NO_DATA,NO_DATA
evaluation,30,1_9,10_49,FM,0,,0,,,,0,,,,0,,,,0,,,0,0,0,NO_DATA,NO_DATA,NO_DATA,NO_DATA,NO_DATA
evaluation,30,1_9,10_49,ALS_FM,0,,0,,,,0,,,,0,,,,0,,,0,0,0,NO_DATA,NO_DATA,NO_DATA,NO_DATA,NO_DATA
evaluation,30,1_9,10_49,RIDGE,0,,0,,,,0,,,,0,,,,0,,,0,0,0,NO_DATA,NO_DATA,NO_DATA,NO_DATA,NO_DATA
evaluation,30,1_9,10_49,GBT,0,,0,,,,0,,,,0,,,,0,,,0,0,0,NO_DATA,NO_DATA,NO_DATA,NO_DATA,NO_DATA
evaluation,30,1_9,50_PLUS,ALS,0,,0,,,,0,,,,0,,,,0,,,0,0,0,NO_DATA,NO_DATA,NO_DATA,NO_DATA,NO_DATA
evaluation,30,1_9,50_PLUS,FM,0,,0,,,,0,,,,0,,,,0,,,0,0,0,NO_DATA,NO_DATA,NO_DATA,NO_DATA,NO_DATA
evaluation,30,1_9,50_PLUS,ALS_FM,0,,0,,,,0,,,,0,,,,0,,,0,0,0,NO_DATA,NO_DATA,NO_DATA,NO_DATA,NO_DATA
evaluation,30,1_9,50_PLUS,RIDGE,0,,0,,,,0,,,,0,,,,0,,,0,0,0,NO_DATA,NO_DATA,NO_DATA,NO_DATA,NO_DATA
evaluation,30,1_9,50_PLUS,GBT,0,,0,,,,0,,,,0,,,,0,,,0,0,0,NO_DATA,NO_DATA,NO_DATA,NO_DATA,NO_DATA
evaluation,30,10_29,ALL,ALS,0,,0,,,,0,,,,0,,,,0,,,0,0,0,NO_DATA,NO_DATA,NO_DATA,NO_DATA,NO_DATA
evaluation,30,10_29,ALL,FM,0,,0,,,,0,,,,0,,,,0,,,0,0,0,NO_DATA,NO_DATA,NO_DATA,NO_DATA,NO_DATA
evaluation,30,10_29,ALL,ALS_FM,0,,0,,,,0,,,,0,,,,0,,,0,0,0,NO_DATA,NO_DATA,NO_DATA,NO_DATA,NO_DATA
evaluation,30,10_29,ALL,RIDGE,0,,0,,,,0,,,,0,,,,0,,,0,0,0,NO_DATA,NO_DATA,NO_DATA,NO_DATA,NO_DATA
evaluation,30,10_29,ALL,GBT,0,,0,,,,0,,,,0,,,,0,,,0,0,0,NO_DATA,NO_DATA,NO_DATA,NO_DATA,NO_DATA
evaluation,30,10_29,0,ALS,0,,0,,,,0,,,,0,,,,0,,,0,0,0,NO_DATA,NO_DATA,NO_DATA,NO_DATA,NO_DATA
evaluation,30,10_29,0,FM,0,,0,,,,0,,,,0,,,,0,,,0,0,0,NO_DATA,NO_DATA,NO_DATA,NO_DATA,NO_DATA
evaluation,30,10_29,0,ALS_FM,0,,0,,,,0,,,,0,,,,0,,,0,0,0,NO_DATA,NO_DATA,NO_DATA,NO_DATA,NO_DATA
evaluation,30,10_29,0,RIDGE,0,,0,,,,0,,,,0,,,,0,,,0,0,0,NO_DATA,NO_DATA,NO_DATA,NO_DATA,NO_DATA
evaluation,30,10_29,0,GBT,0,,0,,,,0,,,,0,,,,0,,,0,0,0,NO_DATA,NO_DATA,NO_DATA,NO_DATA,NO_DATA
evaluation,30,10_29,1_9,ALS,0,,0,,,,0,,,,0,,,,0,,,0,0,0,NO_DATA,NO_DATA,NO_DATA,NO_DATA,NO_DATA
evaluation,30,10_29,1_9,FM,0,,0,,,,0,,,,0,,,,0,,,0,0,0,NO_DATA,NO_DATA,NO_DATA,NO_DATA,NO_DATA
evaluation,30,10_29,1_9,ALS_FM,0,,0,,,,0,,,,0,,,,0,,,0,0,0,NO_DATA,NO_DATA,NO_DATA,NO_DATA,NO_DATA
evaluation,30,10_29,1_9,RIDGE,0,,0,,,,0,,,,0,,,,0,,,0,0,0,NO_DATA,NO_DATA,NO_DATA,NO_DATA,NO_DATA
evaluation,30,10_29,1_9,GBT,0,,0,,,,0,,,,0,,,,0,,,0,0,0,NO_DATA,NO_DATA,NO_DATA,NO_DATA,NO_DATA
evaluation,30,10_29,10_49,ALS,0,,0,,,,0,,,,0,,,,0,,,0,0,0,NO_DATA,NO_DATA,NO_DATA,NO_DATA,NO_DATA
evaluation,30,10_29,10_49,FM,0,,0,,,,0,,,,0,,,,0,,,0,0,0,NO_DATA,NO_DATA,NO_DATA,NO_DATA,NO_DATA
evaluation,30,10_29,10_49,ALS_FM,0,,0,,,,0,,,,0,,,,0,,,0,0,0,NO_DATA,NO_DATA,NO_DATA,NO_DATA,NO_DATA
evaluation,30,10_29,10_49,RIDGE,0,,0,,,,0,,,,0,,,,0,,,0,0,0,NO_DATA,NO_DATA,NO_DATA,NO_DATA,NO_DATA
evaluation,30,10_29,10_49,GBT,0,,0,,,,0,,,,0,,,,0,,,0,0,0,NO_DATA,NO_DATA,NO_DATA,NO_DATA,NO_DATA
evaluation,30,10_29,50_PLUS,ALS,0,,0,,,,0,,,,0,,,,0,,,0,0,0,NO_DATA,NO_DATA,NO_DATA,NO_DATA,NO_DATA
evaluation,30,10_29,50_PLUS,FM,0,,0,,,,0,,,,0,,,,0,,,0,0,0,NO_DATA,NO_DATA,NO_DATA,NO_DATA,NO_DATA
evaluation,30,10_29,50_PLUS,ALS_FM,0,,0,,,,0,,,,0,,,,0,,,0,0,0,NO_DATA,NO_DATA,NO_DATA,NO_DATA,NO_DATA
evaluation,30,10_29,50_PLUS,RIDGE,0,,0,,,,0,,,,0,,,,0,,,0,0,0,NO_DATA,NO_DATA,NO_DATA,NO_DATA,NO_DATA
evaluation,30,10_29,50_PLUS,GBT,0,,0,,,,0,,,,0,,,,0,,,0,0,0,NO_DATA,NO_DATA,NO_DATA,NO_DATA,NO_DATA
evaluation,30,30_99,ALL,ALS,24,0.7544948241018488,24,,,0.6677981631163584,24,,,0.6080171623535452,24,,,0.6659615416774651,24,,,1699,2786,3824,UNDER_30_USERS,UNDER_30_USERS,UNDER_30_USERS,UNDER_30_USERS,UNDER_30_USERS
evaluation,30,30_99,ALL,FM,24,0.7031536792819036,24,,,0.6451302255082362,24,,,0.6219341175933449,24,,,0.6659615416774651,24,,,1699,2786,3824,UNDER_30_USERS,UNDER_30_USERS,UNDER_30_USERS,UNDER_30_USERS,UNDER_30_USERS
evaluation,30,30_99,ALL,ALS_FM,24,0.691567407523083,24,,,0.6459597657633087,24,,,0.6355430998197579,24,,,0.6659615416774651,24,,,1699,2786,3824,UNDER_30_USERS,UNDER_30_USERS,UNDER_30_USERS,UNDER_30_USERS,UNDER_30_USERS
evaluation,30,30_99,ALL,RIDGE,24,0.7847606703336559,24,,,0.7072954214882508,24,,,0.613904859053513,24,,,0.6659615416774651,24,,,1699,2786,3824,UNDER_30_USERS,UNDER_30_USERS,UNDER_30_USERS,UNDER_30_USERS,UNDER_30_USERS
evaluation,30,30_99,ALL,GBT,24,0.6914649687404743,24,,,0.6508105229530714,24,,,0.6053589378004173,24,,,0.6659615416774651,24,,,1699,2786,3824,UNDER_30_USERS,UNDER_30_USERS,UNDER_30_USERS,UNDER_30_USERS,UNDER_30_USERS
evaluation,30,30_99,0,ALS,24,0.7823300492519546,24,,,0.6579795900955255,24,,,0.5,21,,,0.0,24,,,590,948,1384,UNDER_30_USERS,UNDER_30_USERS,UNDER_30_USERS,UNDER_30_USERS,UNDER_30_USERS
evaluation,30,30_99,0,FM,24,0.8003057670788517,24,,,0.7044437641345737,24,,,0.5027246151508498,21,,,0.0,24,,,590,948,1384,UNDER_30_USERS,UNDER_30_USERS,UNDER_30_USERS,UNDER_30_USERS,UNDER_30_USERS
evaluation,30,30_99,0,ALS_FM,24,0.8003057670788517,24,,,0.7044437641345737,24,,,0.5027246151508498,21,,,0.0,24,,,590,948,1384,UNDER_30_USERS,UNDER_30_USERS,UNDER_30_USERS,UNDER_30_USERS,UNDER_30_USERS
evaluation,30,30_99,0,RIDGE,24,0.8395374480858079,24,,,0.7287906051951104,24,,,0.5577468738473508,21,,,0.0,24,,,590,948,1384,UNDER_30_USERS,UNDER_30_USERS,UNDER_30_USERS,UNDER_30_USERS,UNDER_30_USERS
evaluation,30,30_99,0,GBT,24,0.7520890839910125,24,,,0.6678935912124712,24,,,0.5581977458568381,21,,,0.0,24,,,590,948,1384,UNDER_30_USERS,UNDER_30_USERS,UNDER_30_USERS,UNDER_30_USERS,UNDER_30_USERS
evaluation,30,30_99,1_9,ALS,18,1.3722410983201079,18,,,0.899264053245965,18,,,0.5129571124131678,17,,,1.0,18,,,323,364,435,UNDER_30_USERS,UNDER_30_USERS,UNDER_30_USERS,UNDER_30_USERS,UNDER_30_USERS
evaluation,30,30_99,1_9,FM,18,0.9862483350037972,18,,,0.7728055551813514,18,,,0.6109292072193845,17,,,1.0,18,,,323,364,435,UNDER_30_USERS,UNDER_30_USERS,UNDER_30_USERS,UNDER_30_USERS,UNDER_30_USERS
evaluation,30,30_99,1_9,ALS_FM,18,0.9695930137831059,18,,,0.7765824122950176,18,,,0.6089002421481664,17,,,1.0,18,,,323,364,435,UNDER_30_USERS,UNDER_30_USERS,UNDER_30_USERS,UNDER_30_USERS,UNDER_30_USERS
evaluation,30,30_99,1_9,RIDGE,18,1.108589576783676,18,,,0.8258202949448236,18,,,0.5620973244424347,17,,,1.0,18,,,323,364,435,UNDER_30_USERS,UNDER_30_USERS,UNDER_30_USERS,UNDER_30_USERS,UNDER_30_USERS
evaluation,30,30_99,1_9,GBT,18,1.0343396816900747,18,,,0.79808840506334,18,,,0.478298003632255,17,,,1.0,18,,,323,364,435,UNDER_30_USERS,UNDER_30_USERS,UNDER_30_USERS,UNDER_30_USERS,UNDER_30_USERS
evaluation,30,30_99,10_49,ALS,20,0.7370888890003255,20,,,0.6840996474142866,20,,,0.6183176701102615,18,,,1.0,20,,,427,610,767,UNDER_30_USERS,UNDER_30_USERS,UNDER_30_USERS,UNDER_30_USERS,UNDER_30_USERS
evaluation,30,30_99,10_49,FM,20,0.6712811258034277,20,,,0.6418467200836897,20,,,0.6531906746664827,18,,,1.0,20,,,427,610,767,UNDER_30_USERS,UNDER_30_USERS,UNDER_30_USERS,UNDER_30_USERS,UNDER_30_USERS
evaluation,30,30_99,10_49,ALS_FM,20,0.6523343905940284,20,,,0.6381811651106493,20,,,0.6754279332688055,18,,,1.0,20,,,427,610,767,UNDER_30_USERS,UNDER_30_USERS,UNDER_30_USERS,UNDER_30_USERS,UNDER_30_USERS
evaluation,30,30_99,10_49,RIDGE,20,0.733873710784563,20,,,0.6932083352562944,20,,,0.6604161832433707,18,,,1.0,20,,,427,610,767,UNDER_30_USERS,UNDER_30_USERS,UNDER_30_USERS,UNDER_30_USERS,UNDER_30_USERS
evaluation,30,30_99,10_49,GBT,20,0.6174505487862915,20,,,0.625719987845677,20,,,0.6527826693894866,18,,,1.0,20,,,427,610,767,UNDER_30_USERS,UNDER_30_USERS,UNDER_30_USERS,UNDER_30_USERS,UNDER_30_USERS
evaluation,30,30_99,50_PLUS,ALS,24,0.6658495301123902,24,,,0.6409513338278584,24,,,0.6643393709310661,24,,,1.0,24,,,432,931,1238,UNDER_30_USERS,UNDER_30_USERS,UNDER_30_USERS,UNDER_30_USERS,UNDER_30_USERS
evaluation,30,30_99,50_PLUS,FM,24,0.6402049119747405,24,,,0.6086314161744072,24,,,0.6600813338001561,24,,,1.0,24,,,432,931,1238,UNDER_30_USERS,UNDER_30_USERS,UNDER_30_USERS,UNDER_30_USERS,UNDER_30_USERS
evaluation,30,30_99,50_PLUS,ALS_FM,24,0.6218163081090514,24,,,0.6055725657512706,24,,,0.6786923993627442,24,,,1.0,24,,,432,931,1238,UNDER_30_USERS,UNDER_30_USERS,UNDER_30_USERS,UNDER_30_USERS,UNDER_30_USERS
evaluation,30,30_99,50_PLUS,RIDGE,24,0.7412596343416626,24,,,0.6929016952915169,24,,,0.6234929612504639,24,,,1.0,24,,,432,931,1238,UNDER_30_USERS,UNDER_30_USERS,UNDER_30_USERS,UNDER_30_USERS,UNDER_30_USERS
evaluation,30,30_99,50_PLUS,GBT,24,0.6874749253372386,24,,,0.650048639399235,24,,,0.6239075203539002,24,,,1.0,24,,,432,931,1238,UNDER_30_USERS,UNDER_30_USERS,UNDER_30_USERS,UNDER_30_USERS,UNDER_30_USERS
evaluation,30,100_299,ALL,ALS,89,1.1752812680592946,89,0.9175826409581279,1.5160731667323382,0.7960218970736639,89,0.7224666395883491,0.8836668044722781,0.536577376719581,85,0.5139197840761313,0.5577666363814746,0.6177701692176685,89,0.5803517914733157,0.6550336994129337,4821,10366,17306,DESCRIPTIVE_ONLY,DESCRIPTIVE_ONLY,DESCRIPTIVE_ONLY,DESCRIPTIVE_ONLY,DESCRIPTIVE_ONLY
evaluation,30,100_299,ALL,FM,89,1.1414953560979182,89,0.9366010848696141,1.3602917126615923,0.8197047768933633,89,0.7489461300204749,0.9021620711198004,0.5383335223151259,85,0.5072644776100174,0.5669646763968527,0.6177701692176685,89,0.5806438277629271,0.6537983266983832,4821,10366,17306,DESCRIPTIVE_ONLY,DESCRIPTIVE_ONLY,DESCRIPTIVE_ONLY,DESCRIPTIVE_ONLY,DESCRIPTIVE_ONLY
evaluation,30,100_299,ALL,ALS_FM,89,1.1047129547652883,89,0.9089782231954123,1.3348055088894326,0.804676657276228,89,0.7332930271906966,0.8866293181380379,0.5457517231093654,85,0.5153147021207976,0.5719095643334762,0.6177701692176685,89,0.5824309044590793,0.6555056013791849,4821,10366,17306,DESCRIPTIVE_ONLY,DESCRIPTIVE_ONLY,DESCRIPTIVE_ONLY,DESCRIPTIVE_ONLY,DESCRIPTIVE_ONLY
evaluation,30,100_299,ALL,RIDGE,89,1.190854007311282,89,0.954898220723968,1.4728871395130623,0.8293814613730076,89,0.74790625319544,0.9208112034461591,0.5517835012478136,85,0.5223667762052346,0.5812347681053228,0.6177701692176685,89,0.5825833721817446,0.6557247242920414,4821,10366,17306,DESCRIPTIVE_ONLY,DESCRIPTIVE_ONLY,DESCRIPTIVE_ONLY,DESCRIPTIVE_ONLY,DESCRIPTIVE_ONLY
evaluation,30,100_299,ALL,GBT,89,1.081337716872055,89,0.8636504633843166,1.3349806558597734,0.7766709777090297,89,0.6989477800538769,0.8594343847262205,0.5516345770747927,85,0.5308325765375639,0.5727067343546682,0.6177701692176685,89,0.5815592720609433,0.6515891348797909,4821,10366,17306,DESCRIPTIVE_ONLY,DESCRIPTIVE_ONLY,DESCRIPTIVE_ONLY,DESCRIPTIVE_ONLY,DESCRIPTIVE_ONLY
evaluation,30,100_299,0,ALS,86,1.0486354685410968,86,0.7969182316661306,1.3850832301316616,0.7568395522500214,86,0.6723184728160745,0.8466018610215493,0.5,78,0.5,0.5,0.0,86,0.0,0.0,2529,4414,7173,DESCRIPTIVE_ONLY,DESCRIPTIVE_ONLY,DESCRIPTIVE_ONLY,DESCRIPTIVE_ONLY,DESCRIPTIVE_ONLY
evaluation,30,100_299,0,FM,86,1.1177710083209749,86,0.9153377682524522,1.34018344851947,0.8272202523928062,86,0.7523924044158234,0.9111334190413596,0.5651290607304151,78,0.5222187781110754,0.606847492729661,0.0,86,0.0,0.0,2529,4414,7173,DESCRIPTIVE_ONLY,DESCRIPTIVE_ONLY,DESCRIPTIVE_ONLY,DESCRIPTIVE_ONLY,DESCRIPTIVE_ONLY
evaluation,30,100_299,0,ALS_FM,86,1.1177710083209749,86,0.916875808710113,1.3505986771194223,0.8272202523928062,86,0.7531881016500765,0.9045828208904737,0.5651290607304151,78,0.5238610971968287,0.6102334571981851,0.0,86,0.0,0.0,2529,4414,7173,DESCRIPTIVE_ONLY,DESCRIPTIVE_ONLY,DESCRIPTIVE_ONLY,DESCRIPTIVE_ONLY,DESCRIPTIVE_ONLY
evaluation,30,100_299,0,RIDGE,86,1.1143858120937151,86,0.8645178808670904,1.3853326104313763,0.8038944380892736,86,0.721075092171838,0.8960813939609156,0.5483606004826954,78,0.5005973945071792,0.5938183658612872,0.0,86,0.0,0.0,2529,4414,7173,DESCRIPTIVE_ONLY,DESCRIPTIVE_ONLY,DESCRIPTIVE_ONLY,DESCRIPTIVE_ONLY,DESCRIPTIVE_ONLY
evaluation,30,100_299,0,GBT,86,1.0282133829977549,86,0.8181386632146129,1.2691650568654915,0.7698232302577587,86,0.6893962717673823,0.8524251009987186,0.53618616270324,78,0.49183653897623714,0.5788033883665009,0.0,86,0.0,0.0,2529,4414,7173,DESCRIPTIVE_ONLY,DESCRIPTIVE_ONLY,DESCRIPTIVE_ONLY,DESCRIPTIVE_ONLY,DESCRIPTIVE_ONLY
evaluation,30,100_299,1_9,ALS,78,1.6426767831973978,78,1.2591644285487353,2.1222745010533854,0.9932799317319296,78,0.8775413290075184,1.1129470132647457,0.5727766924480774,61,0.5195342105538424,0.6289539465092473,1.0,78,1.0,1.0,1275,1914,2844,DESCRIPTIVE_ONLY,DESCRIPTIVE_ONLY,DESCRIPTIVE_ONLY,DESCRIPTIVE_ONLY,DESCRIPTIVE_ONLY
evaluation,30,100_299,1_9,FM,78,1.0827511461534023,78,0.8517187782135087,1.3523143154529345,0.7873032941899726,78,0.6911462172516464,0.8948674921728875,0.527322768096698,61,0.463865073805534,0.5833230371626178,1.0,78,1.0,1.0,1275,1914,2844,DESCRIPTIVE_ONLY,DESCRIPTIVE_ONLY,DESCRIPTIVE_ONLY,DESCRIPTIVE_ONLY,DESCRIPTIVE_ONLY
evaluation,30,100_299,1_9,ALS_FM,78,1.0677328571680291,78,0.8345475954888721,1.3469993261659299,0.7919203618880081,78,0.7053229749247083,0.8916802698237848,0.5344900446176275,61,0.4727466732428341,0.5999028938068639,1.0,78,1.0,1.0,1275,1914,2844,DESCRIPTIVE_ONLY,DESCRIPTIVE_ONLY,DESCRIPTIVE_ONLY,DESCRIPTIVE_ONLY,DESCRIPTIVE_ONLY
evaluation,30,100_299,1_9,RIDGE,78,1.056260189676706,78,0.7810536192652675,1.428524848062106,0.7639617140228167,78,0.665857076236106,0.8821788173930807,0.5356845261214414,61,0.47260160042979965,0.5946763209389285,1.0,78,1.0,1.0,1275,1914,2844,DESCRIPTIVE_ONLY,DESCRIPTIVE_ONLY,DESCRIPTIVE_ONLY,DESCRIPTIVE_ONLY,DESCRIPTIVE_ONLY
evaluation,30,100_299,1_9,GBT,78,0.9937513220305789,78,0.7417664981745089,1.3263574427474307,0.7329719805353427,78,0.6305978749418933,0.8412683027952722,0.5420581395041051,61,0.4794744816470896,0.6042126655525711,1.0,78,1.0,1.0,1275,1914,2844,DESCRIPTIVE_ONLY,DESCRIPTIVE_ONLY,DESCRIPTIVE_ONLY,DESCRIPTIVE_ONLY,DESCRIPTIVE_ONLY
evaluation,30,100_299,10_49,ALS,78,1.2196387799955937,78,0.8524987948699467,1.748034311831311,0.8162894228081602,78,0.7153411379552481,0.9387323244134296,0.5948543772332076,66,0.5423378411768115,0.6433525253366745,1.0,78,1.0,1.0,841,1944,2936,DESCRIPTIVE_ONLY,DESCRIPTIVE_ONLY,DESCRIPTIVE_ONLY,DESCRIPTIVE_ONLY,DESCRIPTIVE_ONLY
evaluation,30,100_299,10_49,FM,78,1.1962987726187837,78,0.8928924324190889,1.5661799466220365,0.8314970332789358,78,0.7220701536766917,0.9454314781256178,0.5660905803029236,66,0.5131060181867425,0.6215355422918696,1.0,78,1.0,1.0,841,1944,2936,DESCRIPTIVE_ONLY,DESCRIPTIVE_ONLY,DESCRIPTIVE_ONLY,DESCRIPTIVE_ONLY,DESCRIPTIVE_ONLY
evaluation,30,100_299,10_49,ALS_FM,78,1.1244939253900734,78,0.8207710185388282,1.5185296916462925,0.8023416503248711,78,0.6967704415015308,0.9210299756615545,0.5968118205541153,66,0.545033673757159,0.6528987863569193,1.0,78,1.0,1.0,841,1944,2936,DESCRIPTIVE_ONLY,DESCRIPTIVE_ONLY,DESCRIPTIVE_ONLY,DESCRIPTIVE_ONLY,DESCRIPTIVE_ONLY
evaluation,30,100_299,10_49,RIDGE,78,1.2873794460160566,78,0.9541429646390134,1.6747574012819293,0.8653019063928886,78,0.7599795369299567,0.9823885701799154,0.6009257437148277,66,0.548117140538465,0.6553950225263143,1.0,78,1.0,1.0,841,1944,2936,DESCRIPTIVE_ONLY,DESCRIPTIVE_ONLY,DESCRIPTIVE_ONLY,DESCRIPTIVE_ONLY,DESCRIPTIVE_ONLY
evaluation,30,100_299,10_49,GBT,78,1.1234142888965573,78,0.8276037660117276,1.4921869483501422,0.7956734759359966,78,0.6882085021581507,0.9208323072870223,0.5957977759529778,66,0.5389834801577461,0.650302486553243,1.0,78,1.0,1.0,841,1944,2936,DESCRIPTIVE_ONLY,DESCRIPTIVE_ONLY,DESCRIPTIVE_ONLY,DESCRIPTIVE_ONLY,DESCRIPTIVE_ONLY
evaluation,30,100_299,50_PLUS,ALS,84,1.1092385922398524,84,0.7423111153615479,1.6066546102731611,0.7276596132402068,84,0.6269293576726414,0.8409445682082927,0.583906877455949,73,0.539798363416874,0.624618814909089,1.0,84,1.0,1.0,712,2786,4353,DESCRIPTIVE_ONLY,DESCRIPTIVE_ONLY,DESCRIPTIVE_ONLY,DESCRIPTIVE_ONLY,DESCRIPTIVE_ONLY
evaluation,30,100_299,50_PLUS,FM,84,1.0738443526483745,84,0.858154007276189,1.3261046301477333,0.7747823805838303,84,0.6885859920029238,0.8661268777218422,0.5414720760295499,73,0.4980227765630933,0.5818754603215395,1.0,84,1.0,1.0,712,2786,4353,DESCRIPTIVE_ONLY,DESCRIPTIVE_ONLY,DESCRIPTIVE_ONLY,DESCRIPTIVE_ONLY,DESCRIPTIVE_ONLY
evaluation,30,100_299,50_PLUS,ALS_FM,84,1.0201760689735,84,0.7723973283864067,1.305376898835906,0.7440539827552621,84,0.6512169488558224,0.8445223071883384,0.5688325166082318,73,0.5227447847886896,0.6140328420589659,1.0,84,1.0,1.0,712,2786,4353,DESCRIPTIVE_ONLY,DESCRIPTIVE_ONLY,DESCRIPTIVE_ONLY,DESCRIPTIVE_ONLY,DESCRIPTIVE_ONLY
evaluation,30,100_299,50_PLUS,RIDGE,84,1.1131327856828317,84,0.8815220473260753,1.3655501613375194,0.8026013909780765,84,0.7118584273318819,0.8925412450730663,0.5416122983516556,73,0.49745535142940983,0.5846732131523983,1.0,84,1.0,1.0,712,2786,4353,DESCRIPTIVE_ONLY,DESCRIPTIVE_ONLY,DESCRIPTIVE_ONLY,DESCRIPTIVE_ONLY,DESCRIPTIVE_ONLY
evaluation,30,100_299,50_PLUS,GBT,84,1.0113989136415606,84,0.7782553465618239,1.267219779597027,0.7431216063123128,84,0.6530904503588474,0.8354905616885276,0.5763310672877405,73,0.5337663516574399,0.6182170946561,1.0,84,1.0,1.0,712,2786,4353,DESCRIPTIVE_ONLY,DESCRIPTIVE_ONLY,DESCRIPTIVE_ONLY,DESCRIPTIVE_ONLY,DESCRIPTIVE_ONLY
evaluation,30,300_PLUS,ALL,ALS,187,0.9103387827006828,187,0.8065444939826458,1.043334147400317,0.7289054374696514,187,0.6891690106247333,0.7718226225288347,0.547058360985099,185,0.5309792842192682,0.5624390447167512,0.46870508086557156,187,0.43841037876537053,0.498248227411354,13220,35174,60965,DESCRIPTIVE_ONLY,DESCRIPTIVE_ONLY,DESCRIPTIVE_ONLY,DESCRIPTIVE_ONLY,DESCRIPTIVE_ONLY
evaluation,30,300_PLUS,ALL,FM,187,0.8647442111955641,187,0.7712219756703614,0.9772038964315855,0.7174078325597436,187,0.6810958232359031,0.7564122529137496,0.5726689118056231,185,0.5520592543683664,0.5920699153287019,0.46870508086557156,187,0.4400224285563099,0.4992414544270179,13220,35174,60965,DESCRIPTIVE_ONLY,DESCRIPTIVE_ONLY,DESCRIPTIVE_ONLY,DESCRIPTIVE_ONLY,DESCRIPTIVE_ONLY
evaluation,30,300_PLUS,ALL,ALS_FM,187,0.8351574190826064,187,0.7423700148460646,0.9412323074057988,0.7064886552571975,187,0.6729412524318371,0.744919782110142,0.5791889895651797,185,0.558387681915847,0.5980082858068075,0.46870508086557156,187,0.4388713896006533,0.49739679806727394,13220,35174,60965,DESCRIPTIVE_ONLY,DESCRIPTIVE_ONLY,DESCRIPTIVE_ONLY,DESCRIPTIVE_ONLY,DESCRIPTIVE_ONLY
evaluation,30,300_PLUS,ALL,RIDGE,187,0.9605640403303003,187,0.8424476630890255,1.100287883202372,0.7512424690767132,187,0.7095052016693347,0.7993212109351334,0.5811689742974083,185,0.5620574803921841,0.6011699790676021,0.46870508086557156,187,0.43821572871643155,0.4973239527080176,13220,35174,60965,DESCRIPTIVE_ONLY,DESCRIPTIVE_ONLY,DESCRIPTIVE_ONLY,DESCRIPTIVE_ONLY,DESCRIPTIVE_ONLY
evaluation,30,300_PLUS,ALL,GBT,187,0.8389830082835754,187,0.7344557372321733,0.9698740848075952,0.6947420684188,187,0.6553439356847435,0.7368063789739766,0.5692971445140401,185,0.5506822760812762,0.587710650542639,0.46870508086557156,187,0.43785457030276215,0.49978483317887495,13220,35174,60965,DESCRIPTIVE_ONLY,DESCRIPTIVE_ONLY,DESCRIPTIVE_ONLY,DESCRIPTIVE_ONLY,DESCRIPTIVE_ONLY
evaluation,30,300_PLUS,0,ALS,184,0.8531718339107183,184,0.7322722789909456,1.007013415304944,0.7061293160201877,184,0.6590285025996112,0.7559853728200839,0.5,178,0.5,0.5,0.0,184,0.0,0.0,9391,21500,36844,DESCRIPTIVE_ONLY,DESCRIPTIVE_ONLY,DESCRIPTIVE_ONLY,DESCRIPTIVE_ONLY,DESCRIPTIVE_ONLY
evaluation,30,300_PLUS,0,FM,184,0.9314319454637242,184,0.8206760400619226,1.060917593456224,0.7528436121493931,184,0.7121210584445281,0.7946527936936857,0.5626609112301133,178,0.5405377741211188,0.5839103981360668,0.0,184,0.0,0.0,9391,21500,36844,DESCRIPTIVE_ONLY,DESCRIPTIVE_ONLY,DESCRIPTIVE_ONLY,DESCRIPTIVE_ONLY,DESCRIPTIVE_ONLY
evaluation,30,300_PLUS,0,ALS_FM,184,0.9314319454637242,184,0.8207466463946459,1.058419788600999,0.7528436121493931,184,0.7112421105850237,0.7950294302849129,0.5626609112301133,178,0.539444399072569,0.5842251165226152,0.0,184,0.0,0.0,9391,21500,36844,DESCRIPTIVE_ONLY,DESCRIPTIVE_ONLY,DESCRIPTIVE_ONLY,DESCRIPTIVE_ONLY,DESCRIPTIVE_ONLY
evaluation,30,300_PLUS,0,RIDGE,184,0.9835055533986364,184,0.8507962713585333,1.137823100356568,0.7623516668272934,184,0.7154571218777189,0.8097258705800509,0.5755377902597488,178,0.5560729287425714,0.5933432353186758,0.0,184,0.0,0.0,9391,21500,36844,DESCRIPTIVE_ONLY,DESCRIPTIVE_ONLY,DESCRIPTIVE_ONLY,DESCRIPTIVE_ONLY,DESCRIPTIVE_ONLY
evaluation,30,300_PLUS,0,GBT,184,0.8714058083536631,184,0.7572093469728765,1.0157276648590594,0.7132896351267416,184,0.6682916533041453,0.760677911856068,0.5665486910338702,178,0.5481751089925394,0.5839122502003271,0.0,184,0.0,0.0,9391,21500,36844,DESCRIPTIVE_ONLY,DESCRIPTIVE_ONLY,DESCRIPTIVE_ONLY,DESCRIPTIVE_ONLY,DESCRIPTIVE_ONLY
evaluation,30,300_PLUS,1_9,ALS,168,1.2345838457211997,168,1.1153730533553528,1.3654077351187222,0.8619412740610806,168,0.8167060509852608,0.9087245334610783,0.5625896339169154,150,0.5317732418093315,0.5903783038096115,1.0,168,1.0,1.0,3126,7023,10143,DESCRIPTIVE_ONLY,DESCRIPTIVE_ONLY,DESCRIPTIVE_ONLY,DESCRIPTIVE_ONLY,DESCRIPTIVE_ONLY
evaluation,30,300_PLUS,1_9,FM,168,0.8634446590003774,168,0.759489342422697,0.9947286927828086,0.719367078421668,168,0.6735971035664281,0.7678047163898712,0.558436259267166,150,0.5289529535015254,0.5869005608064856,1.0,168,1.0,1.0,3126,7023,10143,DESCRIPTIVE_ONLY,DESCRIPTIVE_ONLY,DESCRIPTIVE_ONLY,DESCRIPTIVE_ONLY,DESCRIPTIVE_ONLY
evaluation,30,300_PLUS,1_9,ALS_FM,168,0.799437409818034,168,0.7036019935523457,0.9160289895270783,0.6981970768423962,168,0.6570539602959404,0.7453812238046383,0.5853968352480359,150,0.5563266058070471,0.6138957226347947,1.0,168,1.0,1.0,3126,7023,10143,DESCRIPTIVE_ONLY,DESCRIPTIVE_ONLY,DESCRIPTIVE_ONLY,DESCRIPTIVE_ONLY,DESCRIPTIVE_ONLY
evaluation,30,300_PLUS,1_9,RIDGE,168,0.9667563659243402,168,0.8195350331311726,1.1352805868550961,0.7433953623468998,168,0.6882294787092876,0.8004191185042399,0.5943880496043731,150,0.5657328178190106,0.6209994308770493,1.0,168,1.0,1.0,3126,7023,10143,DESCRIPTIVE_ONLY,DESCRIPTIVE_ONLY,DESCRIPTIVE_ONLY,DESCRIPTIVE_ONLY,DESCRIPTIVE_ONLY
evaluation,30,300_PLUS,1_9,GBT,168,0.8151060350690412,168,0.6954043223480404,0.9532063268987054,0.6762886336462217,168,0.6291236619737449,0.7285111863444401,0.578523978250075,150,0.5498024566452139,0.6068559424272056,1.0,168,1.0,1.0,3126,7023,10143,DESCRIPTIVE_ONLY,DESCRIPTIVE_ONLY,DESCRIPTIVE_ONLY,DESCRIPTIVE_ONLY,DESCRIPTIVE_ONLY
evaluation,30,300_PLUS,10_49,ALS,173,0.7690545835244281,173,0.6683886593664672,0.8876587821658067,0.6718217222355148,173,0.6265185913739517,0.7193195374687555,0.6337893998577446,160,0.6043985521556667,0.6620989492152368,1.0,173,1.0,1.0,1390,4841,7405,DESCRIPTIVE_ONLY,DESCRIPTIVE_ONLY,DESCRIPTIVE_ONLY,DESCRIPTIVE_ONLY,DESCRIPTIVE_ONLY
evaluation,30,300_PLUS,10_49,FM,173,0.7768974848369875,173,0.6753691629957227,0.8979388741508056,0.6650981380586043,173,0.621396405218833,0.7127408921393934,0.6057551517593257,160,0.5743958138170403,0.6351029767153192,1.0,173,1.0,1.0,1390,4841,7405,DESCRIPTIVE_ONLY,DESCRIPTIVE_ONLY,DESCRIPTIVE_ONLY,DESCRIPTIVE_ONLY,DESCRIPTIVE_ONLY
evaluation,30,300_PLUS,10_49,ALS_FM,173,0.6960454803134147,173,0.6013384189077676,0.7940059264114001,0.6282687588932753,173,0.5853254265105885,0.6731517903726608,0.6346275359406219,160,0.6038689588698573,0.6659304339267919,1.0,173,1.0,1.0,1390,4841,7405,DESCRIPTIVE_ONLY,DESCRIPTIVE_ONLY,DESCRIPTIVE_ONLY,DESCRIPTIVE_ONLY,DESCRIPTIVE_ONLY
evaluation,30,300_PLUS,10_49,RIDGE,173,0.9253117931063066,173,0.805051286118543,1.0723276847986078,0.738435053149309,173,0.6892863391558132,0.7899097637497652,0.6016830596119211,160,0.5677789402479251,0.634100361484356,1.0,173,1.0,1.0,1390,4841,7405,DESCRIPTIVE_ONLY,DESCRIPTIVE_ONLY,DESCRIPTIVE_ONLY,DESCRIPTIVE_ONLY,DESCRIPTIVE_ONLY
evaluation,30,300_PLUS,10_49,GBT,173,0.7596536270575522,173,0.6575163517832805,0.8662576539560369,0.659868576399831,173,0.6161185613732851,0.7028487866052134,0.6086326101329484,160,0.5823824817915831,0.635540981846219,1.0,173,1.0,1.0,1390,4841,7405,DESCRIPTIVE_ONLY,DESCRIPTIVE_ONLY,DESCRIPTIVE_ONLY,DESCRIPTIVE_ONLY,DESCRIPTIVE_ONLY
evaluation,30,300_PLUS,50_PLUS,ALS,176,0.7428689309375375,176,0.660492045636505,0.8295473294768955,0.6704595221704522,176,0.6256895208330117,0.7127644997976854,0.6094746785097567,154,0.5785426794520571,0.6402376287446335,1.0,176,1.0,1.0,837,4123,6573,DESCRIPTIVE_ONLY,DESCRIPTIVE_ONLY,DESCRIPTIVE_ONLY,DESCRIPTIVE_ONLY,DESCRIPTIVE_ONLY
evaluation,30,300_PLUS,50_PLUS,FM,176,0.7267282919386391,176,0.6366644962488405,0.8279569366562619,0.6501700963747802,176,0.6060044532288591,0.6947500566588273,0.5931331669698087,154,0.5617365800249668,0.6250239185287632,1.0,176,1.0,1.0,837,4123,6573,DESCRIPTIVE_ONLY,DESCRIPTIVE_ONLY,DESCRIPTIVE_ONLY,DESCRIPTIVE_ONLY,DESCRIPTIVE_ONLY
evaluation,30,300_PLUS,50_PLUS,ALS_FM,176,0.6704763631084307,176,0.5881246238107461,0.7504533112038236,0.6255171824055826,176,0.5834828284864764,0.667563318582668,0.6083548847473983,154,0.5761116195671596,0.6404236758497053,1.0,176,1.0,1.0,837,4123,6573,DESCRIPTIVE_ONLY,DESCRIPTIVE_ONLY,DESCRIPTIVE_ONLY,DESCRIPTIVE_ONLY,DESCRIPTIVE_ONLY
evaluation,30,300_PLUS,50_PLUS,RIDGE,176,0.8142089162101755,176,0.7063791845934752,0.9494608458756044,0.6971418912246541,176,0.6483477694164642,0.7499609903908899,0.5662945271317474,154,0.5342142783096125,0.5962644380111458,1.0,176,1.0,1.0,837,4123,6573,DESCRIPTIVE_ONLY,DESCRIPTIVE_ONLY,DESCRIPTIVE_ONLY,DESCRIPTIVE_ONLY,DESCRIPTIVE_ONLY
evaluation,30,300_PLUS,50_PLUS,GBT,176,0.7111242469627785,176,0.6247832492847782,0.8048970388028509,0.6443126151844013,176,0.5985937214058803,0.690976036592353,0.5619628193372499,154,0.529891830697538,0.592179046799242,1.0,176,1.0,1.0,837,4123,6573,DESCRIPTIVE_ONLY,DESCRIPTIVE_ONLY,DESCRIPTIVE_ONLY,DESCRIPTIVE_ONLY,DESCRIPTIVE_ONLY
